row,col,val,type
0,10983,1.0,1
0,13952,0.2382959999999999,1
1,10983,1.0,1
1,13952,0.2337719999999999,1
2,10983,1.0,1
2,13952,0.228774,1
3,8450,1.0,1
3,10949,0.1327312,1
3,12411,0.1327312,1
3,13575,0.033957950208,1
4,8450,1.0,1
4,10949,0.1357336,1
4,12411,0.1357336,1
4,13575,0.034726084,1
5,8450,1.0,1
5,10949,0.1327312,1
5,12411,0.1327312,1
5,13575,0.033957950208,1
6,8450,0.1357336,1
6,10949,1.0,1
6,12411,1.0,1
6,13575,0.25584,1
7,10616,1.0,1
8,9383,0.021042239136,1
8,9453,0.270156,1
8,10803,0.0567168,1
8,12507,0.016846024,1
8,13074,0.015303039,1
8,15083,0.466782,1
9,9801,0.053712,1
9,11851,0.208752,1
10,8399,1.0,1
11,8399,1.0,1
12,7689,0.0207593992704,1
12,8399,1.0,1
12,9255,0.0010740412416,1
13,7689,0.0274393662144,1
13,8399,1.0,1
13,9255,0.0014196466176,1
14,7689,0.0210848139936,1
14,8399,1.0,1
14,9255,0.0010908774144,1
15,8399,1.0,1
16,7689,0.0218268206016,1
16,8399,1.0,1
16,9255,0.0011292670464,1
17,7689,0.0222457014528,1
17,8399,1.0,1
17,9255,0.0011509389312,1
18,7689,0.0220461798816,1
18,8399,1.0,1
18,9255,0.0011406161664,1
19,7689,0.0212458046304,1
19,8399,1.0,1
19,9255,0.0010992066816,1
20,7689,0.0212458046304,1
20,8399,1.0,1
20,9255,0.0010992066816,1
21,7689,0.0212458046304,1
21,8399,1.0,1
21,9255,0.0010992066816,1
22,7689,0.0212458046304,1
22,8399,1.0,1
22,9255,0.0010992066816,1
23,7689,0.0211477605696,1
23,8399,1.0,1
23,9255,0.0010941341184,1
24,7689,0.0211794246048,1
24,8399,1.0,1
24,9255,0.0010957723392,1
25,7689,0.0213537675456,1
25,8399,1.0,1
25,9255,0.0011047924224,1
26,7689,0.0210180524736,1
26,8399,1.0,1
26,9255,0.0010874233344,1
27,7689,0.021699401,1
27,8399,1.0,1
27,9255,0.001122674688,1
28,8399,1.0,1
29,7689,0.0215998314336,1
29,8399,1.0,1
29,9255,0.0011175231744,1
30,7689,0.021699401,1
30,8399,1.0,1
30,9255,0.001122674688,1
31,7689,0.0216913900896,1
31,8399,1.0,1
31,9255,0.0011222601984,1
32,8399,1.0,1
33,8399,1.0,1
34,10404,1.0,1
35,10404,1.0,1
36,10404,1.0,1
37,12173,0.0094657254384,1
38,12173,0.0093480185568,1
39,7172,0.0487488,1
40,7172,0.0481016,1
41,7172,0.0486816,1
42,10283,1.0,1
42,14384,0.3386575,1
43,10283,1.0,1
43,14384,0.221675,1
44,10283,1.0,1
44,14384,0.207685,1
45,10214,0.307692,1
46,8111,0.0494656,1
46,8192,0.0888239999999999,1
46,13703,0.016638002,1
46,14942,0.0043284378623999,1
47,7164,0.4128325,1
47,10063,0.433674,1
48,9570,0.2086396273104,1
48,15358,0.595278,1
48,15546,0.529356,1
49,9570,0.459294,1
49,15358,1.0,1
49,15546,0.3181374999999999,1
50,9570,0.3063443213424,1
50,15358,0.6669896,1
50,15546,0.2253455787456,1
51,7495,0.0450096,1
51,9707,0.35067,1
51,10298,0.0157222133567999,1
51,11048,0.282798,1
51,11727,0.0033695086752,1
51,11736,0.0057854439648,1
51,12169,0.01757985,1
51,12897,0.0073490774687999,1
51,15366,0.387805,1
52,9665,0.017699711,1
52,9735,0.15918,1
52,14570,0.5093880000000001,1
53,9665,0.325482,1
53,9735,0.555408,1
53,14570,0.328452,1
54,10210,1.0,1
54,10574,0.0241894290624,1
54,14562,0.0497056,1
55,11414,1.0,1
56,7822,1.0,1
57,7832,0.060960222288,1
57,8012,0.0115045231536,1
57,8891,0.1140168,1
57,9803,0.0523733890464,1
57,11545,0.544308,1
58,7687,1.0,1
59,7687,1.0,1
59,9105,0.01367637,1
59,9162,0.0461416,1
59,9252,0.044992,1
59,10717,0.0142583080992,1
59,11759,0.0225039965856,1
59,14083,0.0043396174799999,1
59,14409,0.005475166,1
59,14671,0.0177208660464,1
60,7687,1.0,1
60,9105,0.0133628976,1
60,9162,0.045084,1
60,9252,0.0449368,1
60,10717,0.013931497008,1
60,11759,0.021988188,1
60,14083,0.0042401501999999,1
60,14409,0.0054684490656,1
60,14671,0.017314690536,1
61,7169,0.0416056,1
61,7687,1.0,1
61,9049,0.0492264,1
61,9105,0.0267968795519999,1
61,9162,0.0696976,1
61,9199,0.0204851725488,1
61,9252,0.0793984,1
61,10717,0.0215373947712,1
61,11719,0.017337469576,1
61,11759,0.0339926346816,1
61,11964,0.0048518786495999,1
61,12123,0.0046737746111999,1
61,14083,0.0223871070048,1
61,14409,0.0096621500928,1
61,14671,0.0267676420704,1
61,14921,0.0269806944816,1
61,15446,0.0232473786335999,1
62,7687,1.0,1
62,9105,0.0133628976,1
62,9162,0.045084,1
62,9252,0.0453424,1
62,10717,0.013931497008,1
62,11759,0.021988188,1
62,14083,0.0042401501999999,1
62,14409,0.0055178073408,1
62,14671,0.017314690536,1
63,7169,0.043936,1
63,7687,1.0,1
63,9049,0.0507008,1
63,9105,0.0275829623039999,1
63,9162,0.0710584,1
63,9199,0.0210987323136,1
63,9252,0.0814064,1
63,10717,0.0219578983008,1
63,11719,0.018308571,1
63,11759,0.0346563186144,1
63,11964,0.005123641,1
63,12123,0.0048108791423999,1
63,14083,0.0230438296896,1
63,14409,0.0099065076288,1
63,14671,0.0272902627535999,1
63,14921,0.0277888042752,1
63,15446,0.0245495036159999,1
64,7687,1.0,1
64,9105,0.013402497,1
64,9162,0.0452176,1
64,9252,0.0452056,1
64,10717,0.0139727810112,1
64,11759,0.0220533470016,1
64,14083,0.0042527152799999,1
64,14409,0.0055011598752,1
64,14671,0.0173660001504,1
65,7687,1.0,1
66,7687,1.0,1
66,9105,0.01325453376,1
66,9162,0.0447184,1
66,9252,0.0442624,1
66,10717,0.0138185222208,1
66,11759,0.0218098791744,1
66,14083,0.0042057655199999,1
66,14409,0.0053863799808,1
66,14671,0.0171742803936,1
67,7169,0.0444808,1
67,7687,1.0,1
67,9049,0.0514416,1
67,9105,0.02809502,1
67,9162,0.0709784,1
67,9199,0.0214070103072,1
67,9252,0.0820672,1
67,10717,0.0219331773408,1
67,11719,0.018535594168,1
67,11759,0.0346173013344,1
67,11964,0.0051871729728,1
67,12123,0.0049001896032,1
67,14083,0.0234716215728,1
67,14409,0.0099869217024,1
67,14671,0.0272595384336,1
67,14921,0.0281948323104,1
67,15446,0.0248539138847999,1
68,7169,0.0444808,1
68,7687,1.0,1
68,9049,0.0514416,1
68,9105,0.02809502,1
68,9162,0.0709784,1
68,9199,0.0214070103072,1
68,9252,0.0820664,1
68,10717,0.0219331773408,1
68,11719,0.018535594168,1
68,11759,0.0346173013344,1
68,11964,0.0051871729728,1
68,12123,0.0049001896032,1
68,14083,0.0234716215728,1
68,14409,0.0099868243488,1
68,14671,0.0272595384336,1
68,14921,0.0281948323104,1
68,15446,0.0248539138847999,1
69,7169,0.0444808,1
69,7687,1.0,1
69,9049,0.0514416,1
69,9105,0.02809502,1
69,9162,0.0709784,1
69,9199,0.0214070103072,1
69,9252,0.0820664,1
69,10717,0.0219331773408,1
69,11719,0.018535594168,1
69,11759,0.0346173013344,1
69,11964,0.0051871729728,1
69,12123,0.0049001896032,1
69,14083,0.0234716215728,1
69,14409,0.0099868243488,1
69,14671,0.0272595384336,1
69,14921,0.0281948323104,1
69,15446,0.0248539138847999,1
70,7687,1.0,1
70,9105,0.013349856,1
70,9162,0.04504,1
70,9252,0.0449864,1
70,10717,0.01391790048,1
70,11759,0.02196672864,1
70,14083,0.0042360119999999,1
70,14409,0.0054744849888,1
70,14671,0.01729779216,1
71,7169,0.0444808,1
71,7687,1.0,1
71,9049,0.0514416,1
71,9105,0.02809502,1
71,9162,0.0709784,1
71,9199,0.0214070103072,1
71,9252,0.0820672,1
71,10717,0.0219331773408,1
71,11719,0.018535594168,1
71,11759,0.0346173013344,1
71,11964,0.0051871729728,1
71,12123,0.0049001896032,1
71,14083,0.0234716215728,1
71,14409,0.0099869217024,1
71,14671,0.0272595384336,1
71,14921,0.0281948323104,1
71,15446,0.0248539138847999,1
72,7169,0.0444808,1
72,7687,1.0,1
72,9049,0.0514416,1
72,9105,0.02809502,1
72,9162,0.0709784,1
72,9199,0.0214070103072,1
72,9252,0.0820664,1
72,10717,0.0219331773408,1
72,11719,0.018535594168,1
72,11759,0.0346173013344,1
72,11964,0.0051871729728,1
72,12123,0.0049001896032,1
72,14083,0.0234716215728,1
72,14409,0.0099868243488,1
72,14671,0.0272595384336,1
72,14921,0.0281948323104,1
72,15446,0.0248539138847999,1
73,7687,1.0,1
73,9105,0.01329437,1
73,9162,0.0448528,1
73,9252,0.0445296,1
73,10717,0.0138600534336,1
73,11759,0.0218754282048,1
73,14083,0.0042184058399999,1
73,14409,0.0054188960832,1
73,14671,0.0172258972512,1
74,7687,1.0,1
74,9105,0.01329437,1
74,9162,0.0448528,1
74,9252,0.0445296,1
74,10717,0.0138600534336,1
74,11759,0.0218754282048,1
74,14083,0.0042184058399999,1
74,14409,0.0054188960832,1
74,14671,0.0172258972512,1
75,7687,1.0,1
75,9105,0.013586028,1
75,9162,0.0458368,1
75,9252,0.0455528,1
75,10717,0.0141641212416,1
75,11759,0.0223553407488,1
75,14083,0.0043109510399999,1
75,14409,0.0055434113376,1
75,14671,0.0176038063872,1
76,7687,1.0,1
76,9105,0.01329437,1
76,9162,0.0448528,1
76,9252,0.0445296,1
76,10717,0.0138600534336,1
76,11759,0.0218754282048,1
76,14083,0.0042184058399999,1
76,14409,0.0054188960832,1
76,14671,0.0172258972512,1
77,7687,1.0,1
77,9105,0.01304491968,1
77,9162,0.0440112,1
77,9252,0.0429888,1
77,10717,0.0135999889344,1
77,11759,0.0214649664192,1
77,14083,0.0041392533599999,1
77,14409,0.0052313930496,1
77,14671,0.0169026774048,1
78,7687,1.0,1
78,9105,0.01304491968,1
78,9162,0.0440112,1
78,9252,0.0429888,1
78,10717,0.0135999889344,1
78,11759,0.0214649664192,1
78,14083,0.0041392533599999,1
78,14409,0.0052313930496,1
78,14671,0.0169026774048,1
79,7687,1.0,1
79,9105,0.01343759,1
79,9162,0.045336,1
79,9252,0.0454168,1
79,10717,0.014009368032,1
79,11759,0.022111093,1
79,14083,0.0042638507999999,1
79,14409,0.0055268612256,1
79,14671,0.017411472,1
80,7687,1.0,1
80,9105,0.012145049,1
80,9162,0.0409752,1
80,10717,0.0126618285024,1
80,11759,0.0199842606432,1
80,14083,0.0038537175599999,1
80,14671,0.0157366894608,1
81,7687,1.0,1
81,9105,0.012145049,1
81,9162,0.0409752,1
81,10717,0.0126618285024,1
81,11759,0.0199842606432,1
81,14083,0.0038537175599999,1
81,14671,0.0157366894608,1
82,7687,1.0,1
83,7687,1.0,1
84,7687,1.0,1
85,7687,1.0,1
86,7687,1.0,1
87,7687,1.0,1
88,7687,1.0,1
89,7687,1.0,1
90,7687,1.0,1
91,7687,1.0,1
91,9252,0.0429456,1
91,14409,0.0052261359552,1
92,7687,1.0,1
93,7687,1.0,1
94,8213,0.336516,1
94,8424,1.0,1
94,14589,0.3409739999999999,1
95,12089,0.28257,1
96,12089,0.2522279999999999,1
97,12089,0.248784,1
98,12089,0.217464,1
99,14008,0.3582674999999999,1
100,10841,1.0,1
100,12571,0.0325456879104,1
100,13594,0.0297671318784,1
100,14225,0.0136484441856,1
101,10841,1.0,1
102,10841,0.6996592,1
103,10841,0.6196568,1
104,10841,0.6996592,1
105,10841,0.7730288000000001,1
106,10841,0.7730288000000001,1
107,10841,0.678172,1
108,10841,0.7730288000000001,1
109,8514,1.0,1
109,14652,0.2158559999999999,1
110,8514,1.0,1
110,14652,0.1982639999999999,1
111,8514,1.0,1
111,14652,0.165894,1
112,8514,1.0,1
112,14652,0.1583815309824,1
113,8514,1.0,1
113,14652,0.1580384549568,1
114,8514,1.0,1
114,14652,0.1581524964095999,1
115,8514,1.0,1
115,14652,0.152556,1
116,8514,1.0,1
116,14652,0.158267014,1
117,8514,1.0,1
117,14652,0.1582673309183999,1
118,8514,1.0,1
118,14652,0.1582673309183999,1
119,8514,1.0,1
119,14652,0.1582673309183999,1
120,8514,1.0,1
120,14652,0.1581521791872,1
121,8514,1.0,1
121,14652,0.1582673309183999,1
122,8514,1.0,1
122,14652,0.1576137340799999,1
123,8514,1.0,1
123,14652,0.1582673309183999,1
124,8514,1.0,1
124,14652,0.1582673309183999,1
125,8514,1.0,1
125,14652,0.1582673309183999,1
126,8514,1.0,1
126,14652,0.1581520205759999,1
127,8514,1.0,1
127,14652,0.1581520205759999,1
128,8514,1.0,1
128,14652,0.1582673309183999,1
129,8514,0.790224,1
129,14652,0.1563279917759999,1
130,8514,0.7988424000000001,1
130,14652,0.1580384549568,1
131,8514,0.7856344000000001,1
131,14652,0.1554188323775999,1
132,8514,0.7787048000000001,1
132,14652,0.1540473213312,1
133,8514,0.6578616,1
133,14652,0.1301100362496,1
134,8950,0.7850112,1
134,12107,0.2496359999999999,1
135,8950,0.534018,1
135,12107,0.247302,1
136,8950,0.541422,1
136,12107,0.239898,1
137,8950,0.542886,1
137,12107,0.238434,1
138,8950,0.7832848000000001,1
138,12107,0.228186,1
139,8950,0.7832848000000001,1
139,12107,0.227922,1
140,8950,0.7924984,1
140,12107,0.2232779999999999,1
141,8950,0.7832848000000001,1
141,12107,0.221736,1
142,8950,0.7906848000000001,1
142,12107,0.218106,1
143,8950,0.7276176000000001,1
143,12107,0.20487,1
144,8950,0.7276176000000001,1
144,12107,0.201786,1
145,8950,0.7276176000000001,1
145,12107,0.201066,1
146,8950,0.7276176000000001,1
146,12107,0.200676,1
147,8950,0.7276176000000001,1
147,12107,0.198168,1
148,8950,0.7276176000000001,1
148,12107,0.19449,1
149,8950,0.7276176000000001,1
149,12107,0.19404,1
150,8950,0.7276176000000001,1
150,12107,0.1928474844912,1
151,8950,0.7924224,1
151,12107,0.1950338167008,1
152,8950,0.7962848,1
152,12107,0.1941686781792,1
153,8950,1.0,1
153,12107,0.1922988046847999,1
154,8950,1.0,1
154,12107,0.1690019999999999,1
155,8950,1.0,1
155,12107,0.1922988046847999,1
156,8950,1.0,1
156,12107,0.1922988046847999,1
157,8950,1.0,1
157,12107,0.1931749271903999,1
158,8950,1.0,1
158,12107,0.1931749271903999,1
159,8950,1.0,1
159,12107,0.1922988046847999,1
160,8950,1.0,1
160,12107,0.1922988046847999,1
161,8950,1.0,1
161,12107,0.1959670559232,1
162,8950,1.0,1
162,12107,0.1922988046847999,1
163,8950,1.0,1
163,12107,0.11796,1
164,8950,1.0,1
164,12107,0.1922988046847999,1
165,8950,1.0,1
165,12107,0.1922988046847999,1
166,8950,1.0,1
166,12107,0.1922988046847999,1
167,8950,1.0,1
167,12107,0.1922988046847999,1
168,8950,1.0,1
168,12107,0.1922988046847999,1
169,8950,1.0,1
169,12107,0.1922988046847999,1
170,8950,1.0,1
170,12107,0.1922988046847999,1
171,8950,1.0,1
171,12107,0.1922988046847999,1
172,8950,1.0,1
172,12107,0.1922988046847999,1
173,8950,1.0,1
173,12107,0.1922988046847999,1
174,8950,1.0,1
174,12107,0.1922988046847999,1
175,8950,1.0,1
175,12107,0.1922988046847999,1
176,8950,1.0,1
176,12107,0.1922988046847999,1
177,8950,1.0,1
177,12107,0.1922988046847999,1
178,8950,1.0,1
178,12107,0.1922988046847999,1
179,8950,1.0,1
179,12107,0.1922988046847999,1
180,8950,1.0,1
180,12107,0.1922988046847999,1
181,8950,1.0,1
182,8950,1.0,1
182,12107,0.1922988046847999,1
183,8950,1.0,1
183,12107,0.1922988046847999,1
184,8950,1.0,1
184,12107,0.1922988046847999,1
185,8950,1.0,1
185,12107,0.15976418184,1
186,8950,1.0,1
186,12107,0.15976418184,1
187,8950,1.0,1
188,8950,1.0,1
188,12107,0.1369198821696,1
189,8950,1.0,1
190,8950,1.0,1
190,12107,0.192247679,1
191,8950,1.0,1
191,12107,0.15976418184,1
192,8950,1.0,1
192,12107,0.15976418184,1
193,8950,1.0,1
193,12107,0.193232244,1
194,8950,1.0,1
194,12107,0.15976418184,1
195,8950,1.0,1
195,12107,0.193232244,1
196,8950,1.0,1
196,12107,0.1922728425408,1
197,8950,1.0,1
197,12107,0.1922728425408,1
198,8950,1.0,1
198,12107,0.1922728425408,1
199,8950,1.0,1
199,12107,0.15976418184,1
200,8950,1.0,1
200,12107,0.15976418184,1
201,8950,1.0,1
201,12107,0.15976418184,1
202,8950,1.0,1
202,12107,0.15976418184,1
203,8950,1.0,1
203,12107,0.15976418184,1
204,8950,1.0,1
204,12107,0.15976418184,1
205,8950,1.0,1
205,12107,0.1437143248992,1
206,8950,1.0,1
206,12107,0.1437143248992,1
207,8950,1.0,1
207,12107,0.1437143248992,1
208,8950,1.0,1
208,12107,0.1372423947168,1
209,8950,1.0,1
209,12107,0.1922728425408,1
210,8950,1.0,1
210,12107,0.1372423947168,1
211,8950,1.0,1
211,12107,0.1369198821696,1
212,8950,1.0,1
212,12107,0.1369198821696,1
213,8950,1.0,1
213,12107,0.1922728425408,1
214,8950,1.0,1
215,8950,1.0,1
215,12107,0.1372423947168,1
216,8950,1.0,1
216,12107,0.1372423947168,1
217,8950,1.0,1
217,12107,0.1372423947168,1
218,8950,1.0,1
218,12107,0.1372423947168,1
219,8950,1.0,1
219,12107,0.1945686949055999,1
220,8950,1.0,1
220,12107,0.1372423947168,1
221,8950,1.0,1
221,12107,0.1372423947168,1
222,8950,1.0,1
222,12107,0.192247679,1
223,11096,0.0244439999999999,1
224,9499,1.0,1
224,13533,0.06093,1
225,6713,0.0148887576576,1
225,9148,0.0271290135552,1
225,9499,0.445518,1
225,11455,0.0425336,1
225,14047,0.0595768,1
226,6713,0.0145099330559999,1
226,9148,0.0274257819023999,1
226,9499,0.4434059999999999,1
226,11455,0.0439368,1
226,14047,0.0580744,1
227,6713,0.0145099330559999,1
227,9148,0.0274257819023999,1
227,9499,0.441192,1
227,11455,0.0439368,1
227,14047,0.0580744,1
228,6713,0.015142975,1
228,9148,0.0283796481888,1
228,9499,0.4402979999999999,1
228,11455,0.0457088,1
228,14047,0.0605448,1
229,6713,0.0144413743104,1
229,9148,0.027322383,1
229,9499,0.43137,1
229,11455,0.0437456,1
229,14047,0.0578072,1
230,6713,0.0154362267647999,1
230,9148,0.02852404,1
230,9499,0.42882,1
230,11455,0.027293108,1
230,14047,0.062596,1
230,15416,0.0090010183824,1
231,6713,0.015664673,1
231,9148,0.024296515,1
231,9499,0.415842,1
231,11455,0.0424648,1
231,14047,0.0624352,1
232,6713,0.016295213,1
232,9148,0.022481271,1
232,9499,0.3831299999999999,1
232,11455,0.0471384,1
232,14047,0.0637584,1
233,6713,0.0345786292224,1
233,9148,0.071438405,1
233,9499,0.338202,1
233,11455,0.0801534217343999,1
233,14047,0.1195248,1
233,15416,0.010816457,1
234,6713,0.0249466258944,1
234,9148,0.053568753,1
234,9499,0.23391,1
234,11455,0.0676447719935999,1
234,14047,0.0969472,1
234,15416,0.0102368805264,1
235,9499,0.2312279999999999,1
236,6713,0.0167486012928,1
236,9148,0.038128489134,1
236,9499,0.2310179999999999,1
236,11455,0.0283150254816,1
236,14047,0.063188,1
237,9148,0.1128301440959999,1
238,6713,0.0245845656575999,1
238,9148,0.31423,1
238,9499,0.038925878,1
238,11455,0.0535579531775999,1
238,14047,0.0999512,1
239,6713,0.0324150253056,1
239,9148,0.359305,1
239,9499,0.0156387560448,1
239,11455,0.1616672,1
239,14047,0.1062408,1
240,9148,0.388945,1
241,6713,0.041730757632,1
241,9148,0.3945,1
241,9499,0.0604621301904,1
241,11455,0.1745736,1
241,14047,0.133424,1
241,15416,0.010415157,1
242,6713,0.0438015320063999,1
242,9148,0.3957175,1
242,9499,0.0610552012176,1
242,11455,0.1942936,1
242,14047,0.1400448,1
242,15416,0.0106559372304,1
243,6713,0.0869297370624,1
243,9148,1.0,1
243,11455,0.63326,1
243,14047,0.2796136,1
244,6713,0.113933876,1
244,9148,0.594534,1
244,9499,0.023605147,1
244,11455,0.760252,1
244,14047,0.3760576,1
245,6713,0.1192641933312,1
245,9148,0.5199480000000001,1
245,9499,0.0245851209072,1
245,11455,1.0,1
245,14047,0.391732,1
246,6713,0.1234442750976,1
246,9148,0.498232,1
246,9499,0.026425751472,1
246,11455,1.0,1
246,14047,0.4118632,1
247,6713,0.1234442750976,1
247,9148,0.498232,1
247,9499,0.026425751472,1
247,11455,1.0,1
247,14047,0.4118632,1
248,6713,0.1387841693183999,1
248,9148,0.4560272000000001,1
248,9499,0.0264062710368,1
248,11455,1.0,1
248,14047,0.4566168,1
249,9148,0.228654,1
249,11455,1.0,1
249,14047,0.102822,1
250,6713,0.1118213157888,1
250,9148,0.63326,1
250,11455,1.0,1
250,14047,0.359656,1
251,6713,0.141228514,1
251,9148,0.456604,1
251,9499,0.0269749915199999,1
251,11455,1.0,1
251,14047,0.4646824,1
252,6713,0.1420246960128,1
252,9148,0.4439464,1
252,9499,0.027100803,1
252,11455,0.7834336000000001,1
252,14047,0.533562,1
253,6713,0.1619635309056,1
253,9148,0.1927664,1
253,9323,0.1020456,1
253,9324,0.0426632,1
253,9499,0.0525887876303999,1
253,11455,0.5154719999999999,1
253,11679,0.0506423740032,1
253,12469,0.0013610414064,1
253,14047,0.584658,1
253,14490,0.0497619245663999,1
253,15416,0.0124894878768,1
254,6713,0.2271669014015999,1
254,9148,0.2737176,1
254,9323,0.0659432,1
254,9499,0.0368526544128,1
254,11455,0.4951979999999999,1
254,11679,0.0327257637504,1
254,14047,1.0,1
254,14490,0.0321568058208,1
254,15416,0.009137567,1
255,6713,0.2239891785216,1
255,9148,0.2634992,1
255,9323,0.0673072,1
255,9499,0.0361581227856,1
255,11455,0.48267,1
255,11679,0.0334026787583999,1
255,14047,1.0,1
255,14490,0.0328219522368,1
255,15416,0.0091780520832,1
256,6713,0.078786,1
256,11455,0.477354,1
256,14047,1.0,1
257,6713,0.2480315295744,1
257,9148,0.278772,1
257,9323,0.0575544,1
257,9499,0.0370366363008,1
257,11455,0.4571216,1
257,11679,0.0285626371967999,1
257,14047,1.0,1
257,14490,0.0280660578335999,1
258,6713,0.2189148304896,1
258,9148,0.2576152,1
258,9323,0.0690552,1
258,9324,0.04044,1
258,9499,0.0404235264096,1
258,11455,0.43602,1
258,11679,0.0342701622144,1
258,12469,0.00129011688,1
258,14047,1.0,1
258,14490,0.0336743539488,1
258,15416,0.009871804,1
259,6713,0.2189148304896,1
259,9148,0.2576152,1
259,9323,0.0690544,1
259,9324,0.04044,1
259,9499,0.0404235264096,1
259,11455,0.434652,1
259,11679,0.0342697651968,1
259,12469,0.00129011688,1
259,14047,1.0,1
259,14490,0.0336739638336,1
259,15416,0.009871804,1
260,6713,0.2480315295744,1
260,9148,0.278772,1
260,9323,0.0575544,1
260,9499,0.0370366363008,1
260,11455,0.4571216,1
260,11679,0.0285626371967999,1
260,14047,1.0,1
260,14490,0.0280660578335999,1
261,6713,0.2189148304896,1
261,9148,0.2576152,1
261,9323,0.0690544,1
261,9324,0.04044,1
261,9499,0.0404235264096,1
261,11455,0.428874,1
261,11679,0.0342697651968,1
261,12469,0.00129011688,1
261,14047,1.0,1
261,14490,0.0336739638336,1
261,15416,0.009871804,1
262,6713,0.2487579019776,1
262,9148,0.2796136,1
262,9323,0.0569448,1
262,9499,0.0371989732608,1
262,11455,0.4542656,1
262,11679,0.0282601097855999,1
262,14047,1.0,1
262,14490,0.0277687900512,1
263,6713,0.2494890284544,1
263,9148,0.277104,1
263,9323,0.0568776,1
263,9499,0.0372281939136,1
263,11455,0.4543952,1
263,11679,0.0282267603071999,1
263,14047,1.0,1
263,14490,0.0277360203743999,1
264,6713,0.25821,1
264,9148,0.278772,1
264,9323,0.054736,1
264,9499,0.0370366363008,1
264,11455,0.4528992,1
264,11679,0.0271639441919999,1
264,14047,1.0,1
264,14490,0.026691682,1
265,6713,0.291996,1
265,9148,0.2779368,1
265,9323,0.0562712,1
265,9499,0.0373905308736,1
265,11455,0.451544,1
265,11679,0.0279258209663999,1
265,14047,1.0,1
265,14490,0.0274403130527999,1
266,6713,0.303792,1
266,9148,0.2779368,1
266,9323,0.0562712,1
266,9499,0.0373905308736,1
266,11455,0.451544,1
266,11679,0.0279258209663999,1
266,14047,1.0,1
266,14490,0.0274403130527999,1
267,6713,0.312768,1
267,9148,0.2779368,1
267,9323,0.0562712,1
267,9499,0.0373905308736,1
267,11455,0.451544,1
267,11679,0.0279258209663999,1
267,14047,1.0,1
267,14490,0.0274403130527999,1
268,9739,0.54636,1
269,9739,0.539544,1
270,9739,0.536328,1
271,9739,0.5263680000000001,1
272,9739,0.5238119999999999,1
273,9739,0.5060939999999999,1
274,9739,0.502716,1
275,8153,1.0,1
276,8389,0.0497056,1
276,8506,0.4603199999999999,1
276,12055,1.0,1
276,12101,0.0464367775871999,1
277,8389,0.0467632,1
277,8506,0.400812,1
277,12055,0.7526464,1
277,12101,0.0616979999999999,1
278,7117,1.0,1
279,7117,1.0,1
280,7117,1.0,1
282,7855,0.667112,1
282,9797,0.3013089190319999,1
282,10191,0.6269608,1
282,14782,0.6094824000000001,1
282,15233,0.6094824000000001,1
283,7855,0.7845984,1
283,9797,0.3082795248959999,1
283,10191,0.70958,1
283,14782,0.5426328,1
283,15233,0.5426328,1
284,7855,0.676688,1
284,9797,0.3005588215296,1
284,10191,0.4177936,1
284,14782,0.212086165,1
284,15233,0.30959693184,1
285,7855,0.677224,1
285,9797,0.263702773,1
285,10191,0.6071200000000001,1
285,14782,0.6016312,1
285,15233,0.6016312,1
286,7855,0.677224,1
286,9797,0.263702773,1
286,10191,0.6071200000000001,1
286,14782,0.6016312,1
286,15233,0.6016312,1
287,7855,0.6829408,1
287,9797,0.2672709803999999,1
287,10191,0.615016,1
287,14782,0.5939008,1
287,15233,0.5939008,1
288,7855,0.7987160000000001,1
288,9797,0.2582436863904,1
288,10191,0.5395976,1
288,14782,0.536672,1
288,15233,0.536672,1
289,7855,0.7897584000000001,1
289,9797,0.1524734504256,1
289,10191,0.7282392,1
289,14782,0.7239840000000001,1
289,15233,0.7239840000000001,1
290,7855,0.7999992,1
290,9797,0.314136685,1
290,10191,0.7243792,1
290,14782,0.5538248,1
290,15233,0.5538248,1
291,7855,0.7936256,1
291,9797,0.31288653,1
291,10191,0.721704,1
291,14782,0.5514448,1
291,15233,0.5514448,1
292,7855,0.8,1
292,9797,0.0793689962496,1
292,10191,0.7363768,1
292,14782,0.7321656000000001,1
292,15233,0.7321656000000001,1
293,7855,0.7897584000000001,1
293,9797,0.1524734504256,1
293,10191,0.7282392,1
293,14782,0.7239840000000001,1
293,15233,0.7239840000000001,1
294,7855,0.7980832000000001,1
294,9797,0.2589073156944,1
294,10191,0.540908,1
294,14782,0.5379744,1
294,15233,0.5379744,1
295,7855,0.7968016000000001,1
295,9797,0.2568951206208,1
295,10191,0.5382952000000001,1
295,14782,0.5353856,1
295,15233,0.5353856,1
296,7855,0.7993616000000001,1
296,9797,0.2582978420928,1
296,10191,0.5397528,1
296,14782,0.536832,1
296,15233,0.536832,1
297,7855,1.0,1
297,9797,0.1051896576096,1
297,10191,0.734028,1
297,14782,0.732732,1
297,15233,0.732732,1
298,7855,1.0,1
298,9797,0.1051896576096,1
298,10191,0.734028,1
298,14782,0.732732,1
298,15233,0.732732,1
299,7855,1.0,1
299,9797,0.3592214873279999,1
299,10191,0.7475712,1
299,14782,0.6595608000000001,1
299,15233,0.6595608000000001,1
300,7855,1.0,1
300,9797,0.1051896576096,1
300,10191,0.734028,1
300,14782,0.732732,1
300,15233,0.732732,1
301,7855,1.0,1
301,9797,0.0792623463936,1
301,10191,0.734028,1
301,14782,0.732732,1
301,15233,0.732732,1
302,7855,1.0,1
302,9797,0.261034925,1
302,10191,0.5368184,1
302,14782,0.5362336,1
302,15233,0.5362336,1
303,7855,1.0,1
303,9797,0.1056362224896,1
303,10191,0.7317976,1
303,14782,0.7304992000000001,1
303,15233,0.7304992000000001,1
304,7855,1.0,1
304,9797,0.2592664301472,1
304,10191,0.5392936,1
304,14782,0.5387088000000001,1
304,15233,0.5387088000000001,1
305,7855,1.0,1
305,9797,0.359522835,1
305,10191,0.746664,1
305,14782,0.6599136,1
305,15233,0.6599136,1
306,7855,1.0,1
306,9797,0.359705626,1
306,10191,0.7466312,1
306,14782,0.6604184000000001,1
306,15233,0.6604184000000001,1
307,7855,1.0,1
307,9797,0.359705626,1
307,10191,0.7466312,1
307,14782,0.6604184000000001,1
307,15233,0.6604184000000001,1
308,7855,1.0,1
308,9797,0.1075608605952,1
308,10191,0.7217288000000001,1
308,14782,0.7203544000000001,1
308,15233,0.7203544000000001,1
309,7855,1.0,1
309,9797,0.1075608605952,1
309,10191,0.7217288000000001,1
309,14782,0.7203544000000001,1
309,15233,0.7203544000000001,1
310,7855,1.0,1
310,9797,0.313752257,1
310,10191,0.7235352,1
310,14782,0.5531704000000001,1
310,15233,0.5531704000000001,1
311,7855,1.0,1
311,9797,0.314136685,1
311,10191,0.7243792,1
311,14782,0.5538248,1
311,15233,0.5538248,1
312,7855,1.0,1
312,9797,0.313704251,1
312,10191,0.6531088,1
312,14782,0.5844520000000001,1
312,15233,0.5844520000000001,1
313,7855,1.0,1
313,9797,0.25854465,1
313,10191,0.5401904000000001,1
313,14782,0.5372744,1
313,15233,0.5372744,1
314,7855,1.0,2
314,9797,0.0793689962496,2
314,10191,0.7363768,2
314,14782,0.7321656000000001,2
314,15233,0.7321656000000001,2
315,7855,1.0,2
315,9797,0.314136685,2
315,10191,0.7243792,2
315,14782,0.5538248,2
315,15233,0.5538248,2
316,7855,1.0,2
316,9797,0.0793689962496,2
316,10191,0.7363768,2
316,14782,0.7321656000000001,2
316,15233,0.7321656000000001,2
317,7855,1.0,2
317,9797,0.1060278429312,2
317,10191,0.7211888000000001,2
317,14782,0.7169496,2
317,15233,0.7169496,2
318,7855,1.0,2
318,9797,0.120331687896,2
318,10191,1.0,2
318,14782,0.7478472,2
318,15233,0.7478472,2
319,7855,1.0,2
319,9797,0.3468915233279999,2
319,10191,1.0,2
319,14782,0.6217528,2
319,15233,0.6217528,2
320,7855,0.7516400000000001,2
320,9797,0.1592778591455999,2
320,10191,1.0,2
320,14782,0.7944624,2
320,15233,0.7944624,2
321,7855,0.799004,2
321,9797,0.347345638,2
321,10191,1.0,2
321,14782,0.622528,2
321,15233,0.622528,2
322,7855,0.7516320000000001,2
322,9797,0.124132164576,2
322,10191,1.0,2
322,14782,0.7944528000000001,2
322,15233,0.7944528000000001,2
323,7855,0.7524096,2
323,9797,0.12442414236,2
323,10191,1.0,2
323,14782,0.7952496,2
323,15233,0.7952496,2
324,7855,0.7524096,2
324,9797,0.12442414236,2
324,10191,1.0,2
324,14782,0.7952496,2
324,15233,0.7952496,2
325,7855,0.7524096,2
325,9797,0.12442414236,2
325,10191,1.0,2
325,14782,0.7952496,2
325,15233,0.7952496,2
326,7855,0.7671816,2
326,9797,0.2485152027359999,2
326,10191,0.7850696,2
326,14782,0.7802592,2
326,15233,0.7802592,2
327,7855,0.7671816,2
327,9797,0.2485152027359999,2
327,10191,0.7850696,2
327,14782,0.7802592,2
327,15233,0.7802592,2
328,7855,0.7804712,2
328,9797,0.317015191,2
328,10191,0.6544296000000001,2
328,14782,0.5817528000000001,2
328,15233,0.5817528000000001,2
329,7855,0.7970296000000001,2
329,9797,0.346475698,2
329,10191,0.7980208000000001,2
329,14782,0.6213000000000001,2
329,15233,0.6213000000000001,2
330,7855,0.7516704000000001,2
330,9797,0.124381252968,2
330,10191,0.7992072000000001,2
330,14782,0.7944728,2
330,15233,0.7944728,2
331,7855,0.7656064,2
331,9797,0.2481522173279999,2
331,10191,0.7834808,2
331,14782,0.7786832000000001,2
331,15233,0.7786832000000001,2
332,7855,0.7671536,2
332,9797,0.247659813,2
332,10191,0.7834912,2
332,14782,0.7787032,2
332,15233,0.7787032,2
333,7855,0.7663984,2
333,9797,0.2484259879679999,2
333,10191,0.7842800000000001,2
333,14782,0.7794792,2
333,15233,0.7794792,2
334,7855,0.764096,2
334,9797,0.2483348587199999,2
334,10191,0.7819096000000001,2
334,14782,0.7802432,2
334,15233,0.7802432,2
335,7855,0.7649328,2
335,9797,0.2484757644479999,2
335,10191,0.7827352000000001,2
335,14782,0.7810624,2
335,15233,0.7810624,2
336,7855,0.7478472,2
336,9797,0.2455041085919999,2
336,10191,0.7952496,2
336,14782,1.0,2
336,15233,1.0,2
337,7855,0.7804664,2
337,9797,0.350528652,2
337,10191,0.7814512,2
337,14782,0.6116984000000001,2
337,15233,0.6116984000000001,2
338,7855,0.7920976,2
338,9797,0.350457051,2
338,10191,0.7930848,2
338,14782,0.6205192,2
338,15233,0.6205192,2
339,7855,0.776672,2
339,9797,0.352311799,2
339,10191,0.7776544000000001,2
339,14782,0.6071816000000001,2
339,15233,0.6071816000000001,2
340,7855,0.7757152,2
340,9797,0.3518657252639999,2
340,10191,0.7766976,2
340,14782,0.6064304,2
340,15233,0.6064304,2
341,7855,0.7862136,2
341,9797,0.3513377116799999,2
341,10191,0.7872008,2
341,14782,0.6174376,2
341,15233,0.6174376,2
342,7855,0.7817632,2
342,9797,0.367453571,2
342,10191,0.7386360000000001,2
342,14782,0.6599816000000001,2
342,15233,0.6599816000000001,2
343,7855,0.7760136000000001,2
343,9797,0.319621695,2
343,10191,0.6449232,2
343,14782,0.5826176000000001,2
343,15233,0.5826176000000001,2
344,7855,0.7842368,2
344,9797,0.352245175,2
344,10191,0.785224,2
344,14782,0.6189784,2
344,15233,0.6189784,2
345,7855,0.552656,2
345,9797,0.2250119462112,2
345,10191,0.3325568,2
345,14782,0.444636,2
345,15233,0.4629735673296,2
346,7855,0.530756,2
346,9797,0.219281765808,2
346,10191,0.5733968,2
346,14782,0.4355759999999999,2
346,15233,0.2731195543152,2
347,7855,0.783264,2
347,9797,0.3526893345599999,2
347,10191,0.7842496,2
347,14782,0.6182048,2
347,15233,0.6182048,2
348,7855,0.7783304000000001,2
348,9797,0.3495756242879999,2
348,10191,0.7793024000000001,2
348,14782,0.612468,2
348,15233,0.612468,2
349,7855,0.5493248000000001,2
349,9797,0.282636,2
349,10191,0.332676,2
349,14782,0.38929,2
349,15233,0.581538,2
350,7855,0.2133210342816,2
350,9797,0.303504,2
350,10191,0.3796464,2
350,14782,0.380595,2
350,15233,0.56067,2
351,7855,0.7534896,2
351,9797,0.3613167472319999,2
351,10191,0.7544552000000001,2
351,14782,0.5941056,2
351,15233,0.5941056,2
352,7855,0.1685987670336,2
352,9797,0.308268,2
352,10191,0.3000544,2
352,14782,0.37861,2
352,15233,0.5559059999999999,2
353,7855,0.1692258407376,2
353,9797,0.3098399999999999,2
353,10191,0.3011704,2
353,14782,0.377955,2
353,15233,0.554334,2
354,7855,0.2111925798096,2
354,9797,0.31044,2
354,10191,0.3758584,2
354,14782,0.377705,2
354,15233,0.553734,2
355,7855,0.4898215999999999,2
355,9797,0.425037922992,2
355,10191,0.2932144,2
355,14782,0.3751825,2
355,15233,0.5476800000000001,2
356,7855,0.4874272,2
356,9797,0.428216241264,2
356,10191,0.2924296,2
356,14782,0.3504525,2
356,15233,0.4883279999999999,2
357,7855,0.7321104,2
357,9797,0.403542,2
357,10191,0.6887864000000001,2
357,14782,0.6173576000000001,2
357,15233,0.6173576000000001,2
358,7855,0.4833048,2
358,9797,0.4248164172911999,2
358,10191,0.2386810911024,2
358,14782,0.3381174999999999,2
358,15233,0.4587239999999999,2
359,7855,0.4874272,2
359,9797,0.427348418,2
359,10191,0.2924296,2
359,14782,0.3380775,2
359,15233,0.458628,2
360,7855,0.4813344,2
360,9797,0.423573055632,2
360,10191,0.237704738616,2
360,14782,0.3332575,2
360,15233,0.4470599999999999,2
361,7855,0.7279992000000001,2
361,9797,0.4344719999999999,2
361,10191,0.6849656000000001,2
361,14782,0.6127440000000001,2
361,15233,0.6127440000000001,2
362,7855,0.7247744,2
362,9797,0.4786199999999999,2
362,10191,0.7257232,2
362,14782,0.5641176,2
362,15233,0.5641176,2
363,7855,0.6674936,2
363,9797,0.53889,2
363,10191,0.6327400000000001,2
363,14782,0.5443016,2
363,15233,0.5443016,2
364,7855,0.4704399999999999,2
364,9797,0.554874,2
364,10191,0.232298506,2
364,14782,0.287392796,2
364,15233,0.4195272614400001,2
365,7855,0.5707856,2
365,9797,0.5622659999999999,2
365,10191,0.5427792,2
365,14782,0.462424,2
365,15233,0.462424,2
366,7855,0.2270008032479999,2
366,9797,0.563292,2
366,10191,0.1116777136464,2
366,14782,0.27235,2
366,15233,0.3585551424000001,2
367,8398,0.033489186168,2
367,9797,1.0,2
367,14782,0.0525479999999999,2
367,15233,0.2643779999999999,2
368,8398,0.062551582,2
368,9797,1.0,2
368,14782,0.108279034952,2
368,15233,0.2624339999999999,2
369,8398,0.062551582,2
369,9797,1.0,2
369,14782,0.108279034952,2
369,15233,0.25329,2
370,8398,0.062551582,2
370,9797,1.0,2
370,14782,0.108279034952,2
370,15233,0.239718,2
371,8398,0.066016747,2
371,9797,1.0,2
371,14782,0.11439832998,2
371,15233,0.239082,2
372,8398,0.0624870041559999,2
372,9797,1.0,2
372,14782,0.10849503808,2
372,15233,0.237294,2
373,8398,0.0623672366359999,2
373,9797,1.0,2
373,14782,0.10866061162,2
373,15233,0.237084,2
374,8398,0.0623672366359999,2
374,9797,1.0,2
374,14782,0.10866061162,2
374,15233,0.236958,2
375,8398,0.076036514,2
375,9797,1.0,2
375,14782,0.130881879304,2
375,15233,0.2336279999999999,2
376,8398,0.066016747,2
376,9797,1.0,2
376,14782,0.11439832998,2
376,15233,0.233178,2
377,8398,0.062474218,2
377,9797,1.0,2
377,14782,0.108111297052,2
377,15233,0.220866,2
378,8398,0.062474218,2
378,9797,1.0,2
378,14782,0.108111297052,2
378,15233,0.219672,2
379,8398,0.062474218,2
379,9797,1.0,2
379,14782,0.108111297052,2
379,15233,0.21945,2
380,8398,0.065932586228,2
380,9797,1.0,2
380,14782,0.114216956612,2
380,15233,0.219402,2
381,8398,0.062551582,2
381,9797,1.0,2
381,14782,0.108279034952,2
381,15233,0.2181,2
382,8398,0.07635907716,2
382,9797,1.0,2
382,14782,0.129751650512,2
382,15233,0.2104859999999999,2
383,8398,0.062325561,2
383,9797,1.0,2
383,14782,0.107474542,2
383,15233,0.210336,2
384,8398,0.062325561,2
384,9797,1.0,2
384,14782,0.107474542,2
384,15233,0.2091987382319999,2
385,8398,0.062325561,2
385,9797,1.0,2
385,14782,0.107474542,2
385,15233,0.2091987382319999,2
386,8398,0.062325561,2
386,9797,1.0,2
386,14782,0.107474542,2
386,15233,0.2091987382319999,2
387,8398,0.062325561,2
387,9797,1.0,2
387,14782,0.107474542,2
387,15233,0.2091987382319999,2
388,8398,0.062325561,2
388,9797,1.0,2
388,14782,0.107474542,2
388,15233,0.2091987382319999,2
389,8398,0.062325561,2
389,9797,1.0,2
389,14782,0.107474542,2
389,15233,0.2091987382319999,2
390,8398,0.062325561,2
390,9797,1.0,2
390,14782,0.107474542,2
390,15233,0.2091987382319999,2
391,8398,0.062248683,2
391,9797,1.0,2
391,14782,0.0402907023839999,2
391,15233,0.2089489010639999,2
392,8398,0.035646787656,2
392,9797,1.0,2
392,14782,0.0402907023839999,2
392,15233,0.2089489010639999,2
393,8398,0.062325561,2
393,9797,1.0,2
393,14782,0.107474542,2
393,15233,0.2091987382319999,2
394,8398,0.035604538562,2
394,9797,1.0,2
394,14782,0.0402435799391999,2
394,15233,0.2087045225231999,2
395,8398,0.062325561,2
395,9797,1.0,2
395,14782,0.107474542,2
395,15233,0.2091987382319999,2
396,8398,0.062325561,2
396,9797,1.0,2
396,14782,0.107474542,2
396,15233,0.2091987382319999,2
397,8398,0.0623672366359999,2
397,9797,1.0,2
397,14782,0.107517613104,2
397,15233,0.2089480612752,2
398,8398,0.0623672366359999,2
398,9797,1.0,2
398,14782,0.107517613104,2
398,15233,0.2089480612752,2
399,8398,0.062325561,2
399,9797,1.0,2
399,14782,0.107474542,2
399,15233,0.2091987382319999,2
400,8398,0.075938434,2
400,9797,1.0,2
400,14782,0.130294904872,2
400,15233,0.1861261943327999,2
401,8398,0.062325561,2
401,9797,1.0,2
401,14782,0.107474542,2
401,15233,0.2091987382319999,2
402,8398,0.03564682343,2
402,9797,1.0,2
402,14782,0.0402907023839999,2
402,15233,0.2089489010639999,2
403,8398,0.062325561,2
403,9797,1.0,2
403,14782,0.107474542,2
403,15233,0.2091987382319999,2
404,8398,0.035604359692,2
404,9797,1.0,2
404,14782,0.0402430536575999,2
404,15233,0.2087017932095999,2
405,8398,0.075735072196,2
405,9797,1.0,2
405,14782,0.129938651,2
405,15233,0.1856148293663999,2
406,8398,0.062325561,2
406,9797,1.0,2
406,14782,0.107474542,2
406,15233,0.2091987382319999,2
407,8398,0.062325561,2
407,9797,1.0,2
407,14782,0.107474542,2
407,15233,0.2091987382319999,2
408,8398,0.062325561,2
408,9797,1.0,2
408,14782,0.107474542,2
408,15233,0.2091987382319999,2
409,8398,0.062325561,2
409,9797,1.0,2
409,14782,0.107474542,2
409,15233,0.2091987382319999,2
410,8398,0.062325561,2
410,9797,1.0,2
410,14782,0.107474542,2
410,15233,0.2091987382319999,2
411,8398,0.062325561,2
411,9797,1.0,2
411,14782,0.107474542,2
411,15233,0.2091987382319999,2
412,8398,0.0404599999999999,2
412,9797,1.0,2
412,14782,0.0382232658431999,2
412,15233,0.1982271075071999,2
413,8398,0.062325561,2
413,9797,1.0,2
413,14782,0.107474542,2
413,15233,0.2091987382319999,2
414,8398,0.076466382,2
414,9797,1.0,2
414,14782,0.129977176824,2
414,15233,0.1853488672511999,2
415,8398,0.065769605,2
415,9797,1.0,2
415,14782,0.113537131136,2
415,15233,0.1993341590927999,2
416,8398,0.062325561,2
416,9797,1.0,2
416,14782,0.0403388773919999,2
416,15233,0.2091987382319999,2
417,8398,0.062575211316,2
417,9797,1.0,2
417,14782,0.0402435799391999,2
417,15233,0.2087045225231999,2
418,8398,0.076504174,2
418,9797,1.0,2
418,14782,0.129715072828,2
418,15233,0.1853585861759999,2
419,8398,0.080137095024,2
419,9797,1.0,2
419,14782,0.12705767162,2
419,15233,0.1774185984191999,2
420,8398,0.080025258056,2
420,9797,1.0,2
420,14782,0.127281466444,2
420,15233,0.1776718511712,2
421,8398,0.0662475,2
421,9797,1.0,2
421,15233,0.0790859999999999,2
422,8398,0.080025258056,2
422,9797,1.0,2
422,14782,0.127281466444,2
422,15233,0.1776718511712,2
423,8398,0.079482824484,2
423,9797,1.0,2
423,14782,0.125128361,2
423,15233,0.1749550378848,2
424,8398,0.101155,2
424,9797,1.0,2
424,14782,0.12566707032,2
424,15233,0.1756142426495999,2
425,7504,1.0,2
425,8061,0.0039539999999999,2
426,12758,1.0,2
427,12758,1.0,2
428,12758,0.460722,2
429,7461,0.040098240752,2
429,12758,0.271236,2
430,12758,0.2550779999999999,2
431,7461,0.3405975,2
431,12758,0.0007199999999999,2
432,7461,0.34358,2
432,9541,0.0423472,2
432,12124,0.0116392973088,2
432,12758,0.0275543227679999,2
433,7461,0.34367,2
433,12758,0.0003921839999999,2
434,7461,0.34448,2
434,9541,0.0422152,2
434,12124,0.0116030165808,2
434,12758,0.0274939998815999,2
435,7461,0.359205,2
435,12758,0.0168515671967999,2
436,7461,0.3622674999999999,2
436,12758,0.0277086018048,2
437,7461,0.3700575,2
437,9541,0.0449328,2
437,12124,0.0123499598112,2
437,12758,0.0288217543488,2
438,7461,0.370665,2
438,12758,0.0003793991039999,2
439,7461,0.371495,2
439,12758,0.0174528431616,2
440,7461,0.3716049999999999,2
440,9541,0.0446384,2
440,12124,0.0122690427935999,2
440,12758,0.0291185950272,2
441,7461,0.37218,2
441,9541,0.043396,2
441,12124,0.011927564184,2
441,12758,0.0289230881183999,2
442,7461,0.3723475,2
442,9541,0.0446384,2
442,12124,0.0122690427935999,2
442,12758,0.0291185950272,2
443,7461,0.372985,2
443,9541,0.0432688,2
443,12124,0.0118926027552,2
443,12758,0.0288645011423999,2
444,7461,0.37351,2
444,9541,0.0446384,2
444,12124,0.0122690427935999,2
444,12758,0.0291185950272,2
445,7461,0.3742425,2
445,12758,0.0002341992959999,2
446,7461,0.37781,2
446,12758,0.0003736229759999,2
447,7862,0.2396970537984,2
447,10701,0.135636,2
448,7862,0.342144,2
448,10701,0.0950230008096,2
449,8380,0.1242419999999999,2
450,8889,0.530118,2
450,10694,0.139782,2
450,14771,0.360492,2
451,10006,1.0,2
451,11926,0.0111786837119999,2
452,10006,1.0,2
452,11926,0.0112162536192,2
453,10006,0.7186896,2
453,11926,0.0174854537088,2
454,10006,0.2633536,2
454,11926,0.0479067369984,2
455,10006,0.3543992,2
455,11926,0.0377912685695999,2
456,10006,0.2973672,2
456,11926,0.023554499,2
457,10006,0.3304944,2
457,11926,0.0436863404544,2
458,10006,0.3222776,2
458,11926,0.0253328517119999,2
459,10006,0.208392,2
459,11926,0.0236785976447999,2
460,10006,0.2075288,2
460,11926,0.0231891416063999,2
461,10006,0.3311984,2
461,11926,0.007830773,2
462,10006,0.2035736,2
462,11926,0.0229616276735999,2
463,10006,0.3298992,2
463,11926,0.0077501351423999,2
464,10006,0.3158376,2
464,11926,0.0087489448704,2
465,10006,0.2382552,2
465,11926,0.0210701726592,2
466,10006,0.234936,2
466,11926,0.0232155845375999,2
467,10006,0.2267384,2
467,11926,0.0248935325184,2
468,10006,0.163472,2
468,11926,0.0204386840447999,2
469,10006,0.0929336,2
469,11926,0.1636319999999999,2
470,9096,0.115767953784,2
470,9123,0.3656625,2
470,9781,0.2967325,2
471,9096,0.125422981,2
471,9123,0.3498,2
471,9781,0.312595,2
472,9096,0.00498226224,2
472,9123,0.347295,2
472,9781,0.3151,2
473,9096,0.13535063892,2
473,9123,0.3410499999999999,2
473,9781,0.321345,2
474,9096,0.131641654,2
474,9123,0.3319075,2
474,9781,0.3304875,2
475,9096,0.154728,2
475,9123,0.32006,2
475,9781,0.342335,2
476,9096,0.154728,2
476,9123,0.3174099999999999,2
476,9781,0.344985,2
477,9096,0.154728,2
477,9123,0.3109875,2
477,9781,0.3514075,2
478,9096,0.154728,2
478,9123,0.3097125,2
478,9781,0.3526825,2
479,9096,0.154728,2
479,9123,0.3057499999999999,2
479,9781,0.356645,2
480,9096,0.0910619999999999,2
480,9123,0.2925925,2
480,9781,0.3698025,2
481,9096,0.097158,2
481,9123,0.2900525,2
481,9781,0.3723425,2
482,9096,0.154728,2
482,9123,0.285865,2
482,9781,0.37653,2
483,9096,0.154728,2
483,9123,0.2844375,2
483,9781,0.3779575,2
484,9096,0.154728,2
484,9123,0.27275,2
484,9781,0.389645,2
485,9096,0.18627,2
485,9123,0.256048,2
485,9781,0.4094725,2
486,9096,0.19341,2
486,9123,0.256048,2
486,9781,0.4124474999999999,2
487,9096,0.20268,2
487,9123,0.246085,2
487,9781,0.41631,2
488,8441,0.2533875,2
488,9427,0.13853384,2
488,9428,1.0,2
489,8441,0.104509776,2
489,9427,0.33588,2
489,9428,1.0,2
490,8441,0.024746026,2
490,9427,0.3917275,2
490,9428,1.0,2
491,8505,0.0531902539247999,2
492,8505,0.1771472,2
493,8505,1.0,2
494,8505,0.532708,2
495,8505,0.1408784,2
496,9214,0.063418077,2
496,9906,0.5808792,2
496,10384,0.243985,2
497,9214,0.112272159,2
497,9906,1.0,2
497,10384,0.1553523889119999,2
498,9214,0.0879922,2
498,9906,1.0,2
498,10384,0.079634938,2
499,9214,0.0893965056159999,2
499,9906,1.0,2
499,10384,0.080970729,2
500,9214,0.088716001,2
500,9906,1.0,2
500,10384,0.080306416,2
501,8212,1.0,2
502,8655,0.3202625,2
502,12694,0.5752379999999999,2
502,13155,0.198444,2
503,8655,0.058134,2
503,12694,1.0,2
503,13155,0.332592,2
503,13182,0.0526511999999999,2
504,8655,0.0465072,2
504,12694,1.0,2
504,13155,0.365214,2
504,13182,0.0526511999999999,2
505,8655,0.0465072,2
505,12694,1.0,2
505,13155,0.41574,2
505,13182,0.0658139999999999,2
506,7338,1.0,2
507,7614,0.2206038587279999,2
507,11152,0.6375328,2
508,7614,0.2550635789856,2
508,11152,0.735816,2
509,7614,0.2541761681712,2
509,11152,0.7333176,2
510,7614,0.257473554,2
510,11152,0.7378336000000001,2
511,7614,0.2563637462495999,2
511,11152,0.7350720000000001,2
512,7614,0.2542940541504,2
512,11152,0.7297272000000001,2
513,7614,0.256447106256,2
513,11152,0.7404032,2
514,7614,0.2580679607088,2
514,11152,0.7495104000000001,2
515,7614,0.2077838362512,2
515,11152,0.6082336,2
516,7614,0.25556995992,2
516,11152,0.7426240000000001,2
517,7614,0.2564679462576,2
517,11152,0.7451576000000001,2
518,7614,0.2589084037583999,2
518,11152,0.75024,2
519,7614,0.2612431060271999,2
519,11152,0.759972,2
520,7614,0.2679747375888,2
520,11152,0.7791792000000001,2
521,7614,0.2058394952064,2
521,11152,0.6017016000000001,2
522,7614,0.2749987512624,2
522,11152,1.0,2
523,7614,0.2767020325872,2
523,11152,1.0,2
524,7614,0.2760550594032,2
524,11152,1.0,2
525,7614,0.2760550594032,2
525,11152,1.0,2
526,7614,0.2608364267424,2
526,11152,1.0,2
527,7614,0.2624012050944,2
527,11152,1.0,2
528,7614,0.2766998552735999,2
528,11152,1.0,2
529,7614,0.2766998552735999,2
529,11152,1.0,2
530,7614,0.2624146134048,2
530,11152,1.0,2
531,7614,0.2617966899935999,2
531,11152,1.0,2
532,7614,0.2624146134048,2
532,11152,1.0,2
533,7614,0.2624146134048,2
533,11152,1.0,2
534,7614,0.2624146134048,2
534,11152,1.0,2
535,7614,0.2539029930959999,2
535,11152,1.0,2
536,7614,0.2760550594032,2
536,11152,1.0,2
537,7614,0.2624146134048,2
537,11152,1.0,2
538,7614,0.2624146134048,2
538,11152,1.0,2
539,7614,0.2622055008191999,2
539,11152,1.0,2
540,7614,0.2766998552735999,2
540,11152,1.0,2
541,7614,0.2766998552735999,2
541,11152,1.0,2
542,7614,0.2619946765344,2
542,11152,1.0,2
543,7614,0.275458164,2
543,11152,1.0,2
544,7614,0.2624146134048,2
544,11152,1.0,2
545,7614,0.2611559439263999,2
545,11152,1.0,2
546,7614,0.2763794791296,2
546,11152,1.0,2
547,7614,0.275731884,2
547,11152,1.0,2
548,7614,0.2619681451968,2
548,11152,1.0,2
549,7614,0.2766998552735999,2
549,11152,1.0,2
550,7614,0.2619809829407999,2
550,11152,1.0,2
551,7614,0.2621915219424,2
551,11152,1.0,2
552,7614,0.2760550594032,2
552,11152,1.0,2
553,7614,0.2766998552735999,2
553,11152,1.0,2
554,7614,0.2624146134048,2
554,11152,1.0,2
555,7614,0.2767020325872,2
555,11152,1.0,2
556,7614,0.2621915219424,2
556,11152,1.0,2
557,7614,0.2763801012192,2
557,11152,1.0,2
558,7614,0.2760563035824,2
558,11152,1.0,2
559,7614,0.2617584620448,2
559,11152,1.0,2
560,7614,0.2766998552735999,2
560,11152,1.0,2
561,7614,0.2766998552735999,2
561,11152,1.0,2
562,7614,0.2624146134048,2
562,11152,1.0,2
563,7614,0.2753996880096,2
563,11152,0.7927376,2
564,7614,0.2758379999999999,2
564,11152,0.7919800000000001,2
565,7614,0.2839919999999999,2
565,11152,0.7925928,2
566,7614,0.2867579999999999,2
566,11152,0.7945424000000001,2
567,7614,0.2905799999999999,2
567,11152,0.7919672000000001,2
568,7614,0.297216,2
568,11152,0.7918208,2
569,7614,0.345456,2
569,11152,0.7275576,2
570,7614,0.349386,2
570,11152,0.7364664000000001,2
571,7614,0.350058,2
571,11152,0.7364664000000001,2
572,7614,0.356604,2
572,11152,0.7358712000000001,2
573,7614,0.3590699999999999,2
573,11152,0.7297640000000001,2
574,7614,0.388806,2
574,11152,0.7116712000000001,2
575,7442,0.3609779999999999,2
576,7442,0.5872136,2
577,7442,1.0,2
578,7442,0.542094,2
579,7442,0.121032,2
580,12716,0.2473139999999999,2
580,12980,0.062406,2
580,14170,0.131946,2
581,12716,0.1978511999999999,2
581,12980,0.0499248,2
581,14170,0.1055568,2
582,12716,0.1978511999999999,2
582,12980,0.0499248,2
582,14170,0.1055568,2
583,12716,0.1978511999999999,2
583,12980,0.0499248,2
583,14170,0.1055568,2
584,12716,0.1965920749631999,2
584,12980,0.0496070785728,2
584,14170,0.1048850365248,2
585,9801,0.5985539999999999,2
585,11851,1.0,2
586,8006,0.34085,2
587,8696,0.276984,2
587,15425,0.0566774999999999,2
588,8399,1.0,2
588,14427,0.1165319999999999,2
589,8399,1.0,2
589,14427,0.0660752288351999,2
590,8399,1.0,2
590,14427,0.0696922888895999,2
591,8399,1.0,2
591,14427,0.0534689835264,2
592,8399,1.0,2
592,14427,0.0343330307423999,2
593,9619,0.207606,2
593,10155,1.0,2
594,9619,0.2077199999999999,2
594,10155,1.0,2
595,9619,0.2085479999999999,2
595,10155,1.0,2
596,9982,1.0,2
597,9982,1.0,2
598,9982,1.0,2
598,11212,0.0489712,2
598,12866,0.0132181104192,2
599,9982,1.0,2
599,11212,0.0489712,2
599,12866,0.0132181104192,2
600,9982,1.0,2
600,11212,0.0489712,2
600,12866,0.0132181104192,2
601,9982,1.0,2
601,11212,0.04864,2
601,12866,0.013128714,2
602,9982,1.0,2
602,11212,0.0489248,2
602,12866,0.0132055863168,2
603,9982,1.0,2
603,11212,0.0489712,2
603,12866,0.0132181104192,2
604,9982,1.0,2
604,11212,0.049096,2
604,12866,0.013251796,2
605,12173,0.038346,2
606,7172,0.113232,2
607,7172,0.4051075,2
608,7500,0.7194328,2
608,8211,1.0,2
609,7500,0.4412712,2
609,8211,1.0,2
610,7500,0.5586776000000001,2
610,8211,1.0,2
611,7500,1.0,2
611,8211,0.7194328,2
612,10973,1.0,2
613,14427,0.300534,2
613,15447,1.0,2
614,10429,0.5399339999999999,2
617,9693,0.590124,2
617,10013,0.1853408,2
617,11961,0.4169879999999999,2
618,9693,0.2094179999999999,2
618,10013,1.0,2
618,11961,0.0772848895104,2
619,10013,1.0,2
620,10013,1.0,2
621,9693,0.1535126083919999,2
621,10013,1.0,2
621,11961,0.0708162380639999,2
622,7978,0.004932,2
622,8193,0.0254194376928,2
622,11393,0.0365948099712,2
623,7978,0.0026576220096,2
623,11393,0.0283077144,2
624,7978,0.0026968846752,2
624,11393,0.0282519759744,2
625,7978,0.0026474305248,2
625,11393,0.0286503303168,2
626,7978,0.002688117552,2
626,11393,0.0280138208832,2
627,7978,0.0026720550144,2
627,11393,0.0291539250432,2
628,7978,0.0025560741024,2
628,11393,0.0331534494144,2
629,7978,0.0023070593952,2
629,11393,0.027884804,2
630,7978,0.002258915184,2
630,11393,0.0274903474175999,2
631,7978,0.0016190335584,2
631,11393,0.0200533602816,2
632,7978,0.0016618314816,2
632,11393,0.0203831134848,2
633,7978,0.0016541967456,2
633,11393,0.0203838930432,2
634,7978,0.0016249006656,2
634,11393,0.0198093585024,2
635,7978,0.0016618314816,2
635,11393,0.0203831134848,2
636,7978,0.0016618314816,2
636,11393,0.0203831134848,2
637,7978,0.0016618314816,2
637,11393,0.020627115264,2
638,7978,0.0016533168768,2
638,11393,0.0203979250944,2
639,8193,1.0,2
640,8193,1.0,2
641,8193,1.0,2
642,8193,1.0,2
643,8193,1.0,2
644,8193,1.0,2
645,7978,0.0002301744672,2
645,8193,0.544668,2
646,7978,0.0002111803488,2
646,8193,0.535446,2
647,7978,0.000220144752,2
647,8193,0.5335679999999999,2
648,8193,0.4322768,2
649,8193,0.167152,2
650,8193,0.167152,2
651,9383,1.0,2
652,9383,1.0,2
653,9383,0.42204,2
653,9453,0.0134695459104,2
653,13074,0.30693,2
653,15083,0.0232730036688,2
654,9383,0.157008,2
654,13074,0.7246312,2
655,9383,0.1137728954496,2
655,13074,1.0,2
656,10916,0.55329,2
656,12352,0.1660019999999999,2
656,13457,1.0,2
656,13697,0.227952,2
656,15119,0.0698819999999999,2
657,10916,0.055470199608,2
657,12352,0.545256,2
657,13457,0.1002552,2
657,13697,0.431676,2
657,15119,0.0070060338863999,2
658,8534,0.047820224928,2
658,8740,0.0113868063935999,2
658,10768,0.0237067118399999,2
658,10916,0.030873139368,2
658,12352,0.371205,2
658,12834,0.013908453888,2
658,13457,0.0557992,2
658,13697,0.177312,2
658,14759,0.0451703358288,2
658,15119,0.0038993596943999,2
659,8534,0.046125358656,2
659,8740,0.0108071320896,2
659,10768,0.0229459740719999,2
659,10916,0.0280456061519999,2
659,12352,0.369465,2
659,12834,0.0134621378304,2
659,13457,0.0506888,2
659,13697,0.173136,2
659,14759,0.0435693881376,2
659,15119,0.0035422347215999,2
660,10366,0.255768,2
661,11294,0.5439419999999999,2
662,7445,0.26055,2
662,7446,0.3600725,2
663,7445,0.2928,2
663,7446,0.37351,2
664,7445,0.298386,2
664,7446,0.3758375,2
665,9572,1.0,2
667,10214,0.266142,2
668,9771,0.2861848,2
669,9771,0.3500576,2
670,9771,0.6709408,2
671,9771,1.0,2
672,9771,0.8,2
673,9771,0.478104,2
674,9771,0.7676968,2
675,10348,0.0447656,2
676,9372,0.2318699999999999,2
676,14785,0.4026375,2
677,9218,0.0891199999999999,2
678,10210,0.6609104000000001,2
678,10574,0.0227574983328,2
678,14562,0.0467632,2
679,10210,0.7105496,2
679,10574,0.021484801,2
679,14562,0.044148,2
680,10053,0.211745,2
680,11490,0.518946,2
681,10053,0.2119849999999999,2
681,11490,0.51837,2
682,9637,0.412235,2
683,9637,0.544998,2
684,9637,1.0,2
685,9637,0.528324,2
686,9637,0.3897984,2
687,7525,0.540894,2
687,9776,0.45705,2
688,7612,1.0,2
688,8717,0.066248,2
688,9654,0.0596520929664,2
688,10010,0.1330712,2
688,13425,0.014251137,2
688,14358,0.579378,2
689,9301,0.0297719999999999,2
690,7724,0.0687448,2
690,9190,0.0873368,2
690,10095,0.0533192,2
692,7724,0.060648,2
692,9190,0.028761707,2
692,10095,0.0479848,2
693,7724,0.027499332,2
693,9190,0.0340296650496,2
694,7724,0.0533290672992,2
694,9190,0.1571672,2
694,10095,0.0478912,2
695,7724,0.0886888,2
695,7725,0.0295648987392,2
695,8330,0.0519552,2
695,9190,0.2569875,2
695,10095,0.0813408,2
695,15460,0.003165890112,2
696,7724,0.0179861601072,2
696,9190,0.2672325,2
697,7724,0.069824,2
697,9190,0.2719775,2
697,10095,0.0689792,2
698,7724,0.098392,2
698,7725,0.0240019050432,2
698,8330,0.0421792,2
698,9190,0.2912175,2
698,10095,0.100532,2
698,15460,0.002570189552,2
699,9190,0.292235,2
700,9190,0.2925675,2
700,14743,0.0258478199904,2
701,7724,0.0634088,2
701,9190,0.3008025,2
701,10095,0.0651056,2
702,7724,0.0634088,2
702,9190,0.3009,2
702,10095,0.0651056,2
703,7724,0.0169659800783999,2
703,9190,0.3056275,2
703,10095,0.049088,2
704,9190,0.36918,2
705,9190,0.3817825,2
706,9190,0.3965075,2
707,9190,0.3988025,2
708,9190,0.3994125,2
709,7724,0.1143135419184,2
709,9190,0.6990136,2
710,7724,0.1188835762752,2
710,9190,0.7255784000000001,2
711,7724,0.115168915224,2
711,9190,0.7002696,2
712,7724,0.115168915224,2
712,9190,0.7002696,2
713,7724,0.1063583358816,2
713,9190,0.6547216,2
714,7724,0.12711335472,2
714,9190,0.7693056,2
715,7724,0.175965717,2
715,9190,1.0,2
715,10095,0.0653768,2
716,7724,0.1754371250016,2
716,9190,1.0,2
717,7724,0.126562798,2
717,9190,1.0,2
718,7724,0.126562798,2
718,9190,1.0,2
719,7724,0.1253066421024,2
719,9190,1.0,2
720,7724,0.126562798,2
720,9190,1.0,2
721,7724,0.1278408658032,2
721,9190,1.0,2
722,7724,0.1889070853824,2
722,9190,1.0,2
723,7724,0.1168893693792,2
723,9190,1.0,2
724,7724,0.1296304,2
724,9190,1.0,2
724,10095,0.1278056,2
725,7724,0.1897712,2
725,7725,0.0534464,2
725,8330,0.0683768,2
725,8628,0.01773952824,2
725,9190,1.0,2
725,10095,0.187212,2
725,15460,0.004166540308,2
726,7724,0.1270060655472,2
726,9190,1.0,2
726,10095,0.0784952,2
727,7724,0.1193542437456,2
727,9190,1.0,2
727,10095,0.111696,2
728,7724,0.1093350940128,2
728,9190,1.0,2
728,10095,0.0814296,2
729,7724,0.12253694112,2
729,9190,1.0,2
730,7724,0.1442342197296,2
730,9190,1.0,2
730,10095,0.0848416,2
731,7724,0.1889070853824,2
731,9190,1.0,2
732,7724,0.1042256,2
732,7725,0.0273966058607999,2
732,8330,0.0481448,2
732,9190,1.0,2
732,10095,0.1123344,2
732,15460,0.002933703388,2
733,7724,0.1377008,2
733,7725,0.0449832,2
733,8330,0.0484376,2
733,8628,0.01493048637,2
733,9190,1.0,2
733,10095,0.136488,2
733,15460,0.002951545156,2
734,7724,0.1198271509632,2
734,9190,1.0,2
734,10095,0.1106328,2
735,7724,0.1044624,2
735,7725,0.0250371135263999,2
735,8330,0.0439984,2
735,9190,1.0,2
735,10095,0.1116808,2
735,15460,0.002681042504,2
736,7724,0.1183460781456,2
736,9190,1.0,2
736,10095,0.093204,2
737,7724,0.1278408658032,2
737,9190,1.0,2
738,7724,0.1485735195744,2
738,9190,1.0,2
738,10095,0.0835264,2
739,7724,0.1485735195744,2
739,9190,1.0,2
739,10095,0.0835264,2
740,7724,0.1237994765568,2
740,9190,1.0,2
741,7724,0.1485735195744,2
741,9190,0.7999992,2
741,10095,0.0835264,2
742,7724,0.1485735195744,2
742,9190,0.7999992,2
742,10095,0.0835264,2
743,7724,0.189624,2
743,9190,0.7663248,2
743,10095,0.0837752,2
744,7724,0.193878,2
744,9190,0.7663248,2
744,10095,0.0837752,2
745,7724,0.2030219999999999,2
745,9190,0.5558712,2
745,10095,0.0806056,2
746,7724,0.244912678,2
746,9190,0.515526,2
747,7724,0.271875281,2
747,9190,0.5097419999999999,2
748,7724,0.24270871,2
748,9190,0.4972499999999999,2
748,10095,0.0478472,2
749,7724,0.238578,2
749,9190,0.490152,2
749,10095,0.0491864,2
750,7724,0.286115489,2
750,9190,0.489882,2
750,10095,0.046924,2
751,7724,0.28913903904,2
751,9190,0.470946,2
751,10095,0.0464568,2
752,7724,0.260579532864,2
752,9190,0.4689,2
753,7724,0.268812,2
753,9190,0.4599179999999999,2
753,10095,0.0502904,2
754,7724,0.28476,2
754,9190,0.44397,2
754,10095,0.0470256,2
755,7724,0.2883239999999999,2
755,9190,0.440406,2
755,10095,0.0484712,2
756,7724,0.2960219999999999,2
756,9190,0.4398904,2
756,10095,0.0448224,2
757,7724,0.30399,2
757,9190,0.4247399999999999,2
758,7724,0.3045,2
758,9190,0.4242299999999999,2
758,10095,0.0459136,2
759,7724,0.316452,2
759,9190,0.412278,2
760,7724,0.3321059999999999,2
760,9190,0.396624,2
760,10095,0.063828,2
761,7724,0.346698,2
761,9190,0.3844816,2
761,10095,0.044768,2
762,7724,0.357834,2
762,9190,0.45586,2
763,7724,0.37734,2
763,9190,0.4663319999999999,2
764,7724,0.386706,2
764,9190,0.4538048,2
765,7724,0.386976,2
765,9190,0.4521200000000001,2
765,10095,0.0461432,2
766,7724,0.390312,2
766,9190,0.338418,2
767,7724,0.394158,2
767,9190,0.334572,2
768,7724,0.41574,2
768,9190,0.3833688,2
769,7724,0.504372,2
769,9190,0.3745392,2
770,7724,0.5848859999999999,2
770,9190,0.1438439999999999,2
771,7724,1.0,2
771,9190,0.02813349096,2
772,7724,1.0,2
772,9190,0.0287440385039999,2
773,7724,1.0,2
773,9190,0.078796,2
773,10095,0.0563552,2
774,7724,1.0,2
774,9190,0.078796,2
774,10095,0.0563552,2
775,7724,1.0,2
775,9190,0.0300279997439999,2
776,7724,1.0,2
776,9190,0.0918448,2
776,10095,0.0732616,2
777,7545,0.017559745,2
777,7724,1.0,2
777,7725,0.065536,2
777,8330,0.075044,2
777,8628,0.0217522176,2
777,9190,0.1897712,2
777,9613,0.023866614,2
777,10095,0.1962816,2
777,15460,0.00457280614,2
778,7724,1.0,2
778,9190,0.0297076309919999,2
779,7724,1.0,2
779,9190,0.094276,2
779,10095,0.0833904,2
780,7724,1.0,2
780,9190,0.0298269701279999,2
781,7724,1.0,2
781,9190,0.0473472,2
782,9843,1.0,2
784,7125,0.3367619999999999,2
784,12189,0.1847819999999999,2
785,7125,0.2996699999999999,2
785,12189,0.2218739999999999,2
786,7125,0.298824,2
786,12189,0.2227199999999999,2
787,7048,0.053016,2
787,11096,0.133074,2
787,14408,0.002647513008,2
788,7048,0.0792352,2
788,9763,0.033358758,2
788,11096,0.0862739999999999,2
788,13667,0.0002816902464,2
788,14408,0.0039568474176,2
789,7048,0.0527064,2
789,11096,0.069366,2
789,14408,0.0026320522032,2
790,11096,0.0678779999999999,2
791,11096,0.0255110310144,2
792,11096,0.058924102608,2
793,11096,0.0614676258144,2
794,7048,0.0577488,2
794,9763,0.021198513,2
794,11096,0.0534024897408,2
794,13667,0.0001790059008,2
794,14408,0.0028838595744,2
795,11096,0.0155814749712,2
796,11096,0.0093803330304,2
797,11096,0.0094896666288,2
798,11096,0.0094106739024,2
799,11096,0.0082917592703999,2
800,10102,0.287052,2
800,11012,0.513618,2
801,10102,0.274692,2
801,11012,0.525978,2
802,10102,0.26982,2
802,11012,0.53085,2
803,10102,0.263712,2
803,11012,0.5369579999999999,2
804,10102,0.26016,2
804,11012,0.54051,2
805,10102,0.25932,2
805,11012,0.54135,2
806,10102,0.258678,2
806,11012,0.541992,2
807,10102,0.257748,2
807,11012,0.5429219999999999,2
808,10102,0.2561219999999999,2
808,11012,0.544548,2
809,10102,0.2141159999999999,2
809,11012,0.5865539999999999,2
810,10102,0.0747545760191999,2
810,11012,1.0,2
811,10025,0.3808465066848,2
811,13824,0.029112,2
811,15356,1.0,2
812,10025,0.522834,2
812,13824,0.0212059726464,2
812,15356,1.0,2
813,6713,0.0234218193408,2
813,9148,0.052619980558,2
813,9499,0.282792,2
813,11455,0.0547084866816,2
813,14047,0.0785984,2
814,6713,0.015618382848,2
814,9148,0.0261654524319999,2
814,9499,0.214752,2
814,11455,0.026460742,2
814,14047,0.0573416,2
815,6713,0.0071734122527999,2
815,9148,0.409895,2
815,9499,0.0181306033776,2
815,11455,0.1247536968,2
815,14047,0.1031275907568,2
816,6713,0.0071734122527999,2
816,9148,0.410585,2
816,9499,0.0181306033776,2
816,11455,0.1247536968,2
816,14047,0.1031275907568,2
817,6713,0.0071734122527999,2
817,9148,0.410795,2
817,9499,0.0181306033776,2
817,11455,0.1247536968,2
817,14047,0.1031275907568,2
818,6713,0.0070203053663999,2
818,9148,0.4115875,2
818,9499,0.012482934624,2
818,11455,0.1237508530944,2
818,14047,0.1009264703184,2
819,6713,0.0070203053663999,2
819,9148,0.411595,2
819,9499,0.012482934624,2
819,11455,0.1237508530944,2
819,14047,0.1009264703184,2
820,6713,0.0071734122527999,2
820,9148,0.4133775,2
820,9499,0.012707114,2
820,11455,0.1247536968,2
820,14047,0.1031275907568,2
821,6713,0.0071734122527999,2
821,9148,0.4134725,2
821,9499,0.012707114,2
821,11455,0.1247536968,2
821,14047,0.1031275907568,2
822,6713,0.0071734122527999,2
822,9148,0.4149675,2
822,9499,0.012707114,2
822,11455,0.1247536968,2
822,14047,0.1031275907568,2
823,6713,0.0075264755615999,2
823,9148,0.42727,2
823,9499,0.0192155553936,2
823,11455,0.1277656880736,2
823,14047,0.1082033576496,2
824,6713,0.0075264755615999,2
824,9148,0.4507799999999999,2
824,9499,0.0192155553936,2
824,11455,0.1277656880736,2
824,14047,0.1082033576496,2
825,6713,0.0076821201311999,2
825,9148,0.4938599999999999,2
825,9499,0.0195802724304,2
825,11455,0.1287703370784,2
825,14047,0.1104409607472,2
826,6713,0.0076821201311999,2
826,9148,0.4962599999999999,2
826,9499,0.0195802724304,2
826,11455,0.1287703370784,2
826,14047,0.1104409607472,2
827,6713,0.0076821201311999,2
827,9148,0.506952,2
827,9499,0.0195802724304,2
827,11455,0.133908,2
827,14047,0.1104409607472,2
828,6713,0.0076821201311999,2
828,9148,0.50961,2
828,9499,0.0195802724304,2
828,11455,0.136566,2
828,14047,0.1104409607472,2
829,6713,0.0076821201311999,2
829,9148,0.530376,2
829,9499,0.0195802724304,2
829,11455,0.157332,2
829,14047,0.1104409607472,2
830,6713,0.0079322771327999,2
830,9148,0.536628,2
830,9499,0.0211887611424,2
830,11455,0.1635839999999999,2
830,14047,0.1140373090368,2
831,6713,0.0076737262559999,2
831,9148,0.559518,2
831,9499,0.0223326190368,2
831,11455,0.186474,2
831,14047,0.110320287,2
832,6713,0.0078294684287999,2
832,9148,0.5610959999999999,2
832,9499,0.0221022551232,2
832,11455,0.188052,2
832,14047,0.1125592936128,2
833,6713,0.0052965054816,2
833,9148,1.0,2
833,11455,0.34735,2
833,14047,0.0416176,2
834,6713,0.020989235,2
834,9148,1.0,2
834,11455,0.352525,2
834,14047,0.0816024,2
835,6713,0.0197123908608,2
835,9148,1.0,2
835,11455,0.3531775,2
835,14047,0.0769776,2
836,7469,0.1004699999999999,2
837,8499,1.0,2
837,13742,0.156805,2
838,8499,1.0,2
838,13742,0.1517649999999999,2
839,8499,1.0,2
839,13742,0.145425,2
840,8499,1.0,2
840,13742,0.1386,2
841,8499,1.0,2
841,13742,0.1364274999999999,2
842,8499,1.0,2
842,13742,0.1340549999999999,2
843,8499,1.0,2
843,13742,0.124275,2
844,8499,1.0,2
844,13742,0.1238575,2
845,8499,1.0,2
845,13742,0.1228199999999999,2
846,8499,1.0,2
846,13742,0.1153275,2
847,8499,1.0,2
847,13742,0.1143299999999999,2
848,8499,1.0,2
848,13742,0.0923375,2
849,8499,1.0,2
849,13742,0.0897124999999999,2
850,7117,1.0,2
851,7347,0.0037369612895999,2
852,7347,0.0093719999999999,2
853,11585,1.0,2
854,11585,0.3561225,2
855,9847,0.182925996,2
855,12728,0.36824048,2
855,15340,1.0,2
855,15531,0.7347792000000001,2
856,9847,0.1893306644832,2
856,12728,0.3811334425824,2
856,15340,1.0,2
856,15531,0.7601416000000001,2
857,9847,0.1934979463295999,2
857,12728,0.3793932096768,2
857,15340,1.0,2
857,15531,0.6972552000000001,2
858,9847,0.1893306644832,2
858,12728,0.3811334425824,2
858,15340,1.0,2
858,15531,0.7601416000000001,2
859,9847,0.1925637303504,2
859,12728,0.3876417888528,2
859,15340,1.0,2
859,15531,0.7734272,2
860,9847,0.1850170664879999,2
860,12728,0.372449923,2
860,15340,0.7823288,2
860,15531,0.743056,2
861,9847,0.1866810974016,2
861,12728,0.3660273510528,2
861,15340,0.7609424,2
861,15531,0.6725392000000001,2
862,9847,0.1850170664879999,2
862,12728,0.372449923,2
862,15340,0.7823288,2
862,15531,0.743056,2
863,9847,0.1850168477568,2
863,12728,0.3724494830975999,2
863,15340,0.7823288,2
863,15531,0.743056,2
864,9847,0.1990817013792,2
864,12728,0.4007628368543999,2
864,15340,0.7734272,2
864,15531,1.0,2
865,9847,0.1990817013792,2
865,12728,0.4007628368543999,2
865,15340,0.7734272,2
865,15531,1.0,2
866,9847,0.1990817013792,2
866,12728,0.4007628368543999,2
866,15340,0.7734272,2
866,15531,1.0,2
867,9847,0.1990817013792,2
867,12728,0.4007628368543999,2
867,15340,0.7734272,2
867,15531,1.0,2
868,9847,0.1990817013792,2
868,12728,0.4007628368543999,2
868,15340,0.7734272,2
868,15531,1.0,2
869,9847,0.2201663450304,2
869,12728,0.4316821852032,2
869,15340,0.6936904,2
869,15531,1.0,2
870,9847,0.2232360605567999,2
870,12728,0.4857899999999999,2
870,15340,0.6972552000000001,2
870,15531,1.0,2
871,9847,0.273414,2
871,12728,0.5503979999999999,2
871,15340,0.7042936000000001,2
871,15531,1.0,2
872,9847,0.2883119999999999,2
872,12728,0.565296,2
872,15340,0.6711408,2
872,15531,1.0,2
873,9847,0.3899275,2
873,11043,0.088156,2
873,12728,1.0,2
873,15340,0.10647,2
873,15531,0.55284,2
874,9847,0.4667159999999999,2
874,12728,0.52368,2
874,15340,0.3911256,2
874,15531,0.4338079999999999,2
875,7855,0.1616216,2
875,10191,0.1616216,2
875,14782,0.0369340912752,2
875,15233,0.0372211312368,2
876,7855,0.260916,2
876,10191,0.2301952,2
876,14782,0.0526046674944,2
876,15233,0.0530134941695999,2
877,7855,1.0,2
877,10191,1.0,2
877,14782,0.228522,2
877,15233,0.230298,2
878,7855,0.561894,2
878,9797,0.2104440017663999,2
878,10191,1.0,2
878,14782,0.266958,2
878,15233,0.268734,2
879,7855,0.6604184000000001,2
879,9797,0.293318689,2
879,10191,0.622528,2
879,14782,1.0,2
879,15233,1.0,2
880,7855,0.1361459999999999,2
880,9797,0.172557649,2
880,10191,0.282432,2
880,14782,0.542706,2
880,15233,0.2344199111039999,2
881,7855,0.5967008,2
881,9797,0.366408,2
881,10191,0.32283661176,2
881,14782,0.4201256,2
881,15233,0.4977659999999999,2
882,7855,0.2097563787456,2
882,9797,0.5637359999999999,2
882,10191,0.3733024,2
882,14782,0.272165,2
882,15233,0.300438,2
883,9797,0.567624,2
883,14782,0.270545,2
883,15233,0.29655,2
884,9628,0.392196,2
884,12441,0.5627519999999999,2
885,9506,1.0,2
886,12758,1.0,2
887,10006,1.0,2
887,11926,0.0152069108352,2
888,10006,1.0,2
888,11926,0.0114668069375999,2
889,10006,0.4613024,2
889,11926,0.0076749953279999,2
890,10932,1.0,2
890,10933,0.33393,2
891,10932,1.0,2
891,10933,0.190212672,2
892,10932,0.7422728000000001,2
892,10933,0.247867156,2
893,8031,0.0051060061008,2
893,10302,0.461904,2
894,7584,0.1437538042511999,2
894,11316,1.0,2
895,7584,0.2448059999999999,2
895,11316,1.0,2
896,8505,0.406995,2
897,8505,0.40096,2
898,8505,0.3996975,2
899,8505,0.39579,2
900,8505,0.371685,2
901,8505,0.3620275,2
902,8505,0.3604024999999999,2
903,8505,0.3554425,2
904,8505,0.3435975,2
905,8505,0.33768,2
906,8505,0.3234225,2
907,8505,0.3048025,2
908,8505,0.2864299999999999,2
909,9214,0.059239901896,2
909,9906,0.5345256,2
909,10384,0.3503675,2
910,9214,0.063664756,2
910,9906,0.5957512,2
910,10384,0.260025,2
911,9214,0.0675560995039999,2
911,9906,0.6098304,2
911,10384,0.2347199999999999,2
912,9214,0.06805836,2
912,9906,0.6133344000000001,2
912,10384,0.2332624999999999,2
913,9214,0.068250571,2
913,9906,0.6200128,2
913,10384,0.2254525,2
914,9214,0.070162025,2
914,9906,0.6325144,2
914,10384,0.220345,2
915,9214,0.070201829094,2
915,9906,0.6382056,2
915,10384,0.217567006,2
916,9214,0.132733225,2
916,9906,0.7075896,2
916,10384,0.2035274999999999,2
917,9214,0.0813069102519999,2
917,9906,0.7212552,2
917,10384,0.200644255,2
918,9214,0.082034028,2
918,9906,0.7288944,2
918,10384,0.200465428,2
919,9214,0.082527909,2
919,9906,0.731328,2
919,10384,0.198935023,2
920,9214,0.090957233,2
920,9906,1.0,2
920,10384,0.184466806986,2
921,9214,0.090957233,2
921,9906,1.0,2
921,10384,0.184466806986,2
922,9214,0.091472063,2
922,9906,1.0,2
922,10384,0.187280398158,2
923,9214,0.090839393,2
923,9906,1.0,2
923,10384,0.1850800902579999,2
924,9214,0.134777533,2
924,9906,1.0,2
924,10384,0.1374973174079999,2
925,9214,0.090839393,2
925,9906,1.0,2
925,10384,0.1850800902579999,2
926,9214,0.091050108432,2
926,9906,1.0,2
926,10384,0.184714026,2
927,9214,0.14803867,2
927,9906,1.0,2
927,10384,0.1151774999999999,2
928,9214,0.148687815,2
928,9906,1.0,2
928,10384,0.1009424999999999,2
929,9214,0.138339273,2
929,9906,1.0,2
929,10384,0.137045324,2
930,9214,0.148293565,2
930,9906,1.0,2
930,10384,0.096225,2
931,9214,0.090005957,2
931,9906,1.0,2
931,10384,0.184256025898,2
932,9214,0.14803867,2
932,9906,1.0,2
932,10384,0.09170709,2
933,9214,0.091472063,2
933,9906,1.0,2
933,10384,0.187280398158,2
934,9214,0.138343463,2
934,9906,1.0,2
934,10384,0.1373305876799999,2
935,9214,0.138724566984,2
935,9906,1.0,2
935,10384,0.1381259731499999,2
936,9214,0.144626250628,2
936,9906,1.0,2
936,10384,0.088664837,2
937,9214,0.144226885556,2
937,9906,1.0,2
937,10384,0.088456504,2
938,9214,0.144701419,2
938,9906,1.0,2
938,10384,0.1440139423139999,2
939,9214,0.063234596,2
939,9906,1.0,2
939,10384,0.091265408164,2
940,9214,0.159246293266,2
940,9906,1.0,2
940,10384,0.085529614,2
941,9214,0.159636132846,2
941,9906,1.0,2
941,10384,0.085186385,2
942,9214,0.156994852996,2
942,9906,1.0,2
942,10384,0.1146105686219999,2
943,9214,0.148657121,2
943,9906,1.0,2
943,10384,0.079592444,2
944,9214,0.170873105684,2
944,9906,1.0,2
944,10384,0.126283278,2
945,9214,0.14737523706,2
945,9906,1.0,2
945,10384,0.079277134,2
946,9214,0.158897554,2
946,9906,1.0,2
946,10384,0.0850451310179999,2
947,9214,0.169542996,2
947,9906,1.0,2
947,10384,0.1247638228979999,2
948,9214,0.159233945,2
948,9906,1.0,2
948,10384,0.085262955,2
949,9214,0.168755299966,2
949,9906,1.0,2
949,10384,0.1245482465699999,2
950,9214,0.148113992,2
950,9906,1.0,2
950,10384,0.0797020928639999,2
951,9214,0.148245761,2
951,9906,1.0,2
951,10384,0.0797667765479999,2
952,9214,0.157311537,2
952,9906,1.0,2
952,10384,0.11521415,2
953,9214,0.170873105684,2
953,9906,1.0,2
953,10384,0.126283278,2
954,9214,0.171135846,2
954,9906,1.0,2
954,10384,0.126065096,2
955,9214,0.14826869293,2
955,9906,1.0,2
955,10384,0.079777189,2
956,9214,0.169281303,2
956,9906,1.0,2
956,10384,0.1245482465699999,2
957,9214,0.148124576,2
957,9906,1.0,2
957,10384,0.079698039,2
958,9214,0.159621844608,2
958,9906,1.0,2
958,10384,0.08532026703,2
959,9214,0.158312393,2
959,9906,1.0,2
959,10384,0.11521415,2
960,9214,0.171399808,2
960,9906,1.0,2
960,10384,0.125846426,2
961,9214,0.158312393,2
961,9906,1.0,2
961,10384,0.11521415,2
962,9214,0.171132179,2
962,9906,1.0,2
962,10384,0.1256290590059999,2
963,9214,0.158312393,2
963,9906,1.0,2
963,10384,0.11521415,2
964,9214,0.158312393,2
964,9906,1.0,2
964,10384,0.11521415,2
965,9214,0.163161995,2
965,9906,1.0,2
965,10384,0.119171538,2
966,9214,0.1994425,2
966,9906,1.0,2
966,10384,0.1236302561339999,2
967,9214,0.1998575,2
967,9906,1.0,2
967,10384,0.0774082177739999,2
968,9214,0.2020124999999999,2
968,9906,1.0,2
968,10384,0.123795032,2
969,9214,0.2020925,2
969,9906,1.0,2
969,10384,0.077275073,2
970,9214,0.2023125,2
970,9906,1.0,2
971,9214,0.2023499999999999,2
971,9906,1.0,2
971,10384,0.123795032,2
972,9214,0.20284,2
972,9906,1.0,2
972,10384,0.0773438105159999,2
973,8226,0.2438112,2
973,8408,0.8,2
973,9214,0.204395,2
973,9906,0.585804,2
974,9214,0.2048625,2
974,9906,0.8,2
974,10384,0.123795032,2
975,9214,0.2182224999999999,2
975,9906,0.8,2
975,10384,0.123795032,2
976,9214,0.2204975,2
976,9906,0.7987368,2
976,10384,0.0773284228019999,2
977,7896,0.0012983721599999,2
977,8103,0.011410886,2
977,8173,0.00936731328,2
977,8394,0.0149806315775999,2
977,8646,0.0453184,2
977,10061,0.0199718188799999,2
977,12092,0.0107899484928,2
977,12969,0.0099636249024,2
977,12970,0.0080388693215999,2
977,12972,0.0040110820463999,2
977,12973,0.0027271286016,2
977,14231,0.0089493869952,2
977,14597,0.0170398090368,2
977,15279,0.008105649024,2
978,8715,0.1306199999999999,2
979,7411,0.2780459999999999,2
979,8472,0.0111175900992,2
979,9994,1.0,2
980,7517,0.0207671132448,2
980,7763,0.0265621209983999,2
980,8274,0.0192013072992,2
980,9100,0.032041867,2
980,10736,0.0529776,2
980,10882,0.0102352215504,2
980,11166,0.347472,2
980,11626,0.27131,2
980,11823,0.0077171410368,2
980,13239,0.017501679936,2
981,9666,0.267642,2
982,8760,1.0,2
983,11440,1.0,2
984,7555,0.47769,2
984,8233,1.0,2
984,9790,0.1501199999999999,2
984,10579,0.285534,2
984,11421,0.0210180700799999,2
984,15189,0.1771439999999999,2
985,9392,0.0270434518223999,2
985,10566,0.0630144,2
985,14078,0.0267704947584,2
985,14833,0.3812399999999999,2
985,15087,0.2323979999999999,2
986,8766,0.247842,2
986,11222,1.0,2
987,7784,0.5521079999999999,2
988,8655,0.4033299999999999,2
988,9136,0.0471448,2
988,10988,0.0154768835231999,2
988,11860,0.024076378,2
988,12694,0.406615,2
988,13155,0.0154584700896,2
989,9802,1.0,2
990,8277,1.0,2
991,10422,0.4623119999999999,2
991,10683,1.0,2
992,9756,1.0,2
992,11283,0.0273820037616,2
992,11414,0.0522344,2
993,7075,0.1133783999999999,2
993,9410,0.4573559999999999,2
994,9496,1.0,2
994,13531,0.066168,2
995,9574,0.0007402362839999,2
995,9881,1.0,2
995,11204,0.1052999999999999,2
996,11930,0.353585,2
997,9183,0.478425,2
998,8016,0.410694,2
998,8968,0.0631352,2
998,9437,1.0,2
998,9485,0.0421014960047999,2
998,11382,0.046312,2
998,14016,0.541956,2
998,14694,0.0142789093728,2
999,9815,1.0,2
999,12605,0.0952919999999999,2
999,13219,0.270678,2
999,14721,0.534162,2
999,14878,0.02223,2
1000,8681,0.26627,2
1003,7824,0.495942,2
1003,9565,0.0126316679952,2
1003,10693,0.502884,2
1003,11330,0.1397159999999999,2
1003,11737,0.0079594260288,2
1003,11828,0.0023332667423999,2
1003,12418,0.020599982,2
1003,12470,0.0229943647776,2
1006,10741,1.0,2
1007,10520,1.0,2
1007,12570,0.155868,2
1008,9019,0.0859552,2
1008,9972,0.0411272,2
1008,10008,0.0545579999999999,2
1008,10285,0.0240583447488,2
1008,11406,1.0,2
1008,13839,0.438642,2
1009,10582,0.6304136,2
1010,12325,0.5132939999999999,2
1011,8104,0.521604,2
1013,9991,1.0,2
1013,11496,0.28668,2
1014,7689,0.476868,2
1014,8399,0.0575408,2
1014,9255,0.024672,2
1015,7096,0.2953075,2
1015,7870,0.025760932,2
1015,10626,1.0,2
1016,9088,0.0140359446912,2
1016,10293,1.0,2
1016,11307,0.0432064,2
1016,14284,0.3167939999999999,2
1017,8660,1.0,2
1017,10352,0.0052495158672,2
1018,8101,0.020230027,2
1018,9798,0.0144774792,2
1018,10319,0.03729608172,2
1018,10340,0.0324576052992,2
1018,10465,0.1004,2
1018,11228,0.057488,2
1018,11230,0.0449808,2
1018,11631,0.0998392,2
1018,11986,0.0558135647999999,2
1018,12435,0.032634418,2
1018,12596,0.00910437456,2
1018,13602,0.0235267319999999,2
1018,13755,0.32352,2
1018,13978,0.09354,2
1020,7109,0.0179091604367999,2
1020,8749,0.7434336,2
1020,8934,0.4006619999999999,2
1020,9626,0.2081333267376,2
1020,10401,0.08774384,2
1021,11169,0.1304939999999999,2
1021,15395,0.0406325,2
1023,10562,1.0,2
1024,10599,0.33879,2
1024,12488,0.28368,2
1025,7094,0.183685,2
1026,9777,0.0618159816624,2
1026,9996,1.0,2
1026,11698,0.088986,2
1026,13022,0.0311976498288,2
1027,9279,1.0,2
1028,7479,1.0,2
1028,12330,0.0983074999999999,2
1028,13274,0.0042650955648,2
1029,9129,1.0,2
1029,11694,0.330636,2
1030,9380,0.4612075,2
1030,13768,0.1849259999999999,2
1031,9719,0.0582699999999999,2
1032,7062,0.2297776,2
1032,11179,0.0180327964416,2
1032,11910,0.0995286269951999,2
1032,14457,0.0617325095712,2
1033,10083,1.0,2
1034,7900,0.4660439999999999,2
1034,14208,0.413844,2
1035,7915,0.523836,2
1035,9492,0.0444432,2
1035,12750,0.523806,2
1036,7837,0.15648,2
1037,8588,0.536826,2
1037,11456,0.2496275,2
1038,11034,1.0,2
1038,14476,0.036372,2
1039,7978,0.0291179999999999,2
1039,9216,1.0,2
1040,7738,0.583878,2
1040,8395,1.0,2
1040,12621,0.0085799999999999,2
1042,9139,0.0533232,2
1042,9303,1.0,2
1042,9304,0.218435,2
1042,10332,0.012694459,2
1043,7402,0.39881,2
1043,8200,0.1630080343296,2
1043,8203,0.0184671676608,2
1043,8906,0.0015847664255999,2
1043,10084,0.5134176,2
1043,10132,0.0788912,2
1043,11284,0.009694151,2
1043,13043,0.022041017568,2
1043,13260,0.2142091179072,2
1043,14140,0.3380579999999999,2
1044,7332,1.0,2
1044,8993,0.162894,2
1044,12847,0.35688,2
1045,10470,1.0,2
1046,10083,1.0,2
1047,8533,1.0,2
1048,9427,0.5737319999999999,2
1048,9428,0.408665,2
1049,9498,1.0,2
1049,12662,0.3100139999999999,2
1049,12670,0.4217,2
1049,14069,0.0295325156544,2
1050,10942,1.0,2
1050,12564,0.122652,2
1050,14770,0.496746,2
1051,7519,0.320028,2
1051,8165,0.405336,2
1051,9415,0.06903,2
1051,9497,0.42205,2
1051,9560,0.105204,2
1051,9564,1.0,2
1051,9779,0.3055859999999999,2
1051,11144,0.1333019999999999,2
1051,13462,0.1540979999999999,2
1051,13463,0.103338,2
1051,13800,0.053322,2
1052,8788,0.396684,2
1052,10184,1.0,2
1054,7904,1.0,2
1054,9081,0.314052,2
1055,8758,1.0,2
1055,12351,0.3150659999999999,2
1055,13562,0.2930819999999999,2
1055,14010,0.357906,2
1055,14348,0.522864,2
1055,15118,0.0345479999999999,2
1056,7490,1.0,2
1056,7868,0.16143,2
1056,8211,0.0519496,2
1056,12311,0.263748,2
1056,14415,0.42341,2
1056,14851,0.425112,2
1057,13162,0.050946,2
1058,7713,0.253278,2
1058,9922,0.42444,2
1058,9923,1.0,2
1058,11740,0.0244855322448,2
1059,11435,0.1539275,2
1060,8102,1.0,2
1060,8518,0.4544279999999999,2
1060,12791,0.0170783142048,2
1060,13845,0.1426439999999999,2
1061,7170,0.0457584,2
1061,8560,1.0,2
1061,8726,0.01087906,2
1062,14711,0.0971339999999999,2
1063,9182,1.0,2
1063,9400,0.0774248,2
1063,9873,0.174144,2
1063,11008,0.0108339086783999,2
1063,13969,0.0300460872864,2
1064,11046,1.0,2
1064,12712,0.54852,2
1065,10865,1.0,2
1065,14270,0.245784,2
1065,14306,0.0232799999999999,2
1066,7149,1.0,2
1066,10260,0.0187667221248,2
1066,11193,0.063552,2
1066,12214,0.415002,2
1067,9809,1.0,2
1067,12390,0.424825,2
1068,10050,1.0,2
1069,11184,1.0,2
1070,8288,0.3952739999999999,2
1070,8581,0.0805312,2
1070,9854,0.007755155,2
1071,10605,0.4716425,2
1072,7728,1.0,2
1073,7463,0.170502,2
1073,8304,1.0,2
1073,8390,0.05724,2
1073,9618,0.023805935,2
1073,10894,0.0732768,2
1073,12301,0.020148643632,2
1074,8981,0.0673232,2
1074,11805,1.0,2
1076,7134,1.0,2
1076,13367,0.0585824999999999,2
1077,10771,0.189684,2
1077,11519,0.40078,2
1078,8976,0.15844,2
1078,9553,1.0,2
1078,9769,0.4756919999999999,2
1079,9498,1.0,2
1079,12662,0.28953,2
1079,12670,0.413165,2
1079,14069,0.0194621241984,2
1080,7338,1.0,2
1081,8360,0.269745,2
1081,9161,1.0,2
1081,11615,0.2621699999999999,2
1082,10808,0.2997264,2
1083,8989,0.567186,2
1083,8990,0.2388,2
1083,9710,0.22329,2
1083,10639,1.0,2
1083,15127,0.205542,2
1084,9295,0.4064275,2
1085,9592,1.0,2
1086,7925,1.0,2
1087,6723,1.0,2
1087,10297,0.30501,2
1087,14600,0.4648799999999999,2
1088,7783,0.160008,2
1088,8806,0.544632,2
1088,10147,0.0286199999999999,2
1088,10251,0.3258419999999999,2
1088,11023,0.063108,2
1089,10174,0.327186,2
1089,10920,1.0,2
1089,10921,1.0,2
1090,7126,1.0,2
1091,9048,1.0,2
1093,11257,1.0,2
1094,8877,0.0130066368768,2
1094,8879,0.0313580381183999,2
1094,8880,0.0110934657792,2
1094,10422,0.3235875,2
1094,10683,1.0,2
1095,7463,0.007748974896,2
1095,8304,0.045448,2
1095,8420,0.0403888,2
1095,9618,0.523806,2
1095,9725,0.0431096,2
1095,10894,0.1669144,2
1095,11481,0.0704248,2
1095,12301,0.443334,2
1095,13175,0.0135080698379999,2
1095,13645,0.016283552496,2
1096,8331,0.080492,2
1096,15410,0.293136,2
1097,10702,1.0,2
1099,7082,0.1619999999999999,2
1100,9574,0.03669501,2
1100,9881,0.0491688,2
1100,11204,0.005177475,2
1101,7149,1.0,2
1101,10260,0.367848,2
1101,11193,0.0032422705152,2
1101,12214,0.230285,2
1102,10008,1.0,2
1103,9896,1.0,2
1104,9212,0.337644,2
1104,10422,1.0,2
1105,8117,0.589482,2
1105,10238,0.3485375,2
1105,11532,0.0131596771103999,2
1105,12571,0.038014957344,2
1105,13594,0.034769468,2
1105,14225,0.015942051,2
1105,15322,0.25677,2
1106,8086,0.4704675,2
1106,9217,0.0460576,2
1107,11475,0.2775539999999999,2
1108,9723,0.0647435549664,2
1108,10188,1.0,2
1108,10540,0.3583631709504,2
1108,11681,0.1886337078912,2
1109,8629,1.0,2
1109,10397,0.069738,2
1110,7853,0.0633984,2
1110,8119,1.0,2
1110,8685,0.3072479999999999,2
1110,8767,0.012949917552,2
1110,8768,0.023311,2
1110,9307,0.0019249415711999,2
1110,11879,0.557856,2
1110,12620,0.027537243552,2
1110,12891,0.3597059999999999,2
1110,14328,0.159756,2
1110,14909,0.0186140238336,2
1111,9240,0.4452275,2
1111,11498,0.30228,2
1112,8929,0.0814718588111999,2
1112,10602,0.1309732406928,2
1112,13625,0.160336,2
1113,8584,1.0,2
1114,10169,1.0,2
1114,12619,0.518694,2
1114,15190,0.298242,2
1115,7539,0.317052,2
1116,9202,0.1001584,2
1116,9436,0.0488256,2
1116,9454,0.032347658,2
1116,10407,0.0084977050752,2
1116,15017,0.014946863,2
1117,10794,1.0,2
1118,8347,0.0437584,2
1118,10035,0.0011226655104,2
1118,10689,1.0,2
1118,10874,0.0180865719551999,2
1118,12291,0.1338299999999999,2
1118,12739,0.0089036091647999,2
1118,12803,0.0061704595008,2
1118,13395,0.0020775613152,2
1119,10120,1.0,2
1119,10500,0.465282,2
1120,7102,1.0,2
1120,7602,0.361194,2
1120,13711,0.0425875736832,2
1120,13821,0.460914,2
1121,7518,0.08271,2
1121,8405,1.0,2
1122,10849,0.4202125,2
1123,9378,1.0,2
1123,13618,0.401958,2
1124,11038,1.0,2
1124,13959,0.1158119999999999,2
1125,12225,0.134394,2
1126,8866,1.0,2
1126,15031,0.30618,2
1128,9356,0.292458,2
1128,9510,0.3411539999999999,2
1129,11150,1.0,2
1130,15092,0.118554,2
1131,8789,1.0,2
1131,9576,0.20616,2
1132,8479,1.0,2
1133,8737,1.0,2
1135,8564,0.5376856,2
1136,9625,0.384198,2
1136,13717,0.1289999999999999,2
1138,9231,0.29298,2
1139,8313,1.0,2
1139,8407,0.0370421589888,2
1139,8723,0.010835263194,2
1139,8998,0.0540135999999999,2
1139,11381,0.0114361915007999,2
1139,14235,0.3093275,2
1140,10462,1.0,2
1141,9498,1.0,2
1141,12662,0.3636059999999999,2
1141,12670,0.465672,2
1141,14069,0.035184,2
1142,8991,0.0446208,2
1142,9046,0.5629259999999999,2
1142,14388,0.0064462777343999,2
1142,14709,0.0132515744256,2
1143,9519,0.39503,2
1144,12023,0.3494175,2
1145,10410,0.0377219999999999,2
1146,7885,0.0243099602927999,2
1146,8107,0.0161262015408,2
1146,8761,0.0869924999999999,2
1147,8026,0.199956,2
1147,10056,0.396025,2
1147,14256,0.4203275,2
1148,7110,0.302448,2
1148,11059,0.3665875,2
1149,7330,0.0285066694511999,2
1149,7502,0.0033451992479999,2
1149,12216,0.0327448416383999,2
1149,12440,0.0333291392063999,2
1150,10368,0.014295,2
1150,14863,0.364224,2
1152,11351,1.0,2
1153,10156,1.0,2
1154,9012,0.351858,2
1154,11274,1.0,2
1154,12757,0.4561559999999999,2
1154,13945,0.203322,2
1154,14503,0.5302619999999999,2
1154,15080,0.35438,2
1155,9774,0.2401379999999999,2
1155,10309,1.0,2
1156,14849,0.311136,2
1160,7331,1.0,2
1160,14528,0.230766,2
1162,7464,0.550854,2
1162,13075,0.3365074999999999,2
1162,14342,0.494322,2
1163,9683,0.0144984455712,2
1163,9770,0.0284711003471999,2
1163,12981,0.0244705161456,2
1163,13938,0.024854401152,2
1164,7842,1.0,2
1165,7463,0.0068301737184,2
1165,8304,0.0400592,2
1165,9618,0.3440575,2
1165,10894,0.1110184,2
1165,11481,0.0699767999999999,2
1165,12301,0.145266,2
1167,11007,0.207594,2
1168,8067,0.2768325,2
1169,10913,1.0,2
1170,7976,0.0585432,2
1170,8389,0.2664576,2
1170,9053,0.0528728,2
1170,9713,0.050112,2
1170,11429,0.088156,2
1170,12125,0.043852497,2
1171,8082,0.412025,2
1171,8919,0.1102199999999999,2
1171,10015,1.0,2
1171,10496,0.3297659999999999,2
1172,8812,0.359965,2
1173,8169,0.0550544,2
1173,8772,0.0225160384032,2
1173,10417,0.0105103253952,2
1173,11105,1.0,2
1173,12554,0.0269202802944,2
1173,15159,0.0319362866784,2
1174,8342,1.0,2
1174,11192,0.0230279999999999,2
1175,8570,0.13425,2
1175,9630,0.0229416365568,2
1175,10174,1.0,2
1175,10920,0.1606019999999999,2
1175,10921,0.31749,2
1175,12704,0.0167506981824,2
1176,9088,1.0,2
1176,11307,0.517164,2
1177,14550,0.1285275,2
1178,8386,1.0,2
1178,8534,0.024511401,2
1178,12130,0.499158,2
1178,14649,0.0501959999999999,2
1178,14759,0.0231531371135999,2
1179,9825,0.0301706198015999,2
1179,10424,0.02130916548,2
1181,10223,1.0,2
1183,7926,0.1378139999999999,2
1183,13045,0.393105,2
1184,8958,0.465738,2
1184,13148,0.2554725,2
1186,7059,1.0,2
1186,7415,0.381125,2
1186,8081,0.1177619999999999,2
1187,7524,0.5084339999999999,2
1188,10441,1.0,2
1189,9435,0.35656,2
1189,9749,1.0,2
1189,10406,0.0902399999999999,2
1190,8995,0.0970699999999999,2
1190,10755,1.0,2
1191,7345,0.20667,2
1191,10840,1.0,2
1191,12203,0.0700859999999999,2
1191,12489,0.2568539999999999,2
1191,14557,0.5727599999999999,2
1192,7738,0.4772879999999999,2
1192,8395,1.0,2
1192,12621,0.1151699999999999,2
1193,9102,0.382272,2
1194,14766,0.066012,2
1196,7821,1.0,2
1197,7962,0.148728,2
1197,8243,0.4440179999999999,2
1197,10392,0.1926419999999999,2
1197,11272,1.0,2
1197,13874,0.044682,2
1197,15507,0.3376979999999999,2
1198,8341,1.0,2
1199,8098,0.00982066371,2
1199,11327,0.0415272,2
1199,11442,0.503952,2
1199,12872,0.246942,2
1199,15438,0.176784,2
1200,10404,0.2448925,2
1202,9618,1.0,2
1202,12301,0.5212319999999999,2
1203,9201,0.30078,2
1204,8658,0.578154,2
1204,12233,0.1016496,2
1204,13873,0.50274,2
1205,11141,0.0030625,2
1205,12499,0.4195,2
1207,10592,1.0,2
1208,8719,0.04524,2
1208,10826,0.537492,2
1208,13075,0.0568379999999999,2
1208,14342,0.3650339999999999,2
1211,9364,0.2546879999999999,2
1211,13011,0.180792,2
1212,10647,0.47784,2
1213,7355,1.0,2
1213,7409,0.3050579999999999,2
1214,7750,0.258636,2
1214,11277,0.0494256,2
1214,11552,1.0,2
1215,6717,0.0737576,2
1215,7059,1.0,2
1215,7415,0.2057279999999999,2
1215,8081,0.018276306,2
1215,8374,0.045812816,2
1215,9786,0.0901768,2
1215,10299,0.096472,2
1215,12827,0.0333161604048,2
1216,8133,0.1741859999999999,2
1216,10926,1.0,2
1217,7555,0.411012,2
1217,8155,0.02776665984,2
1217,8233,1.0,2
1217,8970,0.0440568,2
1217,8986,0.02150412408,2
1217,9022,0.0768744,2
1217,9023,0.0397788120287999,2
1217,9764,0.0330925842144,2
1217,9790,0.083442,2
1217,9855,0.025383974,2
1217,9965,0.050212,2
1217,10215,0.0295979996544,2
1217,10396,0.0423136,2
1217,10579,0.2188559999999999,2
1217,10604,0.014503938456,2
1217,10772,0.027451603,2
1217,10891,0.022210976928,2
1217,10904,0.028814063,2
1217,11083,0.0874816,2
1217,11421,0.0548339999999999,2
1217,14524,0.0043185356496,2
1217,15189,0.110466,2
1218,7539,0.0432448,2
1218,9896,1.0,2
1219,8694,1.0,2
1219,15359,0.3121379999999999,2
1220,7801,1.0,2
1221,10233,0.030964350528,2
1221,10341,1.0,2
1222,8570,0.161616,2
1222,9630,0.0235149018624,2
1222,10174,1.0,2
1222,10920,0.133236,2
1222,10921,0.3060875,2
1222,12704,0.0171692644032,2
1223,7105,0.038359937232,2
1223,8248,0.0227445262848,2
1223,8284,0.2661944,2
1223,10095,0.1042032,2
1223,10703,1.0,2
1223,11119,0.0101698604255999,2
1223,12155,0.467454,2
1223,13509,0.0592649778144,2
1224,6712,0.42452,2
1225,9025,0.38077,2
1227,9733,0.3310079999999999,2
1227,10395,0.542514,2
1228,7857,1.0,2
1228,11177,0.0078359999999999,2
1229,11061,1.0,2
1229,12732,0.305454,2
1230,11150,0.3221975,2
1231,8999,1.0,2
1232,10516,1.0,2
1232,10947,0.2420275,2
1233,8467,1.0,2
1233,9017,0.4858619999999999,2
1234,7134,1.0,2
1234,13367,0.0380429131079999,2
1235,7085,1.0,2
1235,13628,0.0303183316896,2
1236,8033,0.25509,2
1236,8034,1.0,2
1237,10210,0.505608,2
1239,8086,1.0,2
1240,10246,1.0,2
1240,14926,0.309306,2
1241,11714,0.453864,2
1241,11892,0.014586,2
1242,8102,0.071784,2
1242,8406,0.0900359999999999,2
1242,8464,0.2312032,2
1242,8465,0.2312032,2
1242,8492,0.0418784,2
1242,8518,0.1348888,2
1242,9504,0.0618112,2
1242,9505,0.014941206564,2
1242,9633,0.2020224,2
1242,9649,0.0060774073152,2
1242,10072,0.1209672,2
1242,10193,0.066384,2
1242,10464,0.0355720898208,2
1242,11445,0.3293792,2
1242,11743,0.0618112,2
1242,12791,0.04196390568,2
1242,13845,0.0640934924304,2
1244,8542,1.0,2
1246,8498,0.401442,2
1246,9431,0.4174075,2
1247,7555,0.0359559873792,2
1247,8155,0.3174,2
1247,8233,0.0874816,2
1247,9022,0.0929376,2
1247,9023,0.0480907469951999,2
1247,9764,0.0400074062975999,2
1247,9790,0.0072996396672,2
1247,10215,0.3383339999999999,2
1247,10396,0.0676328,2
1247,10579,0.0191458730496,2
1247,10604,0.023182663938,2
1247,10904,0.034834871,2
1247,11083,1.0,2
1247,11421,0.0047969660543999,2
1247,15189,0.0096637424256,2
1248,11211,0.52038,2
1248,12693,0.3967139999999999,2
1248,13674,0.462294,2
1250,7863,0.1934759999999999,2
1252,8512,0.0480341350655999,2
1252,9587,1.0,2
1252,9709,0.15186,2
1252,12088,0.0229384376064,2
1252,14285,0.5895779999999999,2
1254,8142,0.4589975,2
1255,7137,0.0705119999999999,2
1255,8495,0.1938959999999999,2
1255,8643,0.0195890421888,2
1255,10200,0.0486752,2
1255,11025,1.0,2
1255,13528,0.413675,2
1255,15292,0.374442,2
1256,14585,0.2801875,2
1259,8717,0.0495688,2
1259,11440,1.0,2
1259,13425,0.0106631411184,2
1260,13293,0.159665,2
1261,9462,1.0,2
1262,8180,0.024702,2
1262,14628,0.060444,2
1263,10877,0.533454,2
1263,14639,0.16614,2
1265,9858,1.0,2
1266,10125,1.0,2
1266,13687,0.1483499999999999,2
1268,8888,0.5687099999999999,2
1268,10931,0.083328,2
1269,8642,0.4207499999999999,2
1269,8675,1.0,2
1269,10376,0.506466,2
1270,7331,1.0,2
1270,13247,0.007601490432,2
1270,14528,0.26082,2
1271,10655,1.0,2
1272,10860,0.2095499999999999,2
1272,11060,0.1267744,2
1272,11594,0.229872,2
1272,12699,0.45399,2
1272,14830,0.0678336853056,2
1275,12024,0.18216,2
1277,9037,1.0,2
1277,14700,0.4846319999999999,2
1279,7726,1.0,2
1281,8478,0.1666619999999999,2
1281,9681,1.0,2
1282,10610,0.02961,2
1282,12498,0.34828,2
1283,10952,0.170975,2
1284,7682,0.0117918100032,2
1284,8216,1.0,2
1284,8719,0.026164351,2
1284,10826,0.0092592094559999,2
1285,13300,0.1896719999999999,2
1286,15413,0.56898,2
1288,10228,0.042618,2
1288,10475,1.0,2
1288,13596,0.545004,2
1288,14673,0.4704959999999999,2
1289,7134,1.0,2
1289,13367,0.1671099999999999,2
1290,9579,0.536094,2
1291,10360,0.3850675,2
1291,10387,0.424195,2
1294,7416,0.0060756180479999,2
1294,9668,0.022404088,2
1294,10059,0.0773184,2
1294,10093,0.0253795222992,2
1294,10350,1.0,2
1294,11789,0.0169341610751999,2
1294,14225,0.0397422761472,2
1295,9374,1.0,2
1296,11894,0.3403259999999999,2
1296,12654,0.539586,2
1296,13032,0.0021539999999999,2
1296,15101,0.278964,2
1297,9741,0.34423,2
1298,14271,0.5707019999999999,2
1299,9205,0.0181460996928,2
1299,10001,0.010455833038,2
1300,7692,0.0533088,2
1300,8122,0.0567565269839999,2
1300,10497,0.54918,2
1300,10591,1.0,2
1301,9046,1.0,2
1302,8041,1.0,2
1302,8194,0.4180475,2
1303,9088,1.0,2
1303,11307,0.4857779999999999,2
1304,8130,0.20787,2
1304,8361,1.0,2
1304,8426,0.0530875,2
1305,7072,0.063092,2
1305,8144,0.031268016648,2
1305,8324,0.007464288336,2
1305,9051,1.0,2
1305,9478,0.0533999999999999,2
1305,13784,0.0009706160879999,2
1307,7691,1.0,2
1307,15207,0.0106590598224,2
1308,6708,0.0224632987536,2
1308,7444,0.0428024,2
1308,8682,0.000537711696,2
1308,9521,0.0446128,2
1308,9945,0.3273059999999999,2
1308,11084,0.034508728,2
1308,11129,0.0110484123024,2
1308,11974,0.120048,2
1308,12580,0.0227814370944,2
1308,12764,0.522564,2
1308,12905,0.008123039,2
1308,12979,0.322044,2
1308,13357,0.0144018148704,2
1308,14186,0.013603334976,2
1308,14224,0.0235059652176,2
1308,14363,0.0110221275936,2
1308,15145,0.015096317,2
1308,15146,0.034871182992,2
1308,15433,0.004225881,2
1311,13759,0.088494,2
1312,10344,1.0,2
1313,7168,1.0,2
1314,12458,0.0285719999999999,2
1315,8398,0.2700975,2
1315,9797,0.568146,2
1316,8469,1.0,2
1317,7728,1.0,2
1318,9678,0.2400475,2
1319,7803,0.180324,2
1319,10577,1.0,2
1323,10550,1.0,2
1324,10135,0.3880125,2
1324,10186,0.3852419999999999,2
1324,10187,0.275886,2
1324,12060,0.520776,2
1325,11043,1.0,2
1326,8640,0.0858328,2
1326,12683,0.034186346,2
1328,9118,0.4192859999999999,2
1328,10929,1.0,2
1329,10510,1.0,2
1330,10774,1.0,2
1330,11687,0.249144,2
1331,10607,0.34173,2
1331,13632,0.070578,2
1332,7810,1.0,2
1332,10899,0.549798,2
1332,15282,0.543816,2
1333,9723,0.083634,2
1333,10188,0.7741296000000001,2
1333,10540,0.462924,2
1333,11681,0.243672,2
1334,7521,1.0,2
1335,11549,0.57138,2
1335,13574,0.362424,2
1337,11721,0.472758,2
1337,14792,0.569976,2
1338,8349,0.0828174999999999,2
1339,11411,1.0,2
1339,11613,0.477216,2
1340,8141,0.0129082360752,2
1340,8900,1.0,2
1340,10956,0.0490968,2
1340,12011,0.0220428921024,2
1340,14421,0.0199204374384,2
1340,15193,0.346692,2
1340,15256,0.411204,2
1340,15441,0.058092,2
1340,15442,0.0195899999999999,2
1341,15151,0.3780225,2
1342,7591,0.0449992,2
1342,9197,0.0215626266576,2
1343,14771,0.423385,2
1345,9881,0.0423552,2
1345,11204,0.2437274999999999,2
1346,6699,0.303666,2
1346,11632,0.023151465,2
1347,8641,1.0,2
1348,9789,1.0,2
1348,11634,0.396708,2
1349,7330,0.0530925971327999,2
1349,7502,0.0065265938256,2
1349,7807,0.0495712,2
1349,10974,0.1214339999999999,2
1349,11246,0.010945569,2
1349,12216,0.0609860330495999,2
1349,12440,0.0620742652415999,2
1350,9051,0.1042739999999999,2
1351,7539,0.049412,2
1351,9896,0.0800464,2
1354,7526,0.0496584,2
1356,11132,1.0,2
1357,6717,0.343356,2
1357,8374,0.456642,2
1357,8471,0.0316297137503999,2
1357,9786,0.3423384,2
1357,10299,1.0,2
1357,10962,0.0441976,2
1357,12827,0.1379435101824,2
1358,7716,0.2048759999999999,2
1358,7907,1.0,2
1358,9573,0.575514,2
1358,10029,0.338946,2
1358,12873,0.419196,2
1358,14334,0.0508576758816,2
1358,15156,0.0065408726687999,2
1359,10394,1.0,2
1359,13429,0.2589025,2
1359,14426,0.508296,2
1360,12880,0.143064,2
1362,12588,0.0934199999999999,2
1363,11046,1.0,2
1363,12712,0.258984,2
1364,7734,1.0,2
1365,11505,1.0,2
1365,13424,0.281322,2
1366,8616,0.11043,2
1366,10217,1.0,2
1367,7470,0.4115819999999999,2
1367,8959,0.519066,2
1367,14156,0.0032201393999999,2
1368,7100,1.0,2
1369,9966,0.4000925,2
1370,8731,0.527118,2
1370,12528,0.3607,2
1371,7319,0.0501779999999999,2
1371,8150,0.4797659999999999,2
1371,9620,1.0,2
1372,8386,0.0411072,2
1372,8534,0.59628,2
1372,8740,0.0079002627263999,2
1372,12130,0.0205189877376,2
1372,12352,0.029769750108,2
1372,13697,0.0142199968512,2
1372,14649,0.0020634170111999,2
1372,14759,0.5632379999999999,2
1373,10094,0.4318675,2
1373,14762,0.2547779999999999,2
1374,10052,1.0,2
1375,11193,0.0959424999999999,2
1376,10824,1.0,2
1377,9717,1.0,2
1379,7591,0.3116425,2
1379,9197,1.0,2
1380,7578,1.0,2
1380,8289,1.0,2
1381,7604,0.0520927999999999,2
1381,9634,0.016517481,2
1381,9930,0.0042692133311999,2
1381,11036,0.0261506517552,2
1381,11113,1.0,2
1382,8039,0.18676,2
1382,9094,1.0,2
1382,14411,0.45885,2
1383,9754,0.139975,2
1384,8609,0.0206018883168,2
1384,8809,0.37257,2
1384,8810,0.5653072,2
1384,8868,0.484584,2
1384,8882,0.026452273,2
1384,8883,0.1557539999999999,2
1384,8886,0.016327107,2
1384,9595,0.036302649,2
1384,9900,0.0028843364928,2
1384,10166,0.0274501870175999,2
1384,10453,0.0173366144159999,2
1384,11612,0.38466,2
1385,12004,0.05310651762,2
1385,12300,0.359712,2
1385,14082,0.0619749147888,2
1385,14325,0.0754739999999999,2
1386,8484,1.0,2
1387,9240,0.2780675,2
1387,11498,1.0,2
1387,13597,0.2456519999999999,2
1388,8784,1.0,2
1389,12829,0.49803,2
1389,12869,0.59229,2
1391,7490,0.1571824,2
1391,7500,0.0109047209899999,2
1391,7868,1.0,2
1391,8211,0.1504504,2
1391,8634,0.087204,2
1391,12311,0.317262,2
1391,14415,0.066552599984,2
1391,14851,0.198786,2
1393,7079,0.013411051,2
1393,7336,0.2250174999999999,2
1393,10107,0.0105661889856,2
1394,9736,0.1019674999999999,2
1394,10881,1.0,2
1395,6717,1.0,2
1395,7059,0.065044,2
1395,7415,0.0133813720319999,2
1395,8081,0.013626936,2
1395,8374,0.4669824,2
1395,8471,0.03997923201,2
1395,9786,0.5025008,2
1395,10299,0.523464,2
1395,10962,0.0512512,2
1395,12827,0.3283190401296,2
1396,8984,0.16791,2
1396,9028,1.0,2
1397,9361,0.564168,2
1400,9477,1.0,2
1401,8790,1.0,2
1401,9636,0.5114759999999999,2
1402,9006,1.0,2
1404,7930,1.0,2
1405,7411,0.0701792,2
1405,8472,0.0018628366847999,2
1405,9916,1.0,2
1407,7620,0.0083944936704,2
1407,7622,0.001104838896,2
1407,7623,0.022188848,2
1407,12938,0.53997,2
1408,6719,0.018330489,2
1408,7783,0.0505352,2
1408,7938,0.032360764296,2
1408,8076,0.0046056317519999,2
1408,8158,0.0294489682559999,2
1408,8163,0.265824,2
1408,8773,0.349524,2
1408,8803,0.0175523081088,2
1408,8804,0.0046014250943999,2
1408,8805,0.006030552768,2
1408,8806,0.0144179999999999,2
1408,8808,0.0480935139552,2
1408,8870,0.037168828,2
1408,8885,0.0113574472224,2
1408,8922,0.017899600632,2
1408,8923,0.012866382672,2
1408,8924,0.020344601,2
1408,9411,0.0253893756479999,2
1408,9423,0.005587924,2
1408,9424,0.008857968336,2
1408,9425,0.0227636,2
1408,9629,0.068788,2
1408,10147,0.0283804263456,2
1408,10251,0.0250488836544,2
1408,10533,0.039587218848,2
1408,10609,0.457908,2
1408,11023,0.0505352,2
1408,11202,0.040616,2
1408,11366,0.423636,2
1408,11392,0.038516602,2
1408,13854,0.000517148184,2
1408,15252,0.002523959472,2
1409,11530,0.37764,2
1409,12833,0.2322359999999999,2
1409,12835,0.0252839999999999,2
1410,8159,0.0246247744128,2
1410,12718,0.019394460064,2
1411,10837,1.0,2
1411,11682,0.1549775,2
1412,8494,0.08828,2
1413,9741,0.3363175,2
1414,7431,0.0539864,2
1414,10742,1.0,2
1414,12347,0.020145506,2
1414,14523,0.088698,2
1414,14920,0.286734,2
1415,12784,0.2544975,2
1416,10056,0.398922,2
1416,14256,0.011864348064,2
1417,7713,1.0,2
1417,8169,0.0626848,2
1417,8772,0.0256367041343999,2
1417,9922,0.329538,2
1417,9923,0.0575272,2
1417,10417,0.0119670297984,2
1417,11740,0.4256339999999999,2
1417,12554,0.0306513627647999,2
1417,15159,0.0363625748928,2
1418,10282,1.0,2
1418,12618,0.30651,2
1419,9251,0.135036,2
1421,9419,1.0,2
1422,8017,1.0,2
1422,13046,0.467226,2
1423,10535,0.132504,2
1423,11447,0.4076349999999999,2
1424,7055,0.06568290261,2
1424,9498,1.0,2
1424,10873,0.0632482788599999,2
1424,12662,0.236778,2
1424,12670,0.391185,2
1425,7312,1.0,2
1427,7402,0.0817144,2
1427,8200,0.32079,2
1427,8203,0.4820879999999999,2
1427,8906,1.0,2
1427,10084,0.1547039999999999,2
1427,10132,0.330588,2
1427,11284,0.536028,2
1427,13043,0.521172,2
1427,14140,0.033992373,2
1428,7340,0.0065966193216,2
1428,11087,0.543246,2
1428,15212,0.0283574999999999,2
1429,8664,0.1334519999999999,2
1429,9246,0.087234,2
1429,10571,0.299886,2
1429,11006,0.060066,2
1430,8470,0.4781475,2
1430,8522,0.0135356159568,2
1430,9368,0.0222854186304,2
1430,10580,0.0010168259519999,2
1431,7063,0.37221,2
1431,9209,0.591522,2
1431,13030,0.1991099999999999,2
1431,14514,0.0103379999999999,2
1432,10340,1.0,2
1433,7711,0.6230672,2
1433,7809,0.0458385908544,2
1434,9006,0.0533970480096,2
1435,10130,0.289705,2
1436,7154,0.018594153,2
1436,13496,0.010731722856,2
1438,8053,0.0203593691231999,2
1438,9961,0.0102323000016,2
1438,10781,0.0584616,2
1438,13739,0.0221342632992,2
1439,8576,1.0,2
1440,8195,1.0,2
1440,10491,0.3369675,2
1441,9640,1.0,2
1441,14090,0.25090542624,2
1442,7832,0.213780165312,2
1442,8012,0.0403449785664,2
1442,8891,0.3998432,2
1442,9803,0.1836671742336,2
1442,11545,0.0308714079744,2
1443,8948,0.0781799999999999,2
1443,10131,1.0,2
1443,11096,0.3581159999999999,2
1444,11034,1.0,2
1444,14476,0.0092149432704,2
1445,9979,1.0,2
1445,10933,0.0442048,2
1445,13412,0.4159259999999999,2
1445,13974,0.585564,2
1446,7412,0.5866979999999999,2
1446,15335,0.358992,2
1447,9736,0.147535,2
1447,10881,0.500346,2
1447,11504,0.013319263,2
1448,10534,0.0590724999999999,2
1448,11368,1.0,2
1451,12157,0.4170719999999999,2
1452,7926,0.0535152,2
1452,9761,0.316692,2
1452,10630,0.313415,2
1452,13045,0.0243810969984,2
1453,7157,0.0171825269184,2
1453,7516,0.1365,2
1453,8251,0.1365744,2
1453,9202,0.1669752,2
1453,9436,0.08072,2
1453,9454,0.0539271454679999,2
1453,9791,0.041632,2
1453,10039,1.0,2
1453,10289,0.0052471932,2
1453,10407,0.01404867024,2
1453,11396,0.028738168704,2
1453,13557,0.394788,2
1453,14362,0.0498821607072,2
1453,14885,0.013922157,2
1454,7881,0.4238039999999999,2
1454,11517,1.0,2
1454,14532,0.1228979999999999,2
1455,7886,0.380154,2
1455,8785,0.07686,2
1455,10757,1.0,2
1455,13600,0.061386,2
1456,8728,0.0708488,2
1456,8905,0.0230519323584,2
1456,9154,0.052708,2
1456,9292,0.012470607,2
1456,10552,1.0,2
1456,12318,0.009637341552,2
1456,13065,0.023321076264,2
1456,13434,0.025215402,2
1456,14323,0.026140427,2
1456,14464,0.0029657737439999,2
1456,14699,0.029094768208,2
1456,15456,0.104022,2
1457,7576,0.0607688,2
1457,9487,1.0,2
1457,11113,0.0497368,2
1457,11219,0.0129630168144,2
1457,11900,0.0061134586128,2
1457,12238,0.26226,2
1458,9364,0.548526,2
1458,13011,0.0421262270832,2
1459,10149,1.0,2
1459,12479,0.432996,2
1459,12567,0.542988,2
1459,14022,0.5629139999999999,2
1459,14780,0.526392,2
1460,7825,1.0,2
1460,11653,0.5960519999999999,2
1460,11713,0.1478699999999999,2
1460,12154,0.243606,2
1460,14333,0.4638839999999999,2
1460,14836,0.1956719999999999,2
1462,7863,0.211854,2
1463,9979,0.0442048,2
1463,10933,1.0,2
1463,13412,0.0183859256448,2
1463,13974,0.0258847395072,2
1464,9988,0.4757475,2
1466,9811,1.0,2
1466,12297,0.013884,2
1467,9374,0.01981561186,2
1467,9637,0.0333804735024,2
1467,10203,0.058124,2
1467,10890,0.0663784,2
1467,10897,0.0663784,2
1468,7056,0.233778,2
1468,11154,0.0532979999999999,2
1468,12366,0.48234,2
1468,13619,0.0571319999999999,2
1468,15530,0.41862,2
1469,10128,1.0,2
1471,9189,1.0,2
1471,9635,0.222294,2
1471,10461,0.3018,2
1471,11266,0.220464,2
1471,11973,0.4473299999999999,2
1471,12544,0.05445,2
1471,12861,0.342846,2
1471,13231,0.5309159999999999,2
1471,14226,0.019422,2
1472,7980,0.331122,2
1472,8807,0.00315354144,2
1472,8873,0.37722,2
1472,8874,0.430908,2
1472,8875,1.0,2
1472,8917,0.079344,2
1472,10423,0.056274,2
1472,10709,0.102072,2
1472,11385,0.0028687553663999,2
1472,14661,0.145764,2
1473,8551,1.0,2
1474,9068,1.0,2
1475,8819,0.285456,2
1475,12896,0.490026,2
1477,9791,1.0,2
1477,10289,0.153045,2
1477,14885,0.269592,2
1478,11699,1.0,2
1478,12281,0.479052,2
1479,9127,0.01001510576,2
1479,9547,1.0,2
1479,10121,0.53703,2
1479,11309,0.1068848,2
1479,13896,0.0240163732512,2
1479,15180,0.1363799999999999,2
1480,10986,0.5801879999999999,2
1480,13556,0.401395,2
1481,9881,0.3967575,2
1481,11204,0.4102739999999999,2
1482,11076,1.0,2
1483,7100,1.0,2
1484,8432,0.2212259999999999,2
1484,10442,1.0,2
1485,8218,1.0,2
1486,7326,0.148608,2
1487,7920,1.0,2
1487,10431,0.0224897305248,2
1487,10432,0.014713208004,2
1487,15120,0.304932,2
1487,15406,0.571704,2
1488,10915,1.0,2
1489,9414,0.506778,2
1489,9502,1.0,2
1489,10829,0.240588,2
1489,13540,1.0,2
1489,14073,0.121236,2
1490,11107,0.385355,2
1491,9998,1.0,2
1492,9401,1.0,2
1493,8349,0.35783,2
1494,13488,0.55083,2
1494,13713,0.460902,2
1495,8761,1.0,2
1495,12828,0.4519019999999999,2
1497,11593,1.0,2
1498,9432,0.5067659999999999,2
1498,10526,0.225786,2
1498,10734,0.532548,2
1499,8386,1.0,2
1499,12130,0.524412,2
1499,14649,0.07545,2
1500,8639,0.415434,2
1500,9408,0.5191592,2
1500,10472,0.5191592,2
1500,11602,1.0,2
1502,8305,0.024156503064,2
1502,9840,0.0660016,2
1502,12044,0.0004105550016,2
1502,12166,0.0234651528384,2
1502,12285,0.5367299999999999,2
1502,12536,0.0380398901568,2
1502,14439,0.0071760899616,2
1502,14901,0.55902,2
1502,15085,0.3618959999999999,2
1502,15109,0.0220799112576,2
1502,15222,0.0146911720608,2
1504,7711,1.0,2
1504,7809,0.0520845182207999,2
1505,8249,1.0,2
1505,11181,0.4760999999999999,2
1505,11322,0.434202,2
1505,14315,0.186384,2
1506,8102,0.1102416,2
1506,8406,0.0559232,2
1506,8464,1.0,2
1506,8465,1.0,2
1506,8518,0.1109512,2
1506,9633,0.2041512,2
1506,9649,0.026286,2
1506,10072,0.0495464,2
1506,10193,0.00117851338,2
1506,10464,0.0279255982463999,2
1506,11445,0.2429536,2
1506,12791,0.034516918,2
1506,13845,0.0527193502896,2
1507,8161,0.1791779999999999,2
1507,10115,0.1215112,2
1507,12036,0.4648199999999999,2
1508,12021,0.3491174999999999,2
1508,13581,0.5768639999999999,2
1509,10328,1.0,2
1509,10836,0.0503152,2
1509,14934,0.119418,2
1510,9208,0.115392,2
1510,11081,1.0,2
1510,11353,0.3773825,2
1511,7581,1.0,2
1511,7856,0.020161908,2
1511,8526,0.0012357727872,2
1511,9784,0.0531104,2
1511,13091,0.1156736,2
1514,8728,0.0697312,2
1514,8905,0.0226883010816,2
1514,9154,1.0,2
1514,9292,0.2365979999999999,2
1514,10552,0.052708,2
1514,12318,0.182844,2
1514,12963,0.0096665202816,2
1514,13065,0.442458,2
1514,13434,0.478398,2
1514,14323,0.4959479999999999,2
1514,14464,0.0562679999999999,2
1514,14699,0.028635814592,2
1514,15456,0.005482791576,2
1515,8063,1.0,2
1515,8943,0.0410159999999999,2
1516,8019,1.0,2
1516,8020,0.591366,2
1516,15495,0.29976,2
1517,11013,1.0,2
1517,12883,0.0015824999999999,2
1518,8590,1.0,2
1519,10422,0.3798175,2
1519,10683,1.0,2
1520,8238,1.0,2
1520,10036,0.55248,2
1520,14908,0.170076,2
1521,11148,0.4008899999999999,2
1522,8040,1.0,2
1522,9539,1.0,2
1523,8118,0.0995136,2
1523,8168,0.1353912,2
1523,8411,0.223158,2
1523,10760,0.0651888,2
1523,10991,0.0535826998656,2
1523,11049,1.0,2
1523,11651,0.03636226944,2
1523,12058,0.0139364527968,2
1523,12112,0.0036089823455999,2
1523,12430,0.0318190444128,2
1523,12821,0.0081214814592,2
1523,14340,0.0367903423007999,2
1523,14870,0.0515491162704,2
1523,14985,0.001572353856,2
1525,10507,0.0806999999999999,2
1525,11845,0.4248779999999999,2
1526,7533,1.0,2
1526,8314,0.1896775,2
1527,15454,0.300738,2
1528,7826,1.0,2
1529,8098,0.2364875,2
1529,9689,0.0581064,2
1529,10144,0.023605201984,2
1529,11327,1.0,2
1529,11442,0.0209277154944,2
1529,12872,0.0102548098223999,2
1529,15438,0.0073413445247999,2
1530,7328,0.262402225,2
1530,8698,0.2748599999999999,2
1530,9254,1.0,2
1530,9800,0.2452003484352,2
1530,10545,0.5149472,2
1530,10570,0.2006934619392,2
1530,11303,1.0,2
1530,11417,0.2941594684224,2
1530,11581,0.258490502,2
1532,8489,0.0123622820543999,2
1532,8914,0.0860144,2
1532,9031,0.0048037322112,2
1532,9044,0.023353065216,2
1532,9220,0.450168,2
1532,9397,0.0530848,2
1532,10092,0.44905,2
1532,11628,0.118758,2
1532,12594,0.0168287309567999,2
1532,12726,0.0106979549856,2
1533,8456,0.328296,2
1533,12458,0.379278,2
1534,8628,1.0,2
1535,9934,1.0,2
1536,8428,0.0684648,2
1536,8498,0.0221339767104,2
1536,9825,0.550446,2
1536,10424,0.4104225,2
1536,13086,0.013275838206,2
1537,11349,0.0228442923792,2
1537,15357,0.125406,2
1538,8887,1.0,2
1538,10651,0.5546760000000001,2
1539,9286,0.2649968,2
1539,9738,0.0454936,2
1539,10970,0.016301607954,2
1539,14609,0.0014557042127999,2
1541,7047,0.29407,2
1541,8091,0.1775939999999999,2
1541,8219,1.0,2
1541,13760,0.09726,2
1542,9059,0.2922125,2
1543,7355,0.544632,2
1543,7409,1.0,2
1545,11930,0.1850775,2
1547,8319,0.579318,2
1547,14406,0.173682,2
1548,9702,1.0,2
1549,10118,1.0,2
1549,12097,0.47295,2
1550,12178,0.4317119999999999,2
1551,7922,1.0,2
1551,10354,0.500196,2
1553,11627,0.026677856254,2
1554,8369,0.4336019999999999,2
1555,9833,1.0,2
1555,12008,0.024408439,2
1555,14336,0.5247719999999999,2
1556,7065,1.0,2
1557,8864,1.0,2
1558,7767,1.0,2
1558,10925,0.3497999999999999,2
1558,12391,0.081864,2
1559,7652,1.0,2
1559,13183,0.468468,2
1559,14960,0.556824,2
1560,7517,0.0582899999999999,2
1560,7763,0.167676,2
1560,8274,0.0287339999999999,2
1560,10736,0.407205,2
1561,7420,0.53481,2
1561,11869,0.164925,2
1562,9599,1.0,2
1562,10694,0.019455847488,2
1562,11001,0.0054034216896,2
1562,11015,0.0408496,2
1563,7509,1.0,2
1564,15521,0.412626,2
1565,9675,0.492945,2
1565,9868,0.130428,2
1566,9916,1.0,2
1567,9770,0.598062,2
1567,12981,0.514026,2
1568,9825,0.567174,2
1568,10424,0.4034525,2
1569,7328,0.4050574849439999,2
1569,8698,0.1415383873919999,2
1569,9254,0.5149472,2
1569,9800,0.476166,2
1569,10545,1.0,2
1569,10570,0.389736,2
1569,11303,0.5149472,2
1569,11417,0.5712419999999999,2
1569,11581,0.39901915,2
1570,9512,1.0,2
1571,7754,0.372642,2
1571,8828,0.582624,2
1571,14539,0.489342,2
1572,9006,0.0058259999999999,2
1573,9414,1.0,2
1573,9502,0.3631979999999999,2
1573,10829,0.568176,2
1573,13540,0.327786,2
1573,14073,0.0525594276815999,2
1574,7055,0.075010056192,2
1574,9609,1.0,2
1575,8276,1.0,2
1576,10230,1.0,2
1576,14430,0.1269959999999999,2
1576,15227,0.303115,2
1577,7087,1.0,2
1577,10512,0.0002081204639999,2
1578,6716,0.531678,2
1579,10179,1.0,2
1580,8577,0.0803639999999999,2
1580,8589,0.11289,2
1580,11056,1.0,2
1580,11167,0.007782,2
1581,7692,0.0038221826399999,2
1581,8480,0.007063952832,2
1581,8778,0.0428352,2
1581,10059,1.0,2
1581,10093,0.338802,2
1581,10350,0.0749096,2
1581,10946,0.0242037727488,2
1581,11836,0.022394364,2
1581,12054,0.0115511113728,2
1581,14225,0.4437239999999999,2
1581,15026,0.020738208,2
1581,15198,0.0145247309568,2
1582,11105,1.0,2
1583,11729,0.2205659999999999,2
1584,8154,0.019887634524,2
1584,9015,1.0,2
1584,11190,0.0255680586816,2
1585,10798,0.063726,2
1586,7455,0.2173499999999999,2
1587,8404,0.250725,2
1587,12639,0.337866,2
1588,7059,1.0,2
1588,7415,0.3958625,2
1588,8081,0.153132,2
1589,8439,1.0,2
1591,8286,0.0795,2
1592,9359,1.0,2
1592,12433,0.2300099999999999,2
1592,14829,0.2495632648,2
1592,15485,0.52743,2
1593,9924,0.0120438951119999,2
1593,10179,0.3348899999999999,2
1593,11427,1.0,2
1593,12242,0.008124434,2
1595,11355,1.0,2
1595,12403,0.5830559999999999,2
1598,7869,1.0,2
1599,9212,0.3715559999999999,2
1599,10422,1.0,2
1600,10868,0.2021848,2
1600,13376,0.00079956864,2
1601,8332,0.0660544,2
1601,9698,0.0410936,2
1601,10534,0.0052019930379999,2
1601,11368,0.0408472,2
1601,15319,0.013978296242,2
1602,8258,0.4063475,2
1602,8311,0.5620799999999999,2
1602,15371,0.228174,2
1603,7155,0.346944,2
1603,7352,0.1599504,2
1603,7857,0.0443376,2
1603,9948,0.0440688,2
1603,10100,0.0252723110112,2
1603,10197,0.027441264,2
1603,10565,0.0144257289119999,2
1603,11177,0.1047368,2
1603,12512,0.0262353845088,2
1603,13227,0.0160979575824,2
1603,13662,0.0817781609088,2
1603,14114,0.0010243351872,2
1603,14707,0.0239937057792,2
1604,10794,1.0,2
1606,9535,0.0131749359359999,2
1608,11033,1.0,2
1609,12195,0.428928,2
1610,9392,0.41439,2
1610,10566,1.0,2
1610,11493,0.046732,2
1610,14078,0.3924798053759999,2
1610,14833,0.021421418112,2
1610,15087,0.0130581647424,2
1610,15216,0.017134872,2
1611,8735,0.0544979999999999,2
1611,9057,1.0,2
1612,12528,0.007176790368,2
1612,13318,0.142975,2
1612,13957,0.008372211804,2
1614,8249,0.5154599999999999,2
1614,11181,0.2486699999999999,2
1614,11322,0.0205489537007999,2
1614,14315,0.413814,2
1615,6717,0.6801208000000001,2
1615,8374,0.5921120000000001,2
1615,8471,0.040159461,2
1615,9786,0.2806808,2
1615,10299,1.0,2
1615,12827,0.1735225799999999,2
1616,9400,0.0533848,2
1616,9571,1.0,2
1616,10268,0.262074,2
1616,11008,0.0459168,2
1616,11494,0.005081612256,2
1616,11502,0.0184045554432,2
1616,13969,0.314808,2
1617,7158,0.264738,2
1617,8968,0.0569424,2
1617,9189,0.2392019999999999,2
1617,9635,1.0,2
1617,10461,0.5613984000000001,2
1617,11973,0.079999272,2
1617,12544,0.427248,2
1617,12861,0.0213421215743999,2
1617,13231,0.335016,2
1617,14694,0.0128783209536,2
1618,10915,1.0,2
1619,8067,1.0,2
1620,9198,1.0,2
1620,11238,0.192192,2
1620,12924,0.328218,2
1620,13048,0.0589919999999999,2
1620,13416,0.576498,2
1621,9527,1.0,2
1621,14502,0.052338,2
1626,9440,0.552732,2
1626,11182,0.486666,2
1626,11974,0.10395,2
1626,12122,0.341088,2
1626,12979,0.007896597792,2
1626,14778,0.4343339999999999,2
1628,8530,1.0,2
1629,9026,0.107652,2
1629,9417,0.004759963,2
1629,12550,0.513096,2
1629,14888,0.254826,2
1630,10134,1.0,2
1630,10801,0.320544,2
1630,13513,0.294675,2
1630,13659,0.5374319999999999,2
1630,15077,0.4850759999999999,2
1630,15455,0.284772,2
1631,8021,0.411895,2
1631,9288,0.34459,2
1632,7058,0.397014,2
1632,9942,1.0,2
1633,9400,0.4768032,2
1633,11008,0.2900819999999999,2
1633,11494,0.5314439999999999,2
1633,11502,1.0,2
1633,12516,0.1277819999999999,2
1633,13969,0.127506712,2
1633,14752,0.365058,2
1634,15452,0.3879059999999999,2
1635,9498,1.0,2
1635,12662,0.18453,2
1635,12670,0.369415,2
1635,14069,0.0108836503488,2
1636,10059,0.0087510216,2
1636,10093,1.0,2
1636,11116,0.370932,2
1637,10402,1.0,2
1637,14212,0.0489239999999999,2
1638,11347,0.3396659999999999,2
1639,7332,0.0411104,2
1639,8993,0.0019254466944,2
1639,9439,0.021289425,2
1639,9608,0.024407497,2
1639,10797,0.021785954258,2
1639,12563,0.005264692,2
1639,12847,0.0194426703552,2
1640,11019,0.588936,2
1640,13992,0.19524,2
1640,14410,0.468792,2
1640,15235,0.3300659999999999,2
1641,10470,1.0,2
1642,9084,0.005562150792,2
1642,9280,0.368735,2
1642,10761,0.0135224689248,2
1643,10599,0.285726,2
1643,12488,0.336744,2
1645,8743,1.0,2
1646,8632,0.0520679999999999,2
1647,9187,1.0,2
1648,8284,0.567942,2
1648,10703,0.3365568,2
1648,11119,0.0059122670927999,2
1648,12155,0.3580649999999999,2
1648,13509,0.05596980147,2
1649,10724,0.442548,2
1649,10795,1.0,2
1650,8737,1.0,2
1651,10195,1.0,2
1651,10974,0.0400975,2
1653,7541,0.1913699999999999,2
1653,9785,0.4204,2
1655,10208,0.599136,2
1655,11333,0.538338,2
1656,8102,0.066724,2
1656,8406,0.0085927477247999,2
1656,8464,1.0,2
1656,8465,0.5934576,2
1656,8518,0.03429707,2
1656,9633,0.1174296,2
1656,9649,0.0040774212336,2
1656,10072,0.018317119944,2
1656,10193,0.00053831598,2
1656,10464,0.0121016781024,2
1656,11445,0.0866472,2
1656,12791,0.002546988528,2
1656,13845,0.0134935945199999,2
1657,9095,0.1954499999999999,2
1658,7162,1.0,2
1659,11565,1.0,2
1660,11436,1.0,2
1660,14445,0.3292899999999999,2
1661,7540,0.1703219999999999,2
1661,7838,0.0052473554303999,2
1661,7940,1.0,2
1661,9601,0.0481712,2
1661,10078,0.0246545982143999,2
1661,15404,0.515574,2
1662,9352,0.0456408,2
1662,10808,1.0,2
1662,12909,0.0174737628432,2
1662,15036,0.014704096536,2
1663,9266,1.0,2
1664,9498,1.0,2
1664,12662,0.3454799999999999,2
1664,12670,0.447546,2
1664,14069,0.0324790511808,2
1665,9353,1.0,2
1665,15165,0.4512179999999999,2
1666,11940,0.586278,2
1666,12109,0.580032,2
1666,12474,0.0062099999999999,2
1666,12802,0.4732379999999999,2
1666,13270,0.542484,2
1666,14682,0.4171919999999999,2
1667,10127,1.0,2
1668,11140,0.548184,2
1668,13420,0.518016,2
1668,13504,0.030852,2
1669,8417,0.12615,2
1669,10963,1.0,2
1670,10344,0.14353,2
1670,10903,1.0,2
1671,8033,0.0404459999999999,2
1671,12334,0.371425,2
1673,7583,0.0441816,2
1673,8489,0.2381339999999999,2
1673,8914,0.079564,2
1673,9031,0.0469256,2
1673,9044,0.4451759999999999,2
1673,9220,0.0180196848384,2
1673,9397,1.0,2
1673,10092,0.017974933,2
1673,10574,0.0100534343952,2
1673,11628,0.0047537402304,2
1673,12594,0.322272,2
1673,12726,0.025625601,2
1673,13931,0.004289466144,2
1673,14206,0.0152359814399999,2
1675,10655,0.083484,2
1675,10844,0.588966,2
1675,14353,0.119304,2
1676,10755,0.5032260000000001,2
1678,8574,0.1877849999999999,2
1681,8981,1.0,2
1682,8719,0.0998879999999999,2
1682,10826,0.59214,2
1682,13075,0.0048917965727999,2
1682,14342,0.3103859999999999,2
1683,9370,0.0405656,2
1685,10071,0.434778,2
1686,8759,0.2708339999999999,2
1686,8991,0.1243016,2
1686,9706,0.3624479999999999,2
1686,10106,0.0431664,2
1686,11488,0.1411499999999999,2
1686,14388,0.0179576035487999,2
1686,14709,0.0369153377712,2
1687,7405,0.047964,2
1687,7473,0.0585144,2
1687,7896,0.227124,2
1687,8173,0.094390317,2
1687,8394,0.1543193862384,2
1687,8646,0.4838295999999999,2
1687,9877,0.0280644424704,2
1687,10061,1.0,2
1687,12092,0.4365659999999999,2
1687,12219,0.0313727296176,2
1687,14231,0.395952,2
1687,14597,0.574476,2
1687,15279,0.3773339999999999,2
1688,10341,1.0,2
1689,8551,0.3277139999999999,2
1690,9364,0.594792,2
1690,13011,0.0402006352176,2
1691,11373,0.289998,2
1691,12515,0.41811,2
1692,8086,0.1620059999999999,2
1692,11646,0.2262525,2
1693,8442,0.1593599999999999,2
1693,14731,0.4255075,2
1695,7711,0.5786968,2
1695,7809,0.0413785118304,2
1696,10808,0.0535416,2
1698,8335,1.0,2
1698,8373,0.0055499999999999,2
1698,9689,0.41067,2
1699,7822,0.578184,2
1700,7152,0.0112849803263999,2
1700,9191,0.4689299999999999,2
1701,10622,1.0,2
1702,10743,0.1276999999999999,2
1703,9094,0.28095,2
1703,14411,1.0,2
1704,9380,0.416715,2
1704,13768,0.078144,2
1705,8594,1.0,2
1706,9496,0.020308531,2
1707,11224,0.352115,2
1708,7545,0.014277964,2
1708,9613,0.019406128,2
1708,10095,1.0,2
1709,9453,0.0153223838208,2
1709,10803,1.0,2
1709,12507,0.29702,2
1709,15083,0.0264743813376,2
1710,10516,1.0,2
1710,10947,0.2535325,2
1711,9789,0.0443224,2
1711,11634,0.0175830506592,2
1712,10017,1.0,2
1713,8281,1.0,2
1714,14090,0.279505,2
1715,9827,0.156345,2
1717,7470,0.387324,2
1717,8959,0.543324,2
1717,14156,0.0081218932799999,2
1718,10269,1.0,2
1718,10426,0.164838,2
1719,10104,1.0,2
1721,7315,0.1991675,2
1721,7316,0.0518939999999999,2
1722,9391,1.0,2
1723,6714,1.0,2
1723,9223,0.0884881001472,2
1724,6722,0.013309102356,2
1724,9546,1.0,2
1726,7508,1.0,2
1726,9968,0.3951659999999999,2
1726,11459,0.0146979778415999,2
1726,13447,0.452364,2
1727,11729,0.299724,2
1728,7776,1.0,2
1728,8362,0.075304,2
1728,13741,0.018876,2
1728,14654,0.039264409248,2
1729,9139,0.0682664,2
1729,9303,0.055504,2
1729,9304,0.012124016,2
1729,10332,0.2287124999999999,2
1730,9856,1.0,2
1732,9422,0.5568,2
1732,12392,0.02997,2
1733,8197,0.458592,2
1734,7497,0.37499,2
1735,7976,1.0,2
1735,8389,0.1777248,2
1735,9713,0.0029337168384,2
1736,8511,1.0,2
1737,9490,1.0,2
1738,8045,1.0,2
1738,10398,0.53583,2
1739,7154,0.423505,2
1739,10222,0.343458,2
1740,12021,0.3561275,2
1740,13581,0.56004,2
1742,8979,1.0,2
1743,10278,1.0,2
1744,7074,0.1032648,2
1744,7479,1.0,2
1744,12330,0.208925,2
1744,13274,0.0349630126272,2
1744,15486,0.025623095,2
1745,8079,1.0,2
1745,10558,0.0929459999999999,2
1746,7328,0.023880352,2
1746,8698,0.0018426888576,2
1746,9254,0.0204440366592,2
1746,9800,0.0162834484608,2
1746,10007,1.0,2
1746,10545,0.0232359716736,2
1746,10570,0.0120526653888,2
1746,11303,0.0176873459328,2
1746,11417,0.0209374566911999,2
1746,11581,0.023524359,2
1747,11577,1.0,2
1747,12019,0.246606,2
1747,14228,0.033738,2
1747,15058,0.100176,2
1748,10275,1.0,2
1749,7315,0.05015913,2
1749,10712,0.504084,2
1750,8609,0.0531824,2
1750,8809,0.4033875,2
1750,8810,0.080736,2
1750,8868,0.276606,2
1750,8882,0.0457260012,2
1750,8883,1.0,2
1750,8886,0.0554219999999999,2
1750,9595,0.0163791155519999,2
1750,9900,0.0257020966368,2
1750,10166,0.0050841162816,2
1750,10453,0.0041005694783999,2
1750,11612,0.047416034,2
1751,8295,1.0,2
1751,8647,0.0632456,2
1751,12511,0.3403019999999999,2
1752,10077,1.0,2
1752,10714,0.522216,2
1752,13220,0.3619379999999999,2
1752,13764,0.218382,2
1752,14316,0.033966,2
1752,14511,0.0608339999999999,2
1753,9034,0.4940279999999999,2
1753,9950,0.0472792,2
1753,10549,0.0085068518976,2
1753,15298,0.0080626165344,2
1754,7856,0.014986872,2
1754,8455,0.0460792,2
1754,10581,0.042972,2
1754,10856,1.0,2
1754,13091,0.0859832,2
1755,11560,1.0,2
1756,11726,0.4276225,2
1756,13687,0.2033579999999999,2
1756,14530,0.1852379999999999,2
1758,10028,1.0,2
1758,11225,0.312126,2
1758,11712,0.558162,2
1758,12188,0.460068,2
1758,12481,0.3376559999999999,2
1759,8159,0.444966,2
1759,12718,0.3504549999999999,2
1760,7072,0.0590016,2
1760,8144,0.0292408389504,2
1760,8148,0.0495208,2
1760,8324,0.0069803612928,2
1760,9051,0.081332,2
1760,9478,0.0043431287999999,2
1760,9805,0.0184654149455999,2
1760,10901,0.0071751810911999,2
1760,10902,0.0777848,2
1760,13325,0.024476543016,2
1760,13784,0.0119339999999999,2
1760,14971,0.0192055338288,2
1761,8123,1.0,2
1762,9205,0.30405,2
1762,10001,0.2459374999999999,2
1763,8399,1.0,2
1763,14427,0.0438539999999999,2
1764,7603,0.02349233568,2
1764,7980,0.0049386155615999,2
1764,8174,0.412365,2
1764,8871,0.0224110786944,2
1764,8872,0.019408388736,2
1764,8873,0.0439152,2
1764,8874,0.0439152,2
1764,8875,0.018545279,2
1764,8987,0.0455187058079999,2
1764,9029,0.042375343,2
1764,9203,0.020617544,2
1764,9356,0.0673952,2
1764,9931,0.0227095375679999,2
1764,10042,0.0320517418752,2
1764,10151,0.121236,2
1764,10564,0.5418959999999999,2
1764,10834,0.042238307,2
1764,10966,0.0600112,2
1764,11028,0.060060236,2
1764,11342,0.083756,2
1764,11600,1.0,2
1766,9414,0.579648,2
1766,9502,0.334938,2
1766,10829,1.0,2
1766,13540,0.299526,2
1767,8121,1.0,2
1767,12285,0.0254122462224,2
1767,14901,0.0264710779776,2
1767,15085,0.250452,2
1768,11930,0.0882,2
1769,8024,1.0,2
1769,10500,0.1164539999999999,2
1770,7988,1.0,2
1773,11089,0.37917,2
1773,11294,0.1310219999999999,2
1774,9392,0.4704779999999999,2
1774,10566,1.0,2
1774,11493,0.0467576,2
1774,14078,0.3920840213184,2
1774,14833,0.02191398,2
1774,15087,0.0133584229584,2
1774,15216,0.017144259,2
1775,7836,1.0,2
1775,12583,0.12522,2
1776,8367,1.0,2
1777,9364,0.04028374428,2
1778,7421,0.5675399999999999,2
1778,11397,1.0,2
1779,9488,0.30989,2
1779,10509,1.0,2
1780,9856,0.2679675,2
1781,9034,0.55983,2
1782,10951,1.0,2
1782,11380,0.111942,2
1783,8411,0.3324,2
1783,11049,1.0,2
1784,9364,0.4533719999999999,2
1784,13011,0.0486883277711999,2
1785,7155,0.126204,2
1785,7352,1.0,2
1785,7857,0.076836,2
1785,9948,0.0787752,2
1785,10100,0.0451755290448,2
1785,10197,0.051998214,2
1785,10565,0.0272061669599999,2
1785,11177,0.1559592,2
1785,12512,0.1694879999999999,2
1785,13227,0.030359902,2
1785,13662,0.5167379999999999,2
1785,14114,0.0018310507488,2
1785,14707,0.045250868736,2
1786,9928,0.0130293971808,2
1786,10302,0.0116983824768,2
1786,10607,0.238506,2
1787,8071,0.087924,2
1787,9707,0.005394,2
1787,11048,1.0,2
1787,15366,0.523992,2
1789,9777,0.0096687154176,2
1789,9889,0.016570663,2
1789,11698,0.011548564224,2
1789,14915,0.006524744976,2
1789,15445,0.5686432,2
1790,8249,1.0,2
1790,11181,0.4327079999999999,2
1790,11322,0.4775939999999999,2
1790,14315,0.2297759999999999,2
1791,6725,0.4116419999999999,2
1791,8535,1.0,2
1791,9182,0.0593699999999999,2
1792,8142,1.0,2
1793,10140,0.2062025,2
1794,12113,0.1572779999999999,2
1795,7481,0.019783447,2
1795,8415,0.0518927999999999,2
1795,8992,0.0324333582336,2
1795,11299,1.0,2
1795,14434,0.2060986996223999,2
1796,8901,0.1573675,2
1796,11068,1.0,2
1797,7473,1.0,2
1797,7896,0.0132900245856,2
1797,8173,0.010207733088,2
1797,8394,0.0166886939328,2
1797,8646,0.0523232,2
1797,9877,0.4796159999999999,2
1797,10061,0.0585144,2
1797,12092,0.0255453975503999,2
1797,12219,0.536154,2
1797,14231,0.0231688937088,2
1797,14597,0.0336151184544,2
1797,15279,0.0220794726095999,2
1798,9202,0.0647024,2
1798,9436,0.0210532551264,2
1798,9454,0.020896610616,2
1798,9787,1.0,2
1799,10615,1.0,2
1800,10261,0.129972,2
1800,10917,0.586992,2
1800,11206,0.2895239999999999,2
1801,8167,1.0,2
1801,13187,0.3020275,2
1801,14825,0.241008,2
1802,11200,1.0,2
1803,7413,1.0,2
1803,10011,0.4239625,2
1804,7585,0.324605,2
1804,8401,0.120138,2
1805,9027,0.4747079999999999,2
1806,9933,0.506316,2
1806,12415,0.281796,2
1806,13932,0.0816479999999999,2
1807,7838,0.0068698929647999,2
1807,9601,0.0584264,2
1807,10078,0.0287417241215999,2
1807,11105,1.0,2
1808,8664,0.189162,2
1808,9003,1.0,2
1808,9246,0.1683599999999999,2
1808,10571,0.0693,2
1808,11006,0.41005,2
1808,11969,0.088272,2
1808,15391,0.247128,2
1809,9749,0.0851159999999999,2
1809,10406,1.0,2
1809,13757,0.197388,2
1809,14637,0.1157519999999999,2
1810,8102,0.1139296,2
1810,8406,0.0580232,2
1810,8464,0.2412176,2
1810,8465,0.2041512,2
1810,8518,0.087144,2
1810,9633,1.0,2
1810,9649,0.0053663184432,2
1810,10072,0.038992467,2
1810,10193,0.00114039178,2
1810,10464,0.0257613798816,2
1810,11445,0.169592,2
1810,12791,0.0271104984,2
1810,13845,0.041407169,2
1811,7511,0.0554584,2
1811,12051,0.027000887,2
1811,12361,0.0017908626527999,2
1811,13020,0.0115856099712,2
1812,6725,0.0469672,2
1812,7919,0.0508064,2
1812,8535,0.0633624,2
1812,8555,0.023915141952,2
1812,9182,0.0774248,2
1812,9400,1.0,2
1812,9571,0.0533848,2
1812,9873,0.0134830643712,2
1812,10268,0.0139907680752,2
1812,10333,0.0777608,2
1812,11008,0.1058400220608,2
1812,11171,0.023890706688,2
1812,11350,0.0581792,2
1812,11494,0.00650429724,2
1812,11502,0.023557228,2
1812,12868,0.0113345013888,2
1812,13969,0.388068,2
1812,15208,0.0194061375936,2
1813,8245,1.0,2
1814,8515,0.1954499999999999,2
1816,9495,0.101712,2
1816,13322,0.473136,2
1816,15044,0.5224799999999999,2
1817,9535,0.1761599999999999,2
1819,9439,0.1654525,2
1820,7153,0.0109143399264,2
1820,8082,0.0823919999999999,2
1820,8919,0.430842,2
1820,10015,0.4213825,2
1820,10496,1.0,2
1820,11191,0.0578976,2
1821,7837,0.0975528,2
1821,10468,1.0,2
1824,7423,0.219024,2
1824,8070,0.024295279866,2
1824,10001,0.079592,2
1824,10939,1.0,2
1825,15314,0.253698,2
1829,11605,1.0,2
1830,12157,0.0440191135104,2
1831,11026,0.348395,2
1832,13162,0.1662659999999999,2
1833,9217,0.021524964,2
1834,10311,0.3295225,2
1834,10600,1.0,2
1835,8574,1.0,2
1835,8575,1.0,2
1836,10705,1.0,2
1837,8747,1.0,2
1837,14280,0.0112559999999999,2
1837,14823,0.064134,2
1837,15437,0.161022,2
1838,8633,0.2001659999999999,2
1838,10033,1.0,2
1839,9938,0.4824239999999999,2
1841,7778,0.0416529771504,2
1841,8195,0.0410282119632,2
1841,8571,0.018927567384,2
1841,8720,0.0893032,2
1841,10208,0.0508352912928,2
1841,10491,0.222768,2
1841,11264,0.421395,2
1841,11333,0.0470630009808,2
1841,12008,0.0298752701376,2
1844,8608,1.0,2
1844,9708,0.0819839999999999,2
1845,8238,0.0812872,2
1845,8432,0.0178232054256,2
1845,9673,0.013152771,2
1845,10036,0.0445622933376,2
1845,10442,0.0805656,2
1845,10531,0.0671608,2
1845,13277,0.0293152862352,2
1845,14908,0.0134777429088,2
1846,7072,0.374645,2
1846,8144,1.0,2
1846,8324,0.0122896457472,2
1847,8964,1.0,2
1847,15116,0.374556,2
1848,6714,0.7384216000000001,2
1848,9223,0.124032,2
1850,8284,1.0,2
1850,10703,0.1186256,2
1850,11119,0.0393669197711999,2
1850,12155,0.094907003184,2
1850,13509,0.3595075,2
1851,10757,0.296286,2
1851,13600,0.565476,2
1852,9080,0.456294,2
1852,9430,1.0,2
1852,14862,0.300228,2
1853,8942,0.550548,2
1854,7165,1.0,2
1854,7503,0.426066,2
1854,12914,0.5697599999999999,2
1855,8390,0.0545376,2
1855,10894,0.0597808,2
1856,11569,1.0,2
1857,7137,0.592668,2
1857,8643,0.4942859999999999,2
1857,10200,0.2726639999999999,2
1857,11025,0.05622,2
1857,13528,0.1137779999999999,2
1857,15292,0.2045279999999999,2
1859,11244,0.425205,2
1860,8054,0.587634,2
1860,8416,0.2505,2
1861,9653,1.0,2
1861,13828,0.1111524999999999,2
1862,12700,0.513354,2
1862,14019,0.4851179999999999,2
1862,14210,0.4552019999999999,2
1863,7153,0.080514,2
1863,8082,0.586002,2
1863,8919,0.0208910115696,2
1863,10015,0.501948,2
1863,10496,0.1046279999999999,2
1863,11191,0.0527568,2
1864,10416,1.0,2
1864,12771,0.416058,2
1865,9033,1.0,2
1868,8999,0.244525,2
1868,9412,0.01319244,2
1868,9583,0.1050408,2
1868,9871,1.0,2
1868,10327,0.0385337973168,2
1868,10735,0.0007425197231999,2
1868,12696,0.0066169086719999,2
1868,12987,0.0358822710048,2
1868,15270,0.0597995173584,2
1869,9414,0.144216,2
1869,9502,0.281478,2
1869,10829,0.072316871,2
1869,13540,0.484938,2
1869,14073,0.4837979999999999,2
1871,8673,1.0,2
1872,11460,1.0,2
1872,12531,0.53643,2
1872,14791,0.206646,2
1873,7074,0.111868,2
1873,7479,1.0,2
1873,12330,0.2008725,2
1873,13274,0.0331537536,2
1873,15486,0.0277578068399999,2
1874,8913,0.008929379,2
1874,9008,0.21831,2
1874,11361,0.52665,2
1874,13055,0.0070987720127999,2
1875,7608,1.0,2
1876,13254,0.164166,2
1877,8478,0.1272188377728,2
1877,9681,1.0,2
1878,7052,1.0,2
1878,7330,0.0225786969648,2
1878,7502,0.002674873,2
1878,8435,0.426905,2
1878,12216,0.0259355396736,2
1878,12440,0.0263983323455999,2
1879,9201,0.045468,2
1879,9705,1.0,2
1880,7048,0.0572064,2
1880,9763,0.52509,2
1880,11096,0.0054809527103999,2
1880,13667,0.004434,2
1880,14408,0.0028567732032,2
1881,9249,0.4109425,2
1881,9250,0.5089319999999999,2
1882,7328,0.027018,2
1882,10007,0.531048,2
1883,8104,0.5627399999999999,2
1884,13411,0.0086288962175999,2
1885,8126,0.024689404,2
1885,8375,0.0409013039232,2
1885,8376,0.0531497625984,2
1885,8480,0.007943516808,2
1885,8778,0.0481688,2
1885,9173,0.03081299676,2
1885,9700,0.031101371,2
1885,9744,0.06418,2
1885,9745,0.06418,2
1885,10041,0.034411519,2
1885,10336,0.453054,2
1885,10762,0.036277617,2
1885,10946,0.0272174914272,2
1885,11024,0.01157704512,2
1885,11037,0.39882,2
1885,11489,1.0,2
1885,12054,0.0129893912831999,2
1885,12396,0.024482616,2
1885,14741,0.0031364766,2
1885,15198,0.0163332693792,2
1886,8302,0.0811686702528,2
1886,8662,0.453084,2
1886,8766,0.1110744,2
1886,9458,0.1540296,2
1886,9730,1.0,2
1886,11222,0.33908,2
1886,13262,0.0541965469968,2
1886,14150,0.0855686798064,2
1887,10374,1.0,2
1887,10673,0.024528,2
1887,12745,0.292752,2
1887,14151,0.08625,2
1887,14558,0.329208,2
1887,14606,0.3736139999999999,2
1888,7783,0.067734,2
1888,8806,1.0,2
1888,8808,0.0418598905824,2
1888,8870,0.0084550795775999,2
1888,10147,0.0395113096512,2
1888,10251,0.2335679999999999,2
1888,11023,0.0364681774367999,2
1889,8869,1.0,2
1889,8870,0.0962279999999999,2
1889,9560,0.3323279999999999,2
1889,9564,0.0028048401023999,2
1890,8921,1.0,2
1891,6722,0.1090349999999999,2
1891,9546,0.4878599999999999,2
1892,11141,0.004040347,2
1892,12499,0.021801773628,2
1893,7163,0.057897782,2
1893,8250,1.0,2
1893,9205,0.276115,2
1895,11148,0.153355,2
1896,10040,0.3181025,2
1900,6702,1.0,2
1900,9218,0.341124,2
1901,8067,1.0,2
1902,7158,0.2420945766719999,2
1902,7496,1.0,2
1903,7458,0.22984,2
1903,7796,0.064035255,2
1903,8998,0.012355431,2
1903,11093,0.0268926865488,2
1903,11360,1.0,2
1903,11381,0.1140168,2
1904,11617,1.0,2
1905,9574,0.2472174999999999,2
1905,11296,0.1706575,2
1906,8102,0.1321,2
1906,8406,0.0426744,2
1906,8464,1.0,2
1906,8465,0.513438,2
1906,8518,0.067901249,2
1906,9633,0.202448,2
1906,9649,0.005386737408,2
1906,10072,0.0347431225679999,2
1906,10193,0.00086048682,2
1906,10464,0.0229539407327999,2
1906,11445,0.132276,2
1906,12791,0.0204566916,2
1906,13845,0.031244489448,2
1907,12783,0.18849,2
1911,7545,0.013677174746,2
1911,9613,0.018589555,2
1911,10095,1.0,2
1913,9832,0.5724119999999999,2
1915,11742,0.3645359999999999,2
1916,8570,0.0086907414816,2
1916,9630,0.530016,2
1916,10174,0.0544144,2
1916,10920,0.0073534531872,2
1916,10921,0.016698691,2
1916,12704,0.386988,2
1918,9204,0.1802579999999999,2
1918,13419,0.15396,2
1919,7052,0.160344,2
1919,7330,0.036758482,2
1919,7502,0.0044563734959999,2
1919,12216,0.0422234760959999,2
1919,12440,0.0429769100159999,2
1920,9084,0.13287,2
1920,9280,0.015435837,2
1920,10761,0.323028,2
1922,8400,0.2548825,2
1923,10421,1.0,2
1923,10682,0.0518459999999999,2
1925,11141,1.0,2
1925,15542,0.44175,2
1926,13000,0.10017,2
1928,7097,1.0,2
1928,12812,0.46173,2
1929,8287,1.0,2
1930,7696,1.0,2
1931,10114,1.0,2
1931,14147,0.4860239999999999,2
1931,15418,0.139344,2
1932,10443,0.107682,2
1932,11487,1.0,2
1932,11511,0.135504,2
1932,12386,0.4269539999999999,2
1932,13157,0.455256,2
1933,8231,0.023893825,2
1933,9691,0.2954219999999999,2
1933,10140,0.48858,2
1933,12465,0.0780608,2
1934,9335,0.379992,2
1934,9336,0.37989,2
1935,7581,1.0,2
1935,7856,0.022623024,2
1935,8526,0.001422698592,2
1935,9784,0.061144,2
1935,13091,0.1297936,2
1936,7562,1.0,2
1936,7883,0.449142,2
1937,8090,0.0644339999999999,2
1938,7055,0.11904,2
1938,9609,1.0,2
1939,8495,0.022962,2
1939,10840,0.098358,2
1939,11551,0.126048,2
1939,12134,0.3281219999999999,2
1939,12203,0.58164,2
1939,12489,0.582348,2
1939,14557,0.152724,2
1940,9801,0.0488544,2
1940,10146,0.0010498763519999,2
1940,11441,0.2190075,2
1940,11851,0.0203438515392,2
1940,12096,0.0498926953728,2
1941,9736,0.007355032848,2
1941,10881,0.0249436490688,2
1941,11058,0.0550288,2
1941,11504,0.024534644,2
1943,11067,0.181104,2
1944,7907,0.0197086406928,2
1944,8101,0.3519,2
1944,9573,0.0574472,2
1944,9798,0.0092264801904,2
1944,10029,0.0032048643935999,2
1944,10319,0.0240596010432,2
1944,10340,0.0436258044287999,2
1944,10465,0.0639848,2
1944,10766,0.0488088,2
1944,10869,0.0488088,2
1944,11228,1.0,2
1944,11230,0.4067375,2
1944,11435,0.0339930345791999,2
1944,11631,0.1540296,2
1944,11986,0.0355699181376,2
1944,12435,0.0207978753312,2
1944,12596,0.15837,2
1944,12873,0.0078150021936,2
1944,13602,0.0149935581839999,2
1944,13755,0.018598518,2
1944,13978,0.0603424,2
1944,14334,0.0150123320928,2
1944,15156,0.0097414365983999,2
1946,11229,1.0,2
1947,7875,0.3265025,2
1948,10081,1.0,2
1948,13647,0.0409859999999999,2
1950,8939,0.1883874999999999,2
1951,6728,0.079596,2
1951,10633,1.0,2
1951,10634,0.548376,2
1951,11692,0.0227184174359999,2
1952,7728,1.0,2
1954,7687,0.0468344,2
1954,9105,0.59988,2
1954,9162,0.19812,2
1954,10717,0.016601360688,2
1954,11286,0.0596784,2
1954,11759,0.080604,2
1954,12123,0.1046279999999999,2
1954,13092,0.0024667469856,2
1954,13093,0.0031488710976,2
1954,14083,0.501162,2
1954,14671,0.440178,2
1956,7413,0.261792,2
1956,10011,0.274495,2
1957,11108,1.0,2
1958,9971,0.079592,2
1958,10333,1.0,2
1958,14063,0.0466725896159999,2
1959,8470,0.0330677371296,2
1959,10209,1.0,2
1959,10580,0.0612488,2
1960,8542,0.0619456,2
1960,11614,0.0901464,2
1961,10523,1.0,2
1961,10524,0.512934,2
1961,12228,0.562002,2
1961,13202,0.3951659999999999,2
1961,13924,0.2937659999999999,2
1961,14665,0.050058,2
1961,14880,0.41397,2
1962,9562,1.0,2
1963,10080,0.0567142938768,2
1963,10182,0.557604,2
1963,10708,0.1861768,2
1963,10806,0.577704,2
1963,12056,0.260724,2
1964,8442,0.213246,2
1964,14731,0.4751039999999999,2
1966,8114,0.2437079999999999,2
1966,9271,0.0560616,2
1966,10364,0.0133646369472,2
1966,10621,1.0,2
1967,9034,1.0,2
1967,10911,0.014178,2
1968,8507,1.0,2
1969,8313,1.0,2
1969,8407,0.0168198319584,2
1969,14235,0.2862475,2
1970,9801,0.0487984,2
1970,10146,0.0117599999999999,2
1970,11441,0.019551938,2
1970,11851,0.0203205321311999,2
1970,12096,0.558864,2
1971,6728,0.0437944,2
1971,7133,0.0456376,2
1971,8960,0.0029961997151999,2
1971,10633,1.0,2
1971,10634,0.198882,2
1971,11692,0.0753674999999999,2
1971,12910,0.01594007274,2
1972,7904,0.012316807742,2
1972,7997,1.0,2
1972,8208,0.3255959999999999,2
1972,8249,0.0387661548672,2
1972,8826,0.0109626029951999,2
1972,9081,0.0436136,2
1972,9579,0.0219058100784,2
1972,9861,0.1846079999999999,2
1972,9910,0.000598354992,2
1972,10153,0.0203226342912,2
1972,10243,0.0583192,2
1972,10262,0.0185030111232,2
1972,10871,0.0337535200224,2
1972,10989,0.008950830816,2
1972,11027,0.545994,2
1972,11181,0.0746784,2
1972,11322,0.018736064,2
1972,13053,0.0088427070192,2
1972,13649,0.418356,2
1972,14315,0.0002294120448,2
1973,8126,0.178176,2
1973,9745,0.136284,2
1973,11024,1.0,2
1973,12396,0.0961379999999999,2
1974,7481,0.019425237282,2
1974,8415,0.052564,2
1974,8992,0.0318461025696,2
1974,11299,1.0,2
1974,14434,0.261468,2
1975,10436,0.2459184,2
1975,10875,1.0,2
1976,7411,0.4574939999999999,2
1976,9994,0.566112,2
1977,9182,0.0511864,2
1977,9400,0.558144,2
1977,9873,0.0089138044416,2
1977,11008,0.2116559999999999,2
1977,11494,0.005210520672,2
1977,11502,0.0188714352384,2
1977,13969,0.1940560422624,2
1978,10050,0.574056,2
1979,10059,0.01725,2
1979,10093,1.0,2
1979,11116,0.321216,2
1980,10354,1.0,2
1981,7948,1.0,2
1981,10024,0.425215,2
1981,11988,0.2022419999999999,2
1981,11989,0.0737579999999999,2
1982,7535,1.0,2
1982,8358,0.095116,2
1982,12217,1.0,2
1982,13302,0.035040164,2
1983,10601,1.0,2
1983,13428,0.037134,2
1984,9752,1.0,2
1985,11532,1.0,2
1986,10884,0.457734,2
1986,14215,0.0171474999999999,2
1987,15079,0.531864,2
1988,8418,1.0,2
1988,9641,0.298566,2
1988,11050,0.555846,2
1989,7783,0.438426,2
1989,8773,0.0022124977632,2
1989,8806,0.266214,2
1989,8808,0.1065,2
1989,8870,0.0260878934304,2
1989,10147,0.307038,2
1989,10251,1.0,2
1989,10609,0.0066443628767999,2
1989,11023,0.341526,2
1989,11366,0.005242967088,2
1990,10109,1.0,2
1991,15445,1.0,2
1992,9654,0.29424,2
1992,10010,0.1432139999999999,2
1993,7720,0.5973539999999999,2
1993,10623,0.452256,2
1994,7617,0.0452856,2
1994,8174,0.0277914216479999,2
1994,9356,1.0,2
1994,10151,0.0081707244672,2
1994,10564,0.0365211892992,2
1994,11028,0.014651146,2
1994,11600,0.0673952,2
1995,11075,1.0,2
1996,7053,1.0,2
1997,7488,0.4017525,2
1997,7693,0.34653,2
1997,11138,1.0,2
1999,8386,0.455742,2
1999,12130,1.0,2
1999,14649,0.3574,2
2000,9736,0.3378275,2
2000,10881,0.043644,2
2001,9217,0.1221479999999999,2
2002,8863,0.5342939999999999,2
2002,12537,0.213975,2
2003,8055,0.0072823465,2
2003,11296,0.436494,2
2004,8122,0.4913275,2
2004,10497,0.034728386,2
2004,10591,0.0632368,2
2005,8877,0.018252514992,2
2005,8879,0.0440054616959999,2
2005,8880,0.015567718,2
2005,10396,0.333444,2
2005,10604,1.0,2
2005,10904,0.1337249999999999,2
2006,8369,0.317615,2
2007,8428,0.0445616,2
2007,10678,0.43032,2
2007,13086,0.008640828452,2
2008,7096,0.018804472862,2
2008,7870,0.4045525,2
2008,10626,0.0636776,2
2009,7603,0.024634954,2
2009,7980,0.1124579999999999,2
2009,8174,0.018109091,2
2009,8871,0.0235011066576,2
2009,8872,0.020352372,2
2009,8873,1.0,2
2009,8874,1.0,2
2009,8875,0.4222975,2
2009,10042,0.0243808414848,2
2009,10151,0.0053241031872,2
2009,10564,0.0237974712192,2
2009,10966,0.0456488,2
2009,11600,0.0439152,2
2010,9145,1.0,2
2010,15148,0.0293867558064,2
2010,15153,0.0126515387807999,2
2011,7934,1.0,2
2011,8027,0.252258,2
2013,7729,1.0,2
2015,8067,1.0,2
2016,7581,0.0001023943679999,2
2016,7856,0.008551855,2
2016,13091,0.049064,2
2017,10393,0.27653,2
2017,10897,0.370285,2
2018,6713,0.00514663704,2
2018,9324,1.0,2
2018,11455,0.017632649,2
2018,12469,0.031902,2
2018,14047,0.04044,2
2019,8583,0.156126,2
2020,8604,1.0,2
2020,9432,0.4560059999999999,2
2021,10655,1.0,2
2022,7490,0.008395652304,2
2022,7868,0.087204,2
2022,8634,1.0,2
2022,12051,0.04527479808,2
2022,12311,0.027666515,2
2022,13020,0.0194266266624,2
2022,14851,0.017334934344,2
2023,9298,1.0,2
2025,10328,0.0503152,2
2025,10836,1.0,2
2025,14934,0.0060085405536,2
2026,11433,0.59373,2
2026,15450,0.0636779999999999,2
2027,7824,0.0248339980848,2
2027,9565,0.252258,2
2027,9866,0.0656832,2
2027,10693,0.0251816145695999,2
2027,11330,0.0069961948703999,2
2027,11737,0.158952,2
2027,11828,0.04776317721,2
2027,12418,0.4113875,2
2027,12470,0.459204,2
2027,14027,0.0338779495295999,2
2028,7848,1.0,2
2028,12153,0.58254,2
2028,15328,0.16971,2
2030,10935,0.3491125,2
2031,7832,0.3507,2
2031,8012,0.4837925,2
2031,8891,0.212466,2
2031,9803,0.290604,2
2031,12840,0.1769039999999999,2
2031,13590,0.0209788215648,2
2031,14039,0.247248,2
2034,7154,0.014304190356,2
2034,9928,0.322644,2
2034,10302,0.282006,2
2034,10607,0.0096316354992,2
2034,13496,0.008255745936,2
2035,8588,0.2246125,2
2035,11456,1.0,2
2035,12332,0.084756,2
2036,8736,1.0,2
2038,13366,0.372906,2
2040,10967,0.144714,2
2040,11124,0.552852,2
2040,11937,0.46074,2
2042,8102,0.066076,2
2042,8464,1.0,2
2042,8465,1.0,2
2042,8518,0.033963989,2
2042,9633,0.0826904,2
2042,9649,0.0025695301008,2
2042,10072,0.013642893096,2
2042,10464,0.0090135294816,2
2042,12791,0.002522253072,2
2042,13845,0.0133625494799999,2
2044,8788,0.314178,2
2044,9249,0.018957527,2
2044,9250,0.0225404386416,2
2044,10184,1.0,2
2045,11348,1.0,2
2045,15112,0.5958479999999999,2
2046,8384,0.0403768,2
2046,9261,0.0545440650239999,2
2046,9500,1.0,2
2046,10924,0.02416261,2
2046,12009,0.008142587,2
2046,12609,0.006531351,2
2047,7169,0.046532,2
2047,8007,0.0497328,2
2047,8018,1.0,2
2047,8347,0.0719016,2
2047,9252,0.0576176,2
2047,10035,0.0100810761599999,2
2047,10874,0.04456,2
2047,11337,0.0182550210335999,2
2047,11719,0.01939034972,2
2047,11964,0.0054263757119999,2
2047,12668,0.3612174999999999,2
2047,12739,0.0146299623552,2
2047,12803,0.01522134,2
2047,13033,0.0232310860703999,2
2047,13395,0.0034137441648,2
2047,14409,0.0070116009792,2
2047,14789,0.2150519999999999,2
2047,15446,0.026000034,2
2048,7560,1.0,2
2049,7579,0.0593109038592,2
2049,7896,0.0017893414799999,2
2049,8103,0.2445119999999999,2
2049,8173,0.053716,2
2049,8394,0.021493598,2
2049,8646,0.0624552,2
2049,10061,0.0275240066399999,2
2049,10658,0.0519062156928,2
2049,12092,0.0148700834784,2
2049,12501,0.022070427,2
2049,13253,0.0138687191759999,2
2049,13890,0.013141394784,2
2049,14231,0.0123335279856,2
2049,14345,0.0384828482304,2
2049,14597,0.0234832801104,2
2049,14710,0.017488426,2
2049,15279,0.011170737072,2
2050,10629,1.0,2
2051,13018,0.115128,2
2052,8214,0.409782,2
2052,11481,0.0659128,2
2053,9392,0.387246,2
2053,10566,1.0,2
2053,11493,0.0470056,2
2053,14078,0.3937482509184,2
2053,14833,0.021310401024,2
2053,15087,0.0129904904448,2
2053,15216,0.017235191,2
2054,7856,0.008554783,2
2054,10581,1.0,2
2054,10856,0.042972,2
2054,13091,0.0490808,2
2055,8809,0.06443388,2
2055,8810,0.0128811847392,2
2055,8868,0.0441711821952,2
2055,8883,0.1597488,2
2055,8886,0.0088698923711999,2
2055,10444,1.0,2
2055,13035,1.0,2
2056,8429,0.59541,2
2056,12645,0.58737,2
2056,14837,0.42369,2
2057,7597,0.51084,2
2057,13624,0.408072,2
2057,13740,0.131862,2
2058,10398,0.1487425,2
2059,10082,0.496476,2
2059,11162,0.0047149781327999,2
2060,9145,0.0137399976959999,2
2060,10034,1.0,2
2060,10383,0.1504975,2
2060,11007,0.210564,2
2060,15148,0.011609016912,2
2060,15153,0.0049978952639999,2
2061,13928,0.52731,2
2062,7963,0.008952,2
2062,13223,0.0456839999999999,2
2063,10104,1.0,2
2065,8066,0.043422,2
2065,10687,1.0,2
2065,14086,0.5055959999999999,2
2066,9618,1.0,2
2066,12301,0.542574,2
2067,9672,0.28548,2
2067,10391,1.0,2
2068,11114,1.0,2
2068,11275,0.1643339999999999,2
2068,12520,0.2877659999999999,2
2068,15021,0.2065319999999999,2
2069,9080,1.0,2
2069,9430,0.497718,2
2069,14862,0.4564979999999999,2
2070,7165,1.0,2
2070,7503,0.238668,2
2070,12914,0.382362,2
2070,14042,0.1271279999999999,2
2071,8945,1.0,2
2072,9315,0.4814248,2
2072,9692,0.0494248,2
2072,10317,1.0,2
2072,10318,1.0,2
2073,9183,0.3538575,2
2074,14766,0.5004959999999999,2
2075,7862,0.40254,2
2075,8581,0.08278,2
2075,9503,0.213624,2
2075,9854,0.0079717139999999,2
2076,9419,1.0,2
2077,8109,1.0,2
2077,11814,0.484758,2
2077,14755,0.42386,2
2079,11805,1.0,2
2080,7723,1.0,2
2080,9671,0.4138675,2
2080,10692,0.377148,2
2080,11134,0.4382819999999999,2
2080,13059,0.217842,2
2080,13656,0.2701139999999999,2
2080,13864,0.145842,2
2081,8555,0.4788539999999999,2
2081,11171,0.342846,2
2081,11350,1.0,2
2081,15208,0.265764,2
2082,10793,1.0,2
2083,10922,1.0,2
2084,10007,1.0,2
2085,6728,0.0595128,2
2085,7133,0.0689512,2
2085,7452,0.0434136,2
2085,7709,0.0687416,2
2085,8500,0.289566,2
2085,8626,0.0477728,2
2085,8960,0.0045267841823999,2
2085,9286,0.00138084561,2
2085,10152,0.005877441702,2
2085,10704,1.0,2
2085,12355,0.0176731555968,2
2085,12910,0.02408293038,2
2085,15076,0.0061038416303999,2
2086,7975,0.391644,2
2086,14338,0.330672,2
2086,15297,0.106434,2
2087,10897,0.1508574999999999,2
2088,10607,0.0137686651728,2
2089,7786,0.4445639999999999,2
2089,9678,1.0,2
2089,10434,0.278808,2
2091,9416,0.480354,2
2092,6699,0.56241,2
2093,9442,1.0,2
2094,8767,0.261882,2
2094,8768,0.467508,2
2094,12620,0.5416259999999999,2
2095,9008,0.3149639999999999,2
2095,11361,1.0,2
2096,7470,0.34389,2
2096,8959,1.0,2
2096,14156,0.0624299999999999,2
2097,7864,1.0,2
2097,12838,0.102342,2
2097,13990,0.416485,2
2097,15268,0.004194,2
2098,8444,0.1607504,2
2098,9791,1.0,2
2098,10289,0.1203925,2
2098,14885,0.347958,2
2099,9370,0.3970799999999999,2
2099,10065,0.0066665423808,2
2099,10413,0.0488896,2
2099,11422,0.0488896,2
2099,12232,0.0110761344383999,2
2099,14962,0.356695,2
2099,14992,0.0255538116864,2
2099,15435,0.0243182737151999,2
2100,8483,1.0,2
2100,10663,0.440838,2
2100,11311,0.416754,2
2100,12776,0.5146019999999999,2
2100,13143,0.455514,2
2100,13398,0.372606,2
2100,14189,0.363738,2
2101,8832,0.32853,2
2101,9846,1.0,2
2102,9262,0.17368,2
2103,7100,0.3051725,2
2104,8172,0.457758,2
2104,9944,1.0,2
2106,8170,1.0,2
2106,9865,0.1041179999999999,2
2106,13993,0.400074,2
2107,8097,0.279355,2
2108,11147,1.0,2
2108,11482,0.159654,2
2108,11852,0.066084,2
2108,12222,0.00042,2
2108,12573,0.508896,2
2108,14220,0.341844,2
2108,14738,0.574332,2
2108,15183,1.0,2
2109,14678,0.3067575,2
2111,9966,0.023808,2
2113,10494,1.0,2
2114,7726,0.092476,2
2114,7955,1.0,2
2114,8364,0.010840933152,2
2114,10866,0.0572096,2
2114,11402,0.448548,2
2114,12259,0.1164719999999999,2
2115,9654,1.0,2
2115,10010,0.410454,2
2116,7427,0.0225900232,2
2116,8198,1.0,2
2116,8517,0.002050079976,2
2116,10000,0.0086114677584,2
2117,7100,1.0,2
2118,7058,0.4265075,2
2118,9942,0.17511,2
2118,12705,0.124632,2
2118,12706,0.4654739999999999,2
2119,7158,0.3206159999999999,2
2119,7496,1.0,2
2120,7567,1.0,2
2120,15219,0.33498,2
2121,9109,1.0,2
2121,11500,0.45369,2
2122,7511,0.1011824,2
2122,9658,0.0414721627968,2
2122,11940,0.0254364918192,2
2122,12051,0.06028059264,2
2122,12109,0.0251655003648,2
2122,12361,0.0032673820607999,2
2122,12474,0.0002694295439999,2
2122,12802,0.0205320931632,2
2122,13020,0.0258653515392,2
2122,13270,0.0235364278176,2
2122,14682,0.0181004589888,2
2124,7579,0.515028,2
2124,10658,1.0,2
2124,13890,0.259068,2
2124,14345,0.5076539999999999,2
2125,9712,1.0,2
2126,11527,1.0,2
2126,14253,0.191755,2
2127,9039,1.0,2
2128,7360,1.0,2
2130,7143,0.0125323347456,2
2130,7151,0.0108340634592,2
2130,7625,0.0213383026224,2
2130,7783,0.4288859999999999,2
2130,8163,0.0229290171456,2
2130,8326,0.0081478213488,2
2130,8549,0.0219142915488,2
2130,8727,0.0155935411632,2
2130,8773,0.0275823353856,2
2130,8805,0.0705488,2
2130,8806,0.0784272,2
2130,8808,0.5337419999999999,2
2130,8869,0.0218933405808,2
2130,8870,0.1078079999999999,2
2130,8878,0.0082088620272,2
2130,8944,0.0226321961376,2
2130,9299,0.008127776,2
2130,9508,0.0110906946528,2
2130,9560,0.0550848,2
2130,9564,0.0027908163071999,2
2130,9816,0.0233945478575999,2
2130,9967,0.0141393246336,2
2130,10147,0.5037959999999999,2
2130,10190,0.0068895591984,2
2130,10251,0.320256,2
2130,10455,0.0115678675152,2
2130,10609,0.0555952,2
2130,11023,0.464994,2
2130,11232,0.0470104,2
2130,11233,0.0470104,2
2130,11273,0.0145350281664,2
2130,11366,0.031702607,2
2131,9549,0.3264375,2
2131,10347,1.0,2
2132,8636,0.166176,2
2132,13815,1.0,2
2132,14425,0.0717119999999999,2
2133,15201,0.481062,2
2134,10329,1.0,2
2134,11259,0.404055,2
2135,7783,0.0294441259775999,2
2135,8806,0.522852,2
2135,8808,0.0340728082992,2
2135,8869,0.016172527,2
2135,8870,0.016551278,2
2135,9560,0.0500496,2
2135,9564,0.0025357129343999,2
2135,10147,0.0321611275296,2
2135,10251,0.154752,2
2135,11023,0.0296841009744,2
2136,9417,1.0,2
2138,10160,0.56094,2
2139,11971,0.0297149999999999,2
2140,8916,1.0,2
2140,11146,0.1298296,2
2140,12461,0.0203258625168,2
2141,9385,0.017865,2
2143,8428,0.061428,2
2143,8498,0.0220863821951999,2
2143,9825,0.491334,2
2143,10424,0.444126,2
2143,13086,0.01191134991,2
2144,11598,0.4787519999999999,2
2145,8816,0.481506,2
2146,9201,0.068672,2
2146,9496,0.3044099999999999,2
2146,11696,0.0200615421312,2
2146,13531,0.0062042427311999,2
2146,15295,0.028579884288,2
2148,14271,0.343692,2
2149,7867,1.0,2
2151,11295,0.408345,2
2152,9612,0.0085472923008,2
2152,10065,0.084396,2
2152,10308,1.0,2
2152,10413,0.0454952,2
2152,11422,0.0455688,2
2152,12232,0.0103071195408,2
2152,14992,0.0237796131168,2
2152,15435,0.0226298584224,2
2153,12089,0.027424436,2
2154,12289,0.0299880708096,2
2156,9046,1.0,2
2157,9364,0.565698,2
2157,13011,0.0479608302576,2
2158,10016,0.41473,2
2158,10656,1.0,2
2159,7074,0.085208,2
2159,7479,1.0,2
2159,12330,0.2205025,2
2159,13274,0.049572,2
2159,15486,0.0211426610399999,2
2160,7692,0.0038976494879999,2
2160,8480,0.007407889128,2
2160,8778,0.0449208,2
2160,10059,1.0,2
2160,10093,0.268518,2
2160,10350,0.0773184,2
2160,10946,0.0253822285152,2
2160,11836,0.0228365283264,2
2160,12054,0.0121135226111999,2
2160,14225,0.514008,2
2160,15026,0.0211476726528,2
2160,15198,0.0152319245472,2
2161,8912,1.0,2
2162,10082,0.082782,2
2163,8480,1.0,2
2163,8778,0.25448,2
2163,10946,0.143792397,2
2163,12054,0.52776,2
2163,15198,0.375936,2
2164,8349,0.003909914,2
2165,10135,0.411534,2
2165,10186,0.335376,2
2165,10187,0.325752,2
2165,12060,0.47091,2
2166,7113,0.588486,2
2167,10936,0.367325,2
2167,11513,0.2806349999999999,2
2168,7736,0.1697459999999999,2
2168,8166,0.2252025,2
2169,7578,0.1264248,2
2169,8289,1.0,2
2171,8738,0.299664,2
2171,11343,0.0555832,2
2171,13643,0.0071809047743999,2
2172,9798,0.35169,2
2172,11631,0.0566392,2
2173,9558,1.0,2
2173,13538,0.0264059999999999,2
2174,7148,1.0,2
2176,7463,0.00975953448,2
2176,8304,0.05724,2
2176,8390,1.0,2
2176,10894,0.1185864,2
2177,7576,1.0,2
2177,9487,0.0588704,2
2177,12238,0.015439351,2
2178,8149,1.0,2
2179,7352,0.0937728,2
2179,7857,0.00040416192,2
2179,11177,0.0561336,2
2179,12512,0.0153808022016,2
2179,13227,0.0019005090816,2
2179,13662,0.0479434070016,2
2180,7336,0.3288875,2
2181,10965,1.0,2
2183,10228,0.585312,2
2183,10475,0.0681839999999999,2
2183,13596,0.00231,2
2183,13947,0.45267,2
2184,9791,1.0,2
2184,10289,0.1687624999999999,2
2184,14885,0.2318699999999999,2
2185,8048,1.0,2
2185,11500,0.18151,2
2186,10352,1.0,2
2186,10435,0.275835,2
2187,10798,0.0026134287504,2
2189,13018,0.1497839999999999,2
2190,7951,1.0,2
2191,10967,0.378726,2
2191,11094,1.0,2
2191,11124,0.002238,2
2191,11160,0.46302,2
2191,11937,0.104478,2
2192,8542,0.1511904,2
2193,6713,0.0273631965696,2
2193,9148,0.366155,2
2193,9499,0.0277642197072,2
2193,11455,0.0692283019775999,2
2193,14047,0.0896008,2
2193,15416,0.0097862170032,2
2194,7105,0.55794,2
2194,8248,0.330816,2
2194,8284,0.0065144653055999,2
2194,8285,0.0072748603199999,2
2194,9914,0.042432,2
2194,10703,0.0687528,2
2194,12155,0.0321387713712,2
2194,12163,0.1210339646592,2
2195,10798,0.156024,2
2196,10819,1.0,2
2197,7531,0.577482,2
2197,8681,1.0,2
2197,9096,0.0111649343904,2
2197,9123,0.008951707,2
2197,9781,0.019803417,2
2199,10047,1.0,2
2199,11802,0.160728,2
2200,9612,0.074514,2
2200,10065,0.0145137973823999,2
2200,10308,1.0,2
2200,10413,0.103464,2
2200,11422,0.1060392,2
2200,12232,0.023440183,2
2200,14992,0.054078977376,2
2200,15435,0.051464235,2
2201,9606,1.0,2
2202,9414,0.6235232,2
2202,9502,0.4903079999999999,2
2202,10829,0.4410659999999999,2
2202,13540,0.4548959999999999,2
2202,14073,0.0538509748224,2
2203,10233,0.013872263616,2
2203,10341,0.5768759999999999,2
2204,9918,1.0,2
2204,11142,0.33285,2
2205,12162,0.5211359999999999,2
2206,8731,1.0,2
2206,12528,0.3312125,2
2206,13957,0.0075689513279999,2
2207,8238,0.331206,2
2207,10036,1.0,2
2207,14908,0.492168,2
2208,8039,0.7042704,2
2208,9094,0.4573199999999999,2
2208,14411,1.0,2
2209,14130,0.114456,2
2210,7154,0.4563525,2
2210,10222,0.055116,2
2210,13496,0.008406451776,2
2211,9102,1.0,2
2212,13300,0.522726,2
2213,7423,0.0108567568512,2
2213,8070,0.4901325,2
2213,10939,0.0495688,2
2214,8021,0.4635539999999999,2
2214,9288,0.3133375,2
2215,9101,1.0,2
2215,15339,0.503772,2
2217,7862,0.033322261,2
2217,8288,0.0731847980351999,2
2217,8581,1.0,2
2217,9503,0.01768379472,2
2217,9854,0.0962999999999999,2
2219,6702,1.0,2
2219,9218,0.0669959999999999,2
2220,9957,0.4442939999999999,2
2221,9286,0.2595416,2
2221,9738,0.0455648,2
2221,10970,0.016327121,2
2221,14609,0.0014579824703999,2
2222,11102,1.0,2
2223,9921,1.0,2
2223,10499,0.010693151616,2
2226,13962,0.53109,2
2227,7937,0.0163839583007999,2
2227,8425,0.0718992,2
2227,12245,0.0071490812543999,2
2227,13454,0.0278375008608,2
2227,14876,0.0141048974592,2
2227,15133,0.0113525960831999,2
2228,7717,0.053538,2
2228,8134,0.0248614039584,2
2228,9208,0.176304,2
2228,11081,1.0,2
2228,11353,0.3520025,2
2230,12382,0.4849559999999999,2
2230,13995,0.229242,2
2231,7785,0.5449499999999999,2
2233,9992,1.0,2
2233,14330,0.416304,2
2233,15065,0.533682,2
2235,9335,0.402546,2
2235,9336,1.0,2
2235,12337,0.2371525,2
2236,11428,1.0,2
2237,10385,0.0463472,2
2237,10833,1.0,2
2237,11452,1.0,2
2237,14026,0.00260007792,2
2238,8406,0.0037935408095999,2
2238,9504,0.590718,2
2238,9505,0.354615,2
2238,11743,0.07914,2
2239,11210,0.565788,2
2240,8833,0.0277379999999999,2
2240,9299,0.017093052,2
2240,10236,0.018480092,2
2240,11207,0.5950679999999999,2
2240,11544,0.0097925030736,2
2240,11559,0.0051839438352,2
2240,12936,0.4501199999999999,2
2240,12949,0.29295,2
2240,12952,0.429606,2
2240,12953,0.4224179999999999,2
2241,10666,1.0,2
2242,10953,0.3131099999999999,2
2242,10954,1.0,2
2244,11585,1.0,2
2245,8397,1.0,2
2246,7330,0.0644286017087999,2
2246,7502,0.0075813395807999,2
2246,7807,1.0,2
2246,10195,0.026178106,2
2246,10974,0.0060088457615999,2
2246,11175,0.0045724431983999,2
2246,11246,0.22009,2
2246,12216,0.0740073954816,2
2246,12440,0.0753279803136,2
2247,7163,0.0594419999999999,2
2247,8250,1.0,2
2247,9205,0.2539675,2
2248,7991,1.0,2
2248,9122,0.143892,2
2248,11728,0.01935,2
2249,13975,0.0085679999999999,2
2251,7541,1.0,2
2251,7774,0.198096,2
2251,9785,0.271974,2
2252,10798,1.0,2
2252,10969,0.2652575,2
2254,8349,0.435954,2
2255,8007,0.0580392,2
2255,8018,0.07256,2
2255,8347,1.0,2
2255,9252,0.0773888,2
2255,10035,0.1587116125632,2
2255,10689,0.0437584,2
2255,10874,0.7015312,2
2255,11337,0.0213039848303999,2
2255,12291,0.0058561866719999,2
2255,12668,0.0261948856,2
2255,12739,0.203472,2
2255,12803,0.2396374456704,2
2255,13033,0.0271111550256,2
2255,13395,0.047478,2
2255,14409,0.0094175978496,2
2255,14789,0.0155680382399999,2
2256,8897,1.0,2
2256,11319,0.5222519999999999,2
2256,13620,0.0877799999999999,2
2256,14141,0.260874,2
2257,7723,0.27702,2
2257,11134,0.468456,2
2257,13656,0.549234,2
2258,11067,1.0,2
2259,10291,1.0,2
2259,11386,0.39534,2
2259,12149,0.284226,2
2260,8240,1.0,2
2262,8743,1.0,2
2264,7060,0.1712999999999999,2
2265,7737,0.2899799999999999,2
2266,9598,1.0,2
2266,9949,0.3553825,2
2266,12986,0.0105903243359999,2
2266,13502,0.004929788952,2
2266,13609,0.437952,2
2266,15302,0.018988409,2
2267,8564,0.685612,2
2268,7105,1.0,2
2268,8248,0.1616679266304,2
2268,8285,0.008146088,2
2268,9914,0.0475136,2
2268,12163,0.247668,2
2269,6717,1.0,2
2269,7059,0.0737576,2
2269,7415,0.0151740035327999,2
2269,8081,0.0236266069,2
2269,8374,0.405524,2
2269,8471,0.038487825648,2
2269,9786,0.5735304,2
2269,10299,0.5889288,2
2269,10962,0.0653248,2
2269,12827,0.451698,2
2270,10798,1.0,2
2270,10969,0.29242,2
2271,8231,0.242693642,2
2271,9691,0.0230842750799999,2
2271,10140,0.038177641,2
2271,12465,0.7928768,2
2272,8642,0.549528,2
2272,8675,0.5394359999999999,2
2272,10376,1.0,2
2273,14766,0.01203,2
2275,8600,0.4059125,2
2276,10105,1.0,2
2277,13018,0.03813,2
2277,13517,0.2936925,2
2278,7703,0.335946,2
2278,11305,1.0,2
2278,11863,0.519696,2
2278,13130,0.07122,2
2278,14882,0.479634,2
2279,9498,1.0,2
2279,12662,0.16332,2
2279,12670,0.3605775,2
2279,14069,0.0033685318848,2
2280,8633,1.0,2
2281,8428,1.0,2
2281,9825,0.0402207892992,2
2281,10424,0.028279451,2
2281,10678,0.019175747712,2
2281,13086,0.1939075,2
2283,8197,1.0,2
2284,7973,0.3052525,2
2285,8212,0.2511025,2
2285,9186,0.493884,2
2287,7886,0.3095159999999999,2
2287,8785,0.0062219999999999,2
2287,10619,0.0447376,2
2287,10757,1.0,2
2287,13600,0.18460756,2
2288,9736,0.007977984632,2
2288,10881,0.0270563100192,2
2288,11058,0.0418752,2
2288,11504,0.2463099999999999,2
2289,9495,1.0,2
2290,8640,1.0,2
2290,15015,0.371665,2
2292,10421,1.0,2
2292,13773,0.126815,2
2294,9443,1.0,2
2295,9019,0.5216459999999999,2
2295,10285,1.0,2
2295,10945,0.3630875,2
2297,7328,0.14007,2
2297,10007,0.424165,2
2298,11932,0.07194,2
2299,11114,0.0450599999999999,2
2299,11275,0.065997399,2
2299,12926,0.049611066148,2
2300,8382,0.2563739999999999,2
2300,9834,0.0677072,2
2301,7081,1.0,2
2301,8482,0.0438864,2
2301,11737,0.0199993298735999,2
2301,11828,0.017254826,2
2301,12418,0.0226642034975999,2
2301,12470,0.007143652824,2
2302,8608,1.0,2
2304,9002,1.0,2
2304,9516,0.545196,2
2304,12976,0.35628,2
2304,13771,0.135594,2
2305,9688,1.0,2
2305,10314,0.152298,2
2306,8684,1.0,2
2307,7540,0.062148,2
2307,7838,0.0067332156479999,2
2307,7940,0.013758449,2
2307,9601,0.057264,2
2307,10078,0.027426981,2
2307,10548,1.0,2
2307,13186,0.024571081872,2
2307,15404,0.029370150432,2
2308,6701,0.29896,2
2308,7860,0.055436,2
2308,11341,0.0151533197279999,2
2308,12804,0.0293250896399999,2
2309,8737,1.0,2
2310,9080,0.5022,2
2310,9430,1.0,2
2310,14862,0.346134,2
2311,11957,0.489924,2
2311,11958,0.470634,2
2312,8548,0.351195,2
2312,10754,0.4867019999999999,2
2313,9672,1.0,2
2313,10391,0.3566175,2
2314,8392,1.0,2
2315,10794,1.0,2
2315,15175,0.082782,2
2317,8384,1.0,2
2317,9500,0.0403768,2
2317,12009,0.2016649999999999,2
2317,12609,0.1617599999999999,2
2318,7918,0.107724,2
2318,11297,0.5947319999999999,2
2319,9579,0.373545,2
2320,6708,0.454074,2
2320,7444,0.298962,2
2320,11129,1.0,2
2320,12905,0.563682,2
2320,13357,0.03132,2
2320,14224,0.175272,2
2320,15433,0.4726319999999999,2
2321,8570,1.0,2
2321,10174,0.2528875,2
2322,9251,1.0,2
2323,7781,1.0,2
2323,8234,0.518172,2
2324,8412,0.0216629066016,2
2324,10489,0.2675123572464,2
2324,10690,0.5635979999999999,2
2324,11579,0.5177064,2
2324,12205,0.2442,2
2324,15250,0.2892119999999999,2
2325,9137,1.0,2
2326,10208,1.0,2
2326,11333,0.37305,2
2327,10344,1.0,2
2328,8981,1.0,2
2330,9232,1.0,2
2331,8797,0.559302,2
2331,11858,0.414702,2
2332,7697,0.583788,2
2333,9013,0.0406979999999999,2
2333,9014,1.0,2
2333,13626,0.3566725,2
2334,11000,1.0,2
2335,8739,1.0,2
2336,9129,0.46692,2
2336,11694,0.4579859999999999,2
2337,8284,1.0,2
2337,8285,0.00963,2
2337,9914,0.0561688,2
2337,10703,0.253328,2
2337,11119,0.0114921740591999,2
2337,12155,0.271476,2
2337,13509,0.1967625,2
2338,13005,0.242634,2
2340,7551,0.205008,2
2340,7552,0.241116,2
2340,10494,0.5823,2
2340,12212,0.464868,2
2341,8449,1.0,2
2342,15538,0.3417659999999999,2
2343,9137,1.0,2
2344,9572,1.0,2
2345,9328,1.0,2
2349,10271,1.0,2
2349,14806,0.251567351016,2
2350,7795,0.0433319999999999,2
2350,10116,1.0,2
2350,12773,0.30239,2
2351,14604,0.04395,2
2354,7583,1.0,2
2354,15533,0.356064,2
2355,7323,0.5649959999999999,2
2355,10177,0.540174,2
2355,10648,0.32697,2
2356,13187,0.0074293976064,2
2356,13200,0.0438592,2
2357,8191,1.0,2
2357,11354,0.572106,2
2358,9825,0.203802,2
2358,10424,1.0,2
2358,15290,0.1934639999999999,2
2359,11438,1.0,2
2361,8762,0.2368319999999999,2
2361,9137,0.5565479999999999,2
2361,10883,0.591156,2
2361,15141,0.0009083505551999,2
2362,10569,0.22225,2
2363,9370,0.019344348096,2
2363,9612,0.0079014049488,2
2363,10065,0.136872,2
2363,10308,0.1060392,2
2363,10413,0.7908232000000001,2
2363,11422,1.0,2
2363,12232,0.189372,2
2363,14962,0.017373329,2
2363,14992,0.4855019999999999,2
2363,15435,0.46023,2
2364,7603,0.0254059149599999,2
2364,8174,0.044639336,2
2364,8871,0.0242365836768,2
2364,8872,0.0209893081919999,2
2364,8987,0.036699307,2
2364,9029,0.034164981,2
2364,9203,0.0166228275359999,2
2364,9931,0.2097839999999999,2
2364,10151,0.013124039472,2
2364,10564,0.0586613257919999,2
2364,10834,0.390185,2
2364,11028,0.023923221,2
2364,11342,0.067528,2
2364,11600,0.108252,2
2365,7155,0.06524,2
2365,7352,0.1033592,2
2365,7857,0.00041773248,2
2365,10197,0.58902,2
2365,11177,0.0580184,2
2365,12512,0.0169531827024,2
2365,13227,0.0018628676784,2
2365,13662,0.0528446649024,2
2367,11441,0.2468699999999999,2
2368,10636,1.0,2
2368,13506,0.000834,2
2368,14413,0.2779919999999999,2
2370,14868,0.3513659999999999,2
2371,8499,1.0,2
2371,13742,0.25912,2
2372,7812,0.4060919999999999,2
2372,8008,1.0,2
2372,14322,0.2313839999999999,2
2374,8494,1.0,2
2375,7826,1.0,2
2377,7725,0.569958,2
2377,8330,1.0,2
2377,15460,0.060555,2
2378,8241,1.0,2
2379,8677,0.3442079999999999,2
2379,10670,1.0,2
2380,7928,0.5868544,2
2380,9644,0.7688816,2
2380,13474,0.0416459999999999,2
2381,9261,0.536682,2
2381,9500,0.101632,2
2381,10924,0.0339993900144,2
2381,12009,0.009064366128,2
2384,11264,1.0,2
2386,10462,1.0,2
2387,8454,0.021042,2
2387,9112,0.42893,2
2387,9874,0.453306,2
2388,7089,0.3998725,2
2388,9597,0.47241,2
2388,10353,0.0005393966399999,2
2389,7579,0.02964893568,2
2389,7611,1.0,2
2389,10658,0.02594740512,2
2389,13890,0.0065692536,2
2389,14345,0.019237196,2
2390,8340,0.0225814941504,2
2390,9650,0.0411024,2
2390,9791,1.0,2
2390,10289,0.1438749999999999,2
2390,12985,0.0118266401664,2
2390,13382,0.0090075909599999,2
2390,13414,0.0218929467456,2
2390,13511,0.00152900928,2
2390,14885,0.2915999999999999,2
2390,15306,0.0143645489568,2
2391,10640,0.2463699999999999,2
2393,8454,0.3772919999999999,2
2393,9112,0.4226324999999999,2
2393,9874,0.097056,2
2394,7061,0.0046895080031999,2
2394,7332,1.0,2
2394,8232,0.01602033,2
2394,8504,0.0223936605504,2
2394,8568,0.1364015999999999,2
2394,8993,0.046836,2
2394,9439,0.02302775892,2
2394,9608,0.0264004287119999,2
2394,10250,0.0759592,2
2394,10326,0.175048,2
2394,10797,0.02356483,2
2394,11157,0.0187784815104,2
2394,11776,0.0740537063039999,2
2394,12563,0.005694567,2
2394,12847,0.4729379999999999,2
2394,12880,0.0302114867184,2
2394,13225,0.0167562956832,2
2395,11588,0.2713649999999999,2
2395,13634,0.058806,2
2397,10491,0.0240548450688,2
2397,11264,0.2917325,2
2399,9654,1.0,2
2399,10010,0.483324,2
2400,7885,0.569982,2
2400,8107,0.378102,2
2400,8761,0.0070984592419999,2
2401,11515,0.4043825,2
2402,11591,0.3971375,2
2402,13872,0.049956,2
2403,10702,0.0506832,2
2403,12549,0.38641,2
2403,15277,0.2343299999999999,2
2404,9856,1.0,2
2405,10550,0.4767,2
2405,10575,0.426174,2
2406,13975,0.0066900399743999,2
2408,7361,0.1234199999999999,2
2408,11127,1.0,2
2409,7340,0.144732,2
2410,7461,0.016672889,2
2410,9541,1.0,2
2410,12124,0.274854,2
2411,8818,0.063024,2
2411,9982,0.0617976,2
2411,10702,0.0557088,2
2411,11663,0.018603582,2
2412,9347,1.0,2
2413,11598,0.530532,2
2414,7539,1.0,2
2415,7347,0.0004658408831999,2
2415,8357,0.0137374102656,2
2415,8961,0.0568512,2
2415,9637,0.0333804735024,2
2415,10562,0.1140168,2
2415,11534,0.0612488,2
2415,11817,0.0016277635583999,2
2415,13161,0.0292939452287999,2
2415,14633,0.0140218936704,2
2417,7838,0.0082153132415999,2
2417,8169,0.1213952,2
2417,8772,0.0496479661055999,2
2417,9601,0.0698688,2
2417,10078,0.0318768797088,2
2417,10417,1.0,2
2417,10785,0.459342,2
2417,12554,0.0593593393151999,2
2417,15159,0.072276,2
2418,9550,1.0,2
2418,10074,0.109554,2
2418,12002,0.226782,2
2418,13012,0.4529879999999999,2
2418,15069,0.32361,2
2419,7835,0.0972416,2
2419,7884,0.042768,2
2419,8606,0.0053762449599999,2
2419,8929,0.013139706,2
2419,9445,0.0271615039488,2
2419,10101,0.0471208,2
2419,10602,0.023492127,2
2419,10832,1.0,2
2419,11287,0.02682602,2
2419,12030,0.009000012,2
2419,13625,0.00599389632,2
2419,13822,0.01739289,2
2420,10197,0.3735239999999999,2
2421,9252,0.580896,2
2421,14409,0.11184,2
2422,8639,0.2537459999999999,2
2422,9408,1.0,2
2422,10472,1.0,2
2422,11602,0.564018,2
2423,8297,0.50325,2
2423,14561,0.52974,2
2425,9936,0.34368,2
2425,9989,1.0,2
2425,10649,0.1202623999999999,2
2425,11786,0.0039548290239999,2
2425,11896,0.214122,2
2426,8138,0.0500072,2
2426,11268,0.0278849116895999,2
2426,13814,0.0376102716864,2
2427,8809,1.0,2
2427,8810,0.3114419999999999,2
2427,8868,0.507312,2
2427,8883,0.4013775,2
2427,8886,0.0069963846047999,2
2427,10166,0.0119691973823999,2
2427,10453,0.0083866186895999,2
2427,11612,0.1560659999999999,2
2428,9154,0.504006,2
2428,9292,0.0787679999999999,2
2428,12318,0.340674,2
2428,12963,0.140088,2
2428,13065,0.284628,2
2428,13434,0.3205679999999999,2
2428,14323,0.338118,2
2428,14464,0.2140979999999999,2
2430,11141,0.542028,2
2430,15542,0.4970939999999999,2
2431,9561,0.198984,2
2431,14052,0.38264,2
2432,11087,1.0,2
2432,15212,0.004625353772,2
2434,10516,1.0,2
2434,10947,0.26087,2
2435,7979,1.0,2
2436,10319,1.0,2
2436,10465,0.2172549999999999,2
2436,10554,0.1699079999999999,2
2436,13978,0.1302599999999999,2
2438,7539,1.0,2
2439,11347,0.247452,2
2439,12928,0.023124591,2
2439,14565,0.0025287395999999,2
2440,8151,1.0,2
2440,8255,0.21951,2
2440,8786,0.13374,2
2440,9610,0.330306,2
2440,13204,0.452634,2
2440,14644,0.409086,2
2440,15039,0.460686,2
2441,9336,0.128478,2
2441,12337,0.128478,2
2443,10971,0.059844,2
2444,9787,1.0,2
2445,9792,1.0,2
2446,11318,1.0,2
2448,9008,0.168675737,2
2448,11361,0.466884,2
2449,10497,1.0,2
2449,10591,0.598938,2
2450,8608,1.0,2
2450,9708,0.47655,2
2451,9666,1.0,2
2453,10271,1.0,2
2453,14806,0.33153,2
2454,7581,1.0,2
2454,7856,0.0226076860799999,2
2454,8526,0.0014228661216,2
2454,9784,0.0611511999999999,2
2454,13091,0.1297056,2
2455,14324,0.043452,2
2455,14877,0.37131,2
2456,7775,1.0,2
2456,7792,0.2275625,2
2456,8130,0.040967945376,2
2457,9686,0.0431939999999999,2
2458,14981,0.2307,2
2459,11826,0.094158,2
2460,8039,0.512022,2
2460,9094,0.321385773,2
2460,14411,0.7556080000000001,2
2461,7451,1.0,2
2462,8834,1.0,2
2462,9065,0.33234,2
2463,8310,1.0,2
2464,11426,1.0,2
2464,15522,0.331464,2
2465,8410,0.0504224,2
2465,10414,0.022821682,2
2466,9077,0.29256,2
2467,7896,0.0018612873599999,2
2467,8173,1.0,2
2467,8394,1.0,2
2467,8646,0.23958,2
2467,10061,0.047814,2
2467,12092,0.0154679801087999,2
2467,12501,0.201318,2
2467,13253,0.0527879999999999,2
2467,14231,0.0128294347392,2
2467,14597,0.0244274963328,2
2467,14710,0.1201739999999999,2
2467,15279,0.011619890304,2
2469,11281,1.0,2
2469,12431,0.3408719999999999,2
2470,10807,1.0,2
2471,8039,0.386887919,2
2471,9094,0.425334,2
2471,14411,1.0,2
2472,9205,0.392148,2
2472,10001,0.20923,2
2473,7692,0.0429136,2
2473,8480,0.00693545496,2
2473,8778,0.042056,2
2473,10946,0.02376349,2
2473,11836,0.0047319968448,2
2473,12052,0.3709025,2
2473,12054,0.0113409891839999,2
2473,15198,0.014260516704,2
2474,10351,0.3693174999999999,2
2476,9490,1.0,2
2476,14030,0.0222423618624,2
2476,15487,0.009781270452,2
2478,9098,0.5382539999999999,2
2478,11103,0.1779312,2
2478,13044,0.0245406269664,2
2478,14005,0.4119125,2
2478,14754,0.062459189136,2
2482,13358,0.34623,2
2483,7490,0.0519496,2
2483,7500,0.0176285908999999,2
2483,7868,0.0098829341999999,2
2483,8211,1.0,2
2483,12311,0.014694745104,2
2483,14415,0.02199598,2
2483,14851,0.022283371,2
2484,8609,0.0274152332208,2
2484,8809,0.0466318807632,2
2484,8810,0.0612607810655999,2
2484,8868,0.0598747135103999,2
2484,8882,0.4475579999999999,2
2484,8883,0.10196,2
2484,8886,0.401995,2
2484,9595,0.117972,2
2484,9900,0.0145079196767999,2
2484,10166,0.0020123600591999,2
2484,10453,0.00124948836,2
2484,11612,0.0428914845407999,2
2485,8007,0.3136619999999999,2
2485,11337,0.0067199999999999,2
2485,13033,0.444642,2
2486,9801,1.0,2
2486,11851,0.523932,2
2487,7724,0.065536,2
2487,7725,1.0,2
2487,8330,0.4291439999999999,2
2487,8628,0.3319125,2
2487,10095,0.063176,2
2488,7778,0.0400503511584,2
2488,8195,0.0394496242272,2
2488,8571,0.01782750505,2
2488,8720,0.0858672,2
2488,10208,0.0444132502272,2
2488,10491,0.1593712568448,2
2488,11264,0.3911525,2
2488,11333,0.0411175147392,2
2488,12008,0.0284158478208,2
2489,7437,1.0,2
2489,9473,0.41553,2
2490,7541,0.368105,2
2490,7774,1.0,2
2491,10613,1.0,2
2492,9799,1.0,2
2493,9654,1.0,2
2493,10010,0.560124,2
2494,13874,0.168816,2
2496,8430,0.0003256670448,2
2496,9384,0.419874,2
2496,10698,1.0,2
2497,8551,1.0,2
2499,11652,0.28785,2
2500,9933,0.5907119999999999,2
2500,12415,0.3661919999999999,2
2500,13932,0.166044,2
2501,9801,1.0,2
2501,10146,0.0005738691839999,2
2501,11441,0.01069948,2
2501,11851,0.4164179999999999,2
2501,12096,0.0272716690176,2
2502,9741,0.4356575,2
2503,7643,1.0,2
2504,11030,0.193128,2
2504,11139,1.0,2
2504,13789,0.183078,2
2505,8511,1.0,2
2506,9212,1.0,2
2506,10422,0.5075879999999999,2
2507,7513,0.202152,2
2507,9763,1.0,2
2508,8780,1.0,2
2509,7753,1.0,2
2509,10802,0.50373,2
2510,9282,1.0,2
2511,9977,0.0202115127648,2
2511,10004,0.0561328,2
2511,11536,1.0,2
2511,11864,0.0314591786976,2
2512,8313,0.0540135999999999,2
2512,8407,0.018725345424,2
2512,8723,0.2006025,2
2512,8998,1.0,2
2512,11381,0.2117279999999999,2
2512,14235,0.0167078918539999,2
2513,8685,0.0764519999999999,2
2513,8767,0.579276,2
2513,8768,0.451206,2
2513,12620,0.224232,2
2514,9774,0.090864,2
2514,10309,1.0,2
2515,9960,1.0,2
2516,13223,0.3334074999999999,2
2517,8083,1.0,2
2517,13911,0.46128,2
2517,15022,0.279795,2
2518,8711,1.0,2
2518,13992,0.2009075,2
2520,7074,1.0,2
2520,7479,0.111868,2
2520,12330,0.286734,2
2520,13274,0.004223930976,2
2520,15486,0.2481299999999999,2
2521,13017,0.001434138552,2
2523,11148,0.15909,2
2524,14023,1.0,2
2525,7832,0.245064,2
2525,8012,0.4668875,2
2525,8891,0.171894,2
2525,9803,0.250032,2
2525,12840,0.217476,2
2525,13590,0.037429930296,2
2525,14039,0.28782,2
2526,11162,0.2582299999999999,2
2527,10348,1.0,2
2528,10794,1.0,2
2529,9370,0.298112,2
2530,7071,1.0,2
2530,9075,0.1853399999999999,2
2531,7100,1.0,2
2531,11405,0.309642,2
2532,8454,1.0,2
2532,9112,0.067506,2
2533,9521,1.0,2
2533,12580,0.505536,2
2533,13357,0.32793,2
2533,14186,0.299808,2
2533,14363,0.24195,2
2535,10256,1.0,2
2536,8731,0.3752225,2
2536,12528,0.492264,2
2537,10261,0.2070599999999999,2
2537,10917,1.0,2
2537,11206,0.366612,2
2538,8609,0.0282442220544,2
2538,8692,0.060624,2
2538,8881,0.4049325,2
2538,8882,0.0047912291327999,2
2538,9299,0.014762981718,2
2538,9595,0.0247152356352,2
2538,9900,0.0149466138624,2
2538,10480,0.2341849999999999,2
2539,12149,0.1620825,2
2539,14634,0.5781959999999999,2
2539,15141,0.092238,2
2540,9581,1.0,2
2541,6728,0.0542272,2
2541,7133,0.0403912,2
2541,7452,1.0,2
2541,8500,0.0125711024976,2
2541,8960,0.0026517630623999,2
2541,9738,0.00880508952,2
2541,10152,0.133205,2
2541,10704,0.0434136,2
2541,10970,0.057336,2
2541,12355,0.4070879999999999,2
2541,12910,0.014107636,2
2541,14459,0.0143884692,2
2542,9227,1.0,2
2543,8224,1.0,2
2543,14232,0.0801419999999999,2
2544,8402,1.0,2
2544,9236,0.3716475,2
2545,9553,0.0574168,2
2545,9769,0.2405574999999999,2
2546,7692,0.057932,2
2546,9548,1.0,2
2546,11836,0.0051897413664,2
2547,9667,1.0,2
2548,8238,0.4683179999999999,2
2548,10036,1.0,2
2548,14908,0.355056,2
2550,13005,0.1929388687632,2
2551,8555,1.0,2
2551,11171,0.131676,2
2551,11350,0.477888,2
2551,14319,0.0038122015103999,2
2551,15208,0.0600977498687999,2
2552,8318,0.3992025,2
2552,10943,1.0,2
2553,7505,0.0650464,2
2553,8999,0.1782675,2
2553,9412,0.014420698,2
2553,9583,0.1542,2
2553,9871,1.0,2
2553,10327,0.0565676532,2
2553,10735,0.0008116506095999,2
2553,12987,0.18987,2
2553,15270,0.087785752,2
2553,15390,0.0203303026368,2
2555,8670,0.35433,2
2555,9102,0.49881,2
2556,9665,0.33314,2
2557,11101,1.0,2
2557,12903,0.305685,2
2558,7826,1.0,2
2559,7100,1.0,2
2560,7551,0.469872,2
2560,12171,0.297162,2
2561,11438,1.0,2
2563,9046,0.077196,2
2564,9251,0.216642,2
2565,7906,1.0,2
2565,9916,0.1009849999999999,2
2566,6717,0.1109272,2
2566,8374,0.1377648,2
2566,8471,0.3897675,2
2566,9786,0.0645616,2
2566,10299,0.1041704,2
2566,12827,0.0446031900288,2
2568,10156,1.0,2
2568,10977,0.292578,2
2569,10368,1.0,2
2570,13251,0.3753125,2
2572,11178,0.6686688000000001,2
2573,7427,0.27138,2
2573,10000,0.38969,2
2574,9205,0.3219359999999999,2
2574,10001,0.238485,2
2574,10462,0.067848,2
2576,6717,0.5735304,2
2576,7059,0.0901768,2
2576,7415,0.0185518927104,2
2576,8081,0.0265791227,2
2576,8374,0.3611104,2
2576,8471,0.0569317540512,2
2576,9786,1.0,2
2576,10299,0.6751624,2
2576,10962,0.0897896,2
2576,12827,0.2590625346192,2
2577,9798,1.0,2
2577,10465,0.035418,2
2577,11986,0.072228,2
2577,12435,0.354366,2
2577,13602,0.382158,2
2578,7832,0.2238687999999999,2
2578,8012,1.0,2
2578,8891,0.1172732231423999,2
2578,9803,0.1112590200575999,2
2578,12840,0.39738,2
2578,13590,0.0138386506368,2
2578,14039,0.467724,2
2579,8422,1.0,2
2580,8370,1.0,2
2580,12067,0.03632,2
2581,8467,1.0,2
2581,9017,0.3765282797952,2
2582,13928,1.0,2
2583,8514,1.0,2
2583,14652,0.14934,2
2584,9566,0.411534,2
2584,11497,0.585426,2
2584,12267,0.1745219999999999,2
2584,15407,0.0429659999999999,2
2585,11104,1.0,2
2586,8336,1.0,2
2586,8716,0.264246,2
2586,10864,0.22149,2
2586,11978,0.0057875866944,2
2586,14938,0.3425574999999999,2
2587,8049,0.431028,2
2587,9301,0.4966259999999999,2
2587,14874,0.055824,2
2589,9371,1.0,2
2590,10053,1.0,2
2591,8173,0.0705432,2
2591,8394,0.0475528,2
2591,8646,0.01086343716,2
2591,8908,0.50985,2
2591,10061,0.0017444269151999,2
2591,10457,0.6871096,2
2591,12501,0.0289842609419999,2
2591,13253,0.0279719999999999,2
2591,14710,0.0229668907103999,2
2593,7050,1.0,2
2593,11453,0.2865675,2
2594,7072,0.056256,2
2594,8144,0.0278801360639999,2
2594,8324,0.006655535,2
2594,9165,0.04128,2
2594,10901,0.0922439999999999,2
2594,10902,1.0,2
2594,13325,0.31467,2
2594,13784,0.0009282838031999,2
2594,14853,0.0117420134399999,2
2594,14971,0.246906,2
2595,7470,1.0,2
2595,8959,0.252366,2
2596,7332,1.0,2
2596,8568,0.0858168,2
2596,8993,0.0051619641696,2
2596,10250,0.04692,2
2596,10326,0.1185136,2
2596,11776,0.0501369414527999,2
2596,12847,1.0,2
2596,12880,0.0238171757616,2
2596,13225,0.010350364,2
2599,11091,1.0,2
2599,13097,0.0003658973423999,2
2599,13906,0.2179475,2
2599,14890,0.185874,2
2600,8031,1.0,2
2600,11614,0.1830936,2
2601,9594,1.0,2
2602,9093,0.1872825,2
2602,12923,0.35256,2
2603,8743,1.0,2
2604,7613,0.563352,2
2604,10402,0.00956919,2
2604,12121,0.19284,2
2604,14212,0.217164,2
2604,14313,0.296838,2
2605,9202,0.1561096,2
2605,9436,0.0507958783056,2
2605,9454,0.050417937,2
2605,10407,0.007687783224,2
2605,15017,0.3387775,2
2606,6727,0.2480224999999999,2
2607,9505,0.3375525,2
2607,11743,0.12009,2
2608,8577,1.0,2
2609,7613,1.0,2
2609,10402,0.10029,2
2609,12121,0.0847679999999999,2
2609,14212,0.3252359999999999,2
2609,14313,0.1887659999999999,2
2610,8033,1.0,2
2610,8034,0.563568,2
2610,12334,0.024848136768,2
2611,7759,0.0653392,2
2611,9290,0.4844279999999999,2
2611,10506,0.0173644151136,2
2611,12882,0.0098447879423999,2
2612,8762,0.3619619999999999,2
2612,9137,0.431418,2
2612,10883,1.0,2
2612,15141,0.0089088563039999,2
2613,9977,0.3600659999999999,2
2613,10004,1.0,2
2613,11536,0.0561328,2
2613,11864,0.560442,2
2614,9940,1.0,2
2615,9580,1.0,2
2615,12685,0.318606,2
2616,8564,1.0,2
2617,7172,1.0,2
2618,8155,0.455574,2
2618,10215,0.20016,2
2618,11083,0.580542,2
2619,10693,0.3774775,2
2621,7460,0.5792339999999999,2
2621,10611,0.334512,2
2621,10938,0.379596,2
2621,11214,0.5283,2
2621,11398,0.157932,2
2623,7074,0.08864,2
2623,7479,1.0,2
2623,12330,0.1894175,2
2623,13274,0.0216246547584,2
2623,15486,0.02177938,2
2624,8931,1.0,2
2626,7120,0.077586,2
2626,8000,1.0,2
2626,14629,0.44592,2
2627,10880,1.0,2
2628,10494,1.0,2
2629,7100,0.4601975,2
2630,7861,0.0253979999999999,2
2630,12260,0.365652,2
2631,7985,0.345138,2
2631,9972,0.074838,2
2631,10674,1.0,2
2632,10674,0.342522,2
2633,7837,1.0,2
2633,10468,0.0975528,2
2634,14906,0.430794,2
2635,13041,0.0635879999999999,2
2635,13747,0.439122,2
2636,7601,0.597438,2
2638,9125,1.0,2
2638,14891,0.1121924999999999,2
2639,6716,0.3960599999999999,2
2640,13426,0.517914,2
2641,11491,0.5890259999999999,2
2641,11527,0.216126,2
2641,14253,0.449016,2
2642,7402,0.204756073,2
2642,8200,0.317496,2
2642,8203,0.0210243012768,2
2642,8906,0.0018042077375999,2
2642,10084,1.0,2
2642,10132,0.0898152,2
2642,11284,0.011036492,2
2642,13043,0.04293,2
2642,13260,0.417222,2
2642,14140,0.1735649270208,2
2643,7836,0.57696,2
2645,11761,0.07543,2
2646,9574,0.2181225,2
2647,9712,1.0,2
2648,7826,1.0,2
2649,11034,1.0,2
2649,14476,0.0247433655168,2
2650,8711,1.0,2
2650,12811,0.0311399999999999,2
2650,13992,0.0569925,2
2651,13017,0.021042,2
2652,7946,0.285615,2
2652,10000,0.265794,2
2652,10385,0.0558984,2
2652,14026,0.00313590024,2
2653,7164,1.0,2
2653,15546,0.4952999999999999,2
2654,9099,0.1194136,2
2654,10380,0.0522989991935999,2
2654,11432,0.429264,2
2654,11966,0.093996,2
2654,12120,0.0443666901168,2
2654,12551,0.0336586798079999,2
2654,12638,0.0050061201408,2
2655,7857,1.0,2
2655,11177,0.0493019999999999,2
2656,7918,0.0048175896384,2
2656,11297,0.0265973666111999,2
2658,7747,1.0,2
2658,9716,0.3823625,2
2658,10598,0.1165553597087999,2
2658,14378,0.427134,2
2659,7997,0.497742,2
2659,8208,0.4827899999999999,2
2659,9861,0.027414,2
2659,11027,0.49095,2
2659,12826,0.1203359999999999,2
2659,13649,0.261162,2
2660,10358,1.0,2
2662,14734,0.512334,2
2663,10745,0.0281199999999999,2
2664,9774,0.4136579999999999,2
2664,10309,1.0,2
2664,10436,0.0762864,2
2665,7741,0.16272,2
2665,7844,1.0,2
2665,8624,0.5294639999999999,2
2665,10443,0.0265859999999999,2
2665,15236,0.2745479999999999,2
2666,9315,0.420492,2
2666,10317,0.5817359999999999,2
2666,10318,1.0,2
2667,9416,1.0,2
2668,7405,0.3763499999999999,2
2668,7896,1.0,2
2668,8173,0.017426531,2
2668,8394,0.0284907574224,2
2668,8646,0.0893256,2
2668,10061,0.1022272,2
2668,12092,0.301812,2
2668,14231,0.323976,2
2668,14597,0.146058,2
2668,15279,0.471498,2
2669,11258,1.0,2
2670,9921,0.0745328,2
2670,10499,0.14259,2
2672,11058,1.0,2
2672,11504,0.010314281,2
2673,7832,0.306492,2
2673,8012,0.32907,2
2673,8891,0.5222939999999999,2
2673,9803,1.0,2
2673,10361,0.1038896,2
2673,11039,0.0429328,2
2673,13115,0.0220917591648,2
2673,13590,0.0187816061136,2
2674,10357,1.0,2
2674,13142,0.5473439999999999,2
2675,8743,1.0,2
2676,8728,0.006348,2
2676,8905,0.2469719999999999,2
2676,9211,1.0,2
2676,14699,0.0902279999999999,2
2677,9954,1.0,2
2678,9051,0.3970774999999999,2
2679,10122,0.0339179999999999,2
2679,11760,0.3429659999999999,2
2679,14750,0.507198,2
2681,9510,1.0,2
2682,12737,0.419034,2
2684,9948,0.108588,2
2684,10100,0.39796,2
2684,14114,0.523158,2
2685,7412,1.0,2
2685,8147,0.016372926,2
2685,10696,0.0670472,2
2685,11130,0.0060511438944,2
2685,15335,0.285288,2
2686,7481,0.3567825,2
2686,8992,0.584916,2
2686,11299,0.0554496,2
2686,14434,0.0142357821407999,2
2687,10592,1.0,2
2688,9422,0.0243593318399999,2
2688,12392,0.0013541880816,2
2689,9821,1.0,2
2690,8052,0.554286,2
2691,8194,1.0,2
2691,10265,0.2706825,2
2692,10915,1.0,2
2693,8976,0.5596679999999999,2
2693,9553,0.42703,2
2694,10666,1.0,2
2695,7540,0.0501856,2
2695,7940,0.0451392,2
2695,10209,1.0,2
2695,13044,0.021232366848,2
2695,13186,0.0198415795584,2
2695,14354,0.03020798832,2
2695,14754,0.004314261,2
2695,15404,0.0237169115904,2
2696,10156,1.0,2
2697,7904,0.022199559,2
2697,7997,0.041576,2
2697,8208,0.011811991,2
2697,8249,1.0,2
2697,9081,0.0614032,2
2697,9861,0.00940025,2
2697,11027,0.020975258304,2
2697,11181,0.452934,2
2697,11322,0.457368,2
2697,13649,0.019118557,2
2697,14315,0.2095499999999999,2
2698,7523,0.2007659999999999,2
2698,8519,1.0,2
2699,12072,0.140805,2
2700,10737,1.0,2
2701,8284,0.253328,2
2701,10703,1.0,2
2701,11119,0.0064280667071999,2
2701,12155,0.500934,2
2701,13509,0.0543487486,2
2702,11627,0.1180979999999999,2
2703,8634,0.0865344,2
2703,9658,0.0338086558655999,2
2703,10561,0.0481568,2
2703,12051,0.5232,2
2703,13020,0.224496,2
2704,10005,1.0,2
2704,14380,0.29163,2
2705,8655,0.018461543,2
2705,12694,0.018611907,2
2707,8056,1.0,2
2707,12837,0.300954,2
2708,9342,1.0,2
2709,8101,1.0,2
2709,11228,0.2961959999999999,2
2709,11230,0.052405031,2
2709,12596,0.5479379999999999,2
2709,13272,0.272508,2
2711,10494,1.0,2
2713,9581,1.0,2
2714,7885,0.0376730742864,2
2714,8107,0.0249907273104,2
2714,8761,0.1073974999999999,2
2715,7344,0.0592392,2
2715,8796,0.52848,2
2715,8799,0.0958816,2
2715,10026,0.03867264484,2
2715,11098,0.2050979999999999,2
2715,11525,0.572766,2
2715,12091,0.1348559999999999,2
2715,13810,0.21936,2
2716,11529,1.0,2
2716,12944,0.2144219999999999,2
2716,13993,0.278646,2
2716,14252,0.4148625,2
2717,9051,0.438438,2
2718,8054,1.0,2
2718,8161,0.0232683296256,2
2718,8416,0.1798799999999999,2
2718,10115,0.0839424,2
2719,13784,0.0135549497088,2
2721,9872,1.0,2
2721,15214,0.59862,2
2721,15320,0.209412,2
2722,10950,1.0,2
2724,9100,0.023750596,2
2724,9418,0.571464,2
2724,10143,1.0,2
2724,10882,0.007586717952,2
2725,12467,0.139566,2
2725,14585,0.5629019999999999,2
2726,7070,0.4497239999999999,2
2726,7483,0.018592338,2
2726,12629,0.0256459096703999,2
2727,8126,0.38469,2
2727,9173,0.0016985878799999,2
2727,9700,0.484596,2
2727,9744,1.0,2
2727,9745,1.0,2
2727,10041,0.536172,2
2727,10336,0.02907700572,2
2727,10762,0.565248,2
2727,11024,0.180384,2
2727,11037,0.025596268,2
2727,11489,0.06418,2
2727,12396,0.381468,2
2727,14741,0.04887,2
2728,9721,0.550812,2
2728,9826,1.0,2
2728,11956,0.530358,2
2728,13018,0.0089198992511999,2
2728,13517,0.020950757912,2
2728,14493,0.58866,2
2728,15003,0.166362,2
2729,10777,1.0,2
2729,11420,0.3328979999999999,2
2729,14316,0.010506,2
2729,14546,0.318672,2
2731,10674,0.4232579999999999,2
2732,10490,0.116112,2
2732,10607,1.0,2
2732,13632,0.382776,2
2733,8033,1.0,2
2733,8034,0.299,2
2733,12334,0.15096,2
2734,7716,0.0989564192064,2
2734,7907,0.499104,2
2734,9573,1.0,2
2734,10029,0.2118179999999999,2
2734,12873,0.292068,2
2734,14334,0.105294,2
2734,15156,0.0135419999999999,2
2735,9128,1.0,2
2736,7431,1.0,2
2736,10742,0.0539864,2
2736,12347,0.3033832910592,2
2736,14523,0.0047884857072,2
2736,14920,0.0154797364175999,2
2737,7070,0.0208751087424,2
2737,7483,0.400545,2
2737,12629,0.552504,2
2738,8551,0.0601919999999999,2
2738,10522,0.442296,2
2739,9267,1.0,2
2739,11952,0.4396619999999999,2
2740,7167,0.0653336,2
2740,8031,0.117414,2
2740,10302,0.0200869116287999,2
2741,10629,1.0,2
2742,8432,1.0,2
2742,10442,0.29022,2
2742,12139,0.090936,2
2742,15082,0.058458,2
2743,10768,0.513702,2
2743,12352,0.016992874,2
2743,12834,0.302316,2
2743,13697,0.0081169178112,2
2745,9498,1.0,2
2745,12662,0.1342559999999999,2
2745,12670,0.3484675,2
2745,14069,0.004170370368,2
2747,8406,0.0055652332031999,2
2747,9504,1.0,2
2747,9505,0.0918959999999999,2
2747,11743,1.0,2
2748,8478,0.1261933998192,2
2748,9681,1.0,2
2749,7691,1.0,2
2749,15207,0.0079944898848,2
2750,7956,1.0,2
2750,8988,0.3669075,2
2751,7332,0.05702,2
2751,8568,0.040028,2
2751,8939,0.0485984,2
2751,8993,0.00267058872,2
2751,11157,0.184716,2
2751,11776,0.010790248,2
2751,12847,0.026966925,2
2753,10765,1.0,2
2753,12084,0.326628,2
2753,14192,0.460074,2
2753,14735,0.086118,2
2754,9971,0.4672139999999999,2
2754,14063,0.4803359999999999,2
2755,8397,1.0,2
2756,8462,1.0,2
2757,7913,0.573108,2
2757,11828,0.132042,2
2758,14505,0.38683,2
2760,9777,0.0354626657424,2
2760,9996,1.0,2
2760,11698,0.027862083288,2
2760,13022,0.0178975047888,2
2761,8554,0.3255359999999999,2
2761,8569,0.201846,2
2761,10315,0.4306575,2
2761,15059,0.1133819999999999,2
2762,7057,1.0,2
2763,14939,0.4593839999999999,2
2764,11495,1.0,2
2765,8397,1.0,2
2766,8527,1.0,2
2766,12477,0.225595,2
2768,8295,0.0632456,2
2768,8647,1.0,2
2768,12511,0.0215226041712,2
2769,7691,0.3674775,2
2769,15207,0.0115439734992,2
2770,8131,1.0,2
2770,8132,0.5392979999999999,2
2771,11440,1.0,2
2772,7581,0.1516088,2
2772,7856,0.1742999999999999,2
2772,8455,0.0512607999999999,2
2772,8526,0.0020746121088,2
2772,9784,0.0891616,2
2772,10581,0.0490808,2
2772,10856,0.0859832,2
2772,13091,1.0,2
2773,8118,0.0923136,2
2773,8168,0.136888,2
2773,8411,0.0145474022304,2
2773,10760,1.0,2
2773,10991,0.0497058886655999,2
2773,11049,0.0651888,2
2773,11651,0.033731389,2
2773,12058,0.213786,2
2773,12112,0.0553619999999999,2
2773,12430,0.4881059999999999,2
2773,12821,0.124584,2
2773,14340,0.5643659999999999,2
2773,14870,0.052119010896,2
2773,14985,0.02412,2
2774,9115,0.0129099999999999,2
2775,9802,1.0,2
2776,8064,0.093222,2
2776,8951,1.0,2
2777,7576,0.39287,2
2778,9756,1.0,2
2779,9496,1.0,2
2779,13531,0.063174,2
2780,9690,1.0,2
2781,8731,0.1890097522992,2
2781,9379,1.0,2
2781,13957,0.350682,2
2782,9543,0.0798659999999999,2
2782,10763,0.5505,2
2784,10387,1.0,2
2785,11178,1.0,2
2786,10741,1.0,2
2787,9369,0.4849259999999999,2
2788,9492,0.381984,2
2788,10853,0.060858,2
2788,12750,0.49722,2
2790,10582,0.565236,2
2791,8104,0.5235,2
2792,8256,1.0,2
2792,8725,0.592518,2
2792,12026,0.581382,2
2792,12605,0.353586,2
2792,13219,0.1934039999999999,2
2792,14721,0.124542,2
2792,14878,0.511704,2
2793,8214,0.0270098790096,2
2793,9618,0.0368889327888,2
2793,11481,1.0,2
2793,12301,0.0312217082832,2
2794,9991,1.0,2
2794,11496,0.291462,2
2795,7689,0.474996,2
2795,8399,0.0418256,2
2795,9255,0.0265439999999999,2
2797,8094,0.0231403929888,2
2797,14846,0.2045624999999999,2
2799,8749,0.59385,2
2799,8934,0.4026299999999999,2
2799,9626,0.0584538599952,2
2799,10401,0.0172934451,2
2800,10048,0.407505,2
2800,11596,0.439986,2
2800,13910,0.0052263755087999,2
2801,7094,0.18181,2
2802,9777,0.0695970924432,2
2802,9996,1.0,2
2802,11698,0.0872999999999999,2
2802,13022,0.0351246661584,2
2803,9553,0.4081619999999999,2
2803,9769,1.0,2
2804,7074,0.0534936,2
2804,7479,1.0,2
2804,12330,0.0902525,2
2804,13274,0.0046422393408,2
2804,15486,0.0131436984816,2
2805,9129,1.0,2
2805,11694,0.332766,2
2806,9370,0.0194130823679999,2
2806,9612,0.007709516496,2
2806,10065,0.1082415530304,2
2806,10308,0.103464,2
2806,10413,1.0,2
2806,11422,1.0,2
2806,12232,0.2265539999999999,2
2806,14962,0.0174386758719999,2
2806,14992,0.522684,2
2806,15435,0.4974119999999999,2
2808,10083,1.0,2
2809,7915,0.527952,2
2809,12750,0.527922,2
2811,7978,0.024132,2
2811,9216,1.0,2
2812,7738,0.584496,2
2812,8395,1.0,2
2812,12621,0.007962,2
2813,7928,0.5779432,2
2813,9644,1.0,2
2813,13474,0.0320208431135999,2
2814,8128,1.0,2
2814,11888,0.0510539999999999,2
2816,11091,1.0,2
2816,13097,0.0020819999999999,2
2816,13906,0.265275,2
2816,14890,0.072288,2
2817,8094,0.458124,2
2817,14846,0.010332697,2
2818,8904,1.0,2
2818,13989,0.358722,2
2819,10470,1.0,2
2820,10083,1.0,2
2821,10613,1.0,2
2823,7492,1.0,2
2823,15028,0.1487724999999999,2
2824,8788,0.393252,2
2824,10184,1.0,2
2825,8797,1.0,2
2825,11858,1.0,2
2826,8660,0.0227083294656,2
2826,10352,1.0,2
2826,10435,0.1868175,2
2827,7910,0.4190819999999999,2
2827,11344,1.0,2
2828,7814,1.0,2
2828,13007,0.004902,2
2829,7713,0.259026,2
2829,9922,0.426835,2
2829,9923,1.0,2
2829,11740,0.0244855322448,2
2830,11435,0.15319,2
2831,8102,1.0,2
2831,8518,0.4639859999999999,2
2831,12791,0.021758530176,2
2831,13845,0.1522019999999999,2
2832,14711,0.096612,2
2833,11046,1.0,2
2833,12712,0.5469299999999999,2
2834,8533,1.0,2
2835,9702,1.0,2
2836,7540,0.1338744,2
2836,7713,0.0626848,2
2836,7838,0.0136790195519999,2
2836,7940,0.0653936,2
2836,8169,1.0,2
2836,8772,0.4089779999999999,2
2836,9601,0.116336,2
2836,9733,0.006664391,2
2836,9922,0.0206570236224,2
2836,9923,0.0033281867711999,2
2836,10078,0.05810704,2
2836,10417,0.190908,2
2836,10548,0.023050483776,2
2836,10785,0.0557619139583999,2
2836,11103,0.0509816,2
2836,11105,0.0550544,2
2836,11740,0.0266807821631999,2
2836,12554,0.4889759999999999,2
2836,13044,0.0228678557184,2
2836,13186,0.0529291182816,2
2836,14354,0.032534852,2
2836,14754,0.0136689826656,2
2836,15159,0.580086,2
2836,15404,0.0632668994496,2
2838,12822,0.1531199999999999,2
2838,14599,0.0319679999999999,2
2838,14933,0.54966,2
2839,9330,0.56994,2
2839,11044,1.0,2
2840,8288,0.3972839999999999,2
2840,8581,0.1842128,2
2840,9854,0.0177396926399999,2
2841,8516,0.441414,2
2842,10605,0.47346,2
2843,8981,0.0662352,2
2843,11805,1.0,2
2844,9433,1.0,2
2844,11314,0.514134,2
2844,12691,0.568122,2
2846,10771,0.195588,2
2846,11519,0.39832,2
2847,8738,0.09282,2
2848,9006,0.254934,2
2849,9295,0.4061875,2
2850,10017,1.0,2
2851,7928,0.0218699999999999,2
2851,9547,0.3982974999999999,2
2851,10121,1.0,2
2852,7126,1.0,2
2853,14906,0.0366099080256,2
2854,7612,0.066248,2
2854,8717,1.0,2
2854,11440,0.0495688,2
2854,13425,0.215118,2
2854,14358,0.038382634,2
2854,14743,0.038909982,2
2855,11257,1.0,2
2856,9618,0.521814,2
2856,9725,0.0414992,2
2856,10894,0.1603392,2
2856,11481,0.0595784,2
2856,12301,0.441342,2
2856,13175,0.013003463,2
2858,10341,1.0,2
2859,10361,0.2727825,2
2860,8948,0.147348,2
2860,10131,1.0,2
2860,11096,0.288948,2
2861,9314,0.5897279999999999,2
2861,9692,0.0434184,2
2862,13872,0.294792,2
2862,14927,0.4019399999999999,2
2863,7066,1.0,2
2863,10171,0.384115,2
2863,10697,0.4201799999999999,2
2864,13158,0.194022,2
2864,13539,0.4354739999999999,2
2865,7517,0.3919979999999999,2
2865,7763,0.5013839999999999,2
2865,8274,0.362442,2
2865,9100,0.023804795,2
2865,10736,1.0,2
2865,10882,0.109218,2
2865,11166,0.0184082326272,2
2865,11626,0.014373353,2
2865,11823,0.145668,2
2865,13239,0.33036,2
2866,10083,1.0,2
2867,9085,0.3643019999999999,2
2867,9192,1.0,2
2868,10896,0.583038,2
2868,11656,0.547446,2
2868,12689,0.2131019999999999,2
2869,8629,1.0,2
2869,10397,0.0698099999999999,2
2870,9240,1.0,2
2870,11498,0.29319,2
2871,7364,1.0,2
2872,7580,1.0,2
2873,8929,0.0768965367024,2
2873,10101,0.1149392,2
2873,10602,0.1184451667776,2
2873,13625,0.1568696,2
2875,9511,1.0,2
2876,9439,0.011547261,2
2877,7102,1.0,2
2877,7602,0.3655319999999999,2
2877,13711,0.0430522799616,2
2877,13821,0.465252,2
2878,7581,0.498666,2
2878,7856,0.009754107,2
2878,13091,0.0559616,2
2879,10849,0.42021,2
2880,11038,1.0,2
2880,13959,0.118194,2
2881,8444,0.0552584,2
2881,9791,1.0,2
2881,10289,0.0944674999999999,2
2881,14885,0.410178,2
2882,13635,1.0,2
2883,7896,0.0286499999999999,2
2883,8103,0.0152710458623999,2
2883,8173,0.2067,2
2883,8394,0.3305639999999999,2
2883,8646,1.0,2
2883,10061,0.4406999999999999,2
2883,12092,0.2380919999999999,2
2883,12501,0.039471699,2
2883,13253,0.0248034126479999,2
2883,14231,0.197478,2
2883,14597,0.376002,2
2883,14710,0.031277051,2
2883,15279,0.17886,2
2884,10700,0.599112,2
2884,12325,0.1826459999999999,2
2884,13548,0.44067,2
2884,13965,0.385158,2
2885,11150,1.0,2
2886,15092,0.1147559999999999,2
2888,8284,1.0,2
2888,10703,0.1312816,2
2888,11119,0.0774659999999999,2
2888,12155,0.089898121782,2
2888,13509,0.451434,2
2889,11513,0.455135,2
2890,9498,1.0,2
2890,12662,0.372078,2
2890,12670,0.474144,2
2890,14069,0.043656,2
2891,11358,1.0,2
2892,11614,0.34611,2
2893,12023,0.3477825,2
2894,9419,0.1224544,2
2895,7997,0.0583192,2
2895,8208,0.0189884982431999,2
2895,8249,0.0275297507424,2
2895,8826,0.0205494219888,2
2895,9081,0.0332777637551999,2
2895,9579,0.01546224639,2
2895,9861,0.0107661908736,2
2895,9910,0.01026,2
2895,10153,0.0380948200128,2
2895,10243,1.0,2
2895,10262,0.0346839326207999,2
2895,10871,0.578772,2
2895,10989,0.15348,2
2895,11027,0.0318419332848,2
2895,11181,0.0530328,2
2895,11322,0.013305399192,2
2895,13053,0.1516259999999999,2
2895,13649,0.0243981872352,2
2895,14315,0.0001629167616,2
2896,7416,0.005074125,2
2896,7692,0.0617528,2
2896,8480,0.25448,2
2896,8778,1.0,2
2896,9173,0.0012748354607999,2
2896,9668,0.01871104,2
2896,10059,0.0449208,2
2896,10093,0.0145126514304,2
2896,10336,0.0218230675152,2
2896,10946,0.565044,2
2896,11037,0.019210681,2
2896,11489,0.0481688,2
2896,11789,0.0141427659359999,2
2896,11836,0.0328555260288,2
2896,12052,0.01559867554,2
2896,12054,0.2696639999999999,2
2896,14225,0.0230896505664,2
2896,15026,0.0304257240575999,2
2896,15198,0.339084,2
2897,13411,0.0130217755247999,2
2898,7330,0.0285066694511999,2
2898,7502,0.0033451992479999,2
2898,12216,0.0327448416383999,2
2898,12440,0.0333291392063999,2
2899,10368,0.0146724999999999,2
2899,14863,0.363318,2
2900,10012,1.0,2
2901,11351,1.0,2
2902,9012,0.348774,2
2902,11274,1.0,2
2902,12757,0.453072,2
2902,13945,0.2002379999999999,2
2902,14503,0.527178,2
2902,15080,0.355665,2
2903,10884,0.565314,2
2903,14215,0.010496694712,2
2904,10735,1.0,2
2905,8838,1.0,2
2906,9051,0.0865079999999999,2
2907,12540,0.448932,2
2908,10525,1.0,2
2908,12479,0.4117925,2
2908,13092,0.3547019999999999,2
2908,13093,0.259692,2
2908,13676,0.469638,2
2910,7842,1.0,2
2912,7776,1.0,2
2912,8362,0.0075545636739999,2
2913,8213,0.460605,2
2914,11007,0.20259,2
2916,8067,0.2797575,2
2918,7455,0.452358,2
2919,8812,0.3619775,2
2920,8642,1.0,2
2921,7146,0.405138,2
2922,10593,0.472434,2
2922,11237,0.274104,2
2923,8386,1.0,2
2923,12130,0.5029859999999999,2
2923,14649,0.054024,2
2924,9144,0.433272,2
2926,10003,1.0,2
2927,7056,1.0,2
2927,11154,0.4216859999999999,2
2927,12366,0.4013279999999999,2
2927,12483,0.326322,2
2927,15530,0.050232,2
2929,7524,0.500886,2
2930,8728,1.0,2
2930,8905,0.325368,2
2930,9154,0.0697312,2
2930,9292,0.0164982624576,2
2930,10023,0.0440072,2
2930,10552,0.0708488,2
2930,12318,0.0127499315328,2
2930,13065,0.0308531272896,2
2930,13434,0.0333592666176,2
2930,14323,0.0345830491776,2
2930,14464,0.0039236351615999,2
2930,14699,0.41066,2
2930,15456,0.0073698338736,2
2931,9365,1.0,2
2932,7526,1.0,2
2933,9422,0.02317446144,2
2933,12392,0.0013096388592,2
2934,8341,1.0,2
2935,11442,0.4932719999999999,2
2935,12872,0.257622,2
2935,15438,0.187464,2
2938,8067,1.0,2
2939,7550,1.0,2
2939,10706,0.0028559999999999,2
2940,8658,0.5780759999999999,2
2940,12233,0.1016496,2
2940,13873,0.502818,2
2941,11141,0.0021973707,2
2941,12499,0.4253099999999999,2
2943,8181,1.0,2
2943,14712,0.270168,2
2944,8719,0.0476039999999999,2
2944,10826,0.539856,2
2944,13075,0.054474,2
2944,14342,0.3626699999999999,2
2946,9335,0.0341939999999999,2
2946,9336,1.0,2
2946,12337,0.3906325,2
2947,8763,1.0,2
2948,9364,0.254622,2
2948,13011,0.180858,2
2949,10594,0.591456,2
2949,15453,0.20232,2
2950,7355,1.0,2
2950,7409,0.311052,2
2951,7455,0.060305,2
2952,7555,0.394296,2
2952,8233,1.0,2
2952,9790,0.066726,2
2952,10579,0.20214,2
2952,11421,0.0715499999999999,2
2952,15189,0.09375,2
2953,7539,0.0529736,2
2953,9896,1.0,2
2954,9563,1.0,2
2954,13225,0.459234,2
2955,7894,0.4473959999999999,2
2955,8697,1.0,2
2955,14125,0.0948659999999999,2
2956,8570,0.159714,2
2956,9630,0.0288405026304,2
2956,10174,1.0,2
2956,10920,0.135138,2
2956,10921,0.30688,2
2956,12704,0.0210577198272,2
2957,7075,1.0,2
2957,9410,0.0518542915103999,2
2958,7481,0.3182899999999999,2
2958,8992,1.0,2
2959,6717,1.0,2
2959,8374,0.492684,2
2959,8471,0.043235817,2
2959,9786,0.3264528,2
2959,10299,0.6801208000000001,2
2959,12827,0.2254070032608,2
2960,8033,0.25692,2
2960,8034,1.0,2
2961,8454,0.100878,2
2961,9112,0.462195,2
2961,9874,0.3734699999999999,2
2962,7566,1.0,2
2963,9278,1.0,2
2964,8551,0.0935219999999999,2
2964,10522,0.408966,2
2965,7055,0.3487599999999999,2
2965,10873,0.2966575,2
2967,11714,0.4603379999999999,2
2967,11892,0.02106,2
2970,11211,0.518544,2
2970,12693,0.394878,2
2970,13674,0.460458,2
2972,9392,0.0219984221327999,2
2972,10566,0.055644,2
2972,11493,1.0,2
2972,14078,0.0237175916352,2
2972,15216,0.3666625,2
2973,7863,0.1917599999999999,2
2974,9675,0.3832625,2
2974,9868,0.42753,2
2975,8049,0.5708759999999999,2
2975,9301,1.0,2
2975,10057,0.0012659999999999,2
2975,14874,0.1956719999999999,2
2977,7897,0.3865075,2
2978,8295,0.0624368,2
2978,8647,0.7446488000000001,2
2978,12511,0.0212473679135999,2
2979,7064,0.4969139999999999,2
2979,9551,1.0,2
2979,10466,0.565476,2
2979,10938,0.3484559999999999,2
2979,13861,0.2428919999999999,2
2980,10305,1.0,2
2981,13293,0.1628325,2
2982,7900,1.0,2
2982,14208,0.1815649999999999,2
2984,9313,0.55872,2
2984,11686,0.4044575,2
2986,9611,0.579792,2
2987,7581,1.0,2
2987,7856,0.02642541384,2
2987,8526,0.0013214176416,2
2987,9784,0.0567912,2
2987,13091,0.1516088,2
2988,8642,0.4178639999999999,2
2988,8675,1.0,2
2988,10376,0.5035799999999999,2
2989,10860,0.208752,2
2989,11060,0.1267744,2
2989,11594,0.2306699999999999,2
2989,12699,0.453192,2
2989,14830,0.0678336853056,2
2991,7764,0.19047,2
2991,10547,1.0,2
2991,12251,0.2978399999999999,2
2992,7531,1.0,2
2993,11253,1.0,2
2993,12350,0.166554,2
2995,10875,1.0,2
2997,13300,0.188928,2
2998,9916,1.0,2
2999,9474,1.0,2
3000,7134,1.0,2
3000,13367,0.16753,2
3002,7997,0.0407688,2
3002,8208,0.0132741582047999,2
3002,9579,0.537318,2
3002,9861,0.0075262466304,2
3002,11027,0.0222595201872,2
3002,13649,0.0170558720928,2
3003,10360,0.381835,2
3003,10387,0.4274275,2
3004,7831,0.465402,2
3006,10333,1.0,2
3007,8942,0.469734,2
3007,9202,0.0668704,2
3007,9436,0.0217586919744,2
3007,9454,0.021596799,2
3008,11007,0.504024,2
3009,9374,1.0,2
3010,9087,1.0,2
3011,9229,1.0,2
3011,14167,0.4512359999999999,2
3013,9088,1.0,2
3013,11307,0.4831859999999999,2
3014,8130,0.215016,2
3014,8361,1.0,2
3014,8426,0.0501099999999999,2
3015,9412,0.324885,2
3015,15463,0.17886,2
3016,7962,1.0,2
3016,10392,1.0,2
3016,11161,0.0262361860992,2
3016,11272,0.169176,2
3016,13874,0.4974599999999999,2
3016,15507,0.4267439999999999,2
3017,9051,1.0,2
3017,9478,0.0542759999999999,2
3018,13054,0.292055,2
3019,8525,1.0,2
3020,13872,0.4516619999999999,2
3021,7075,0.4699379999999999,2
3023,6717,0.0653248,2
3023,8374,0.0600496,2
3023,9786,0.0901584,2
3023,10299,0.0972608,2
3023,10962,1.0,2
3023,12827,0.0295070815104,2
3024,7728,1.0,2
3025,7539,1.0,2
3026,7803,0.184248,2
3026,10577,1.0,2
3029,9988,0.583356,2
3030,10550,1.0,2
3031,9439,0.216278692,2
3031,9476,0.0475536,2
3031,9608,0.0774284987231999,2
3031,10797,0.0007676984831999,2
3031,12297,0.0010379999807999,2
3031,12480,0.0198375548832,2
3033,9118,0.41073,2
3033,10929,1.0,2
3034,8633,0.03138,2
3034,10033,1.0,2
3035,7910,1.0,2
3035,11344,0.520434,2
3036,10607,0.342246,2
3036,13632,0.0710939999999999,2
3037,9723,0.082524,2
3037,10188,0.2162208,2
3037,10540,0.4618139999999999,2
3037,11681,0.242562,2
3039,10638,1.0,2
3041,7100,0.327395,2
3043,7604,0.0412768,2
3043,7816,0.0420552,2
3043,9634,0.0139233556799999,2
3043,9930,0.0033827988671999,2
3043,11036,0.0220436047728,2
3043,11113,0.0636552,2
3043,11721,0.469752,2
3043,14792,0.56697,2
3044,7692,0.0590408,2
3044,8126,0.0467281373328,2
3044,8375,0.0038785348896,2
3044,8376,0.0081909330719999,2
3044,9173,0.0165489270239999,2
3044,9242,0.591096,2
3044,9700,0.012558,2
3044,9744,0.0105954155999999,2
3044,9745,0.0420311727792,2
3044,10041,0.0029707527167999,2
3044,10762,0.0062307770976,2
3044,10862,0.281274,2
3044,11024,0.1121208,2
3044,11489,0.016797043,2
3044,11836,0.0049729103712,2
3044,12161,0.520428,2
3044,12396,0.0375299711424,2
3044,14741,0.545904,2
3044,15174,0.3982799999999999,2
3045,7417,1.0,2
3045,12147,0.524952,2
3046,11411,1.0,2
3046,11613,0.474966,2
3047,8743,1.0,2
3047,10794,0.0651592,2
3048,7591,0.0412016,2
3048,9197,0.0197429002847999,2
3050,9881,0.0418936,2
3050,11204,0.2410574999999999,2
3051,9274,1.0,2
3052,8641,1.0,2
3053,7418,0.042516,2
3053,7519,0.523518,2
3053,7549,0.122772,2
3053,8163,0.020783072,2
3053,8165,0.4950839999999999,2
3053,8773,0.025000882,2
3053,9415,0.4392779999999999,2
3053,9497,0.424458,2
3053,9564,0.30981,2
3053,9779,0.5960399999999999,2
3053,10232,0.23265,2
3053,10609,0.050392,2
3053,11144,0.50355,2
3053,11366,0.02873553408,2
3053,13462,0.524346,2
3053,13463,0.4735859999999999,2
3053,13800,0.42357,2
3054,8385,1.0,2
3054,10606,0.435096,2
3056,8366,1.0,2
3056,15311,0.40518,2
3056,15480,0.50676,2
3057,7962,0.0452136,2
3057,10392,0.0452136,2
3057,11161,0.580272,2
3057,11272,0.0076490559936,2
3057,13874,0.0224919574559999,2
3057,15507,0.0192946325184,2
3058,8443,1.0,2
3058,13611,0.500874,2
3059,9051,0.1205099999999999,2
3060,7539,0.0496256,2
3060,9896,0.0761784,2
3062,9049,0.402234,2
3062,10756,0.1857779999999999,2
3062,14921,0.514896,2
3063,9936,0.041331782,2
3063,9989,0.1202623999999999,2
3063,10649,1.0,2
3063,11786,0.032885,2
3063,11896,0.0257508256128,2
3065,8469,0.3037275,2
3067,7598,1.0,2
3068,8989,0.2757390620207999,2
3068,8990,0.311988,2
3068,9710,0.2964779999999999,2
3068,10639,0.533358,2
3068,15127,0.1323539999999999,2
3070,10680,1.0,2
3072,6717,0.6749944000000001,2
3072,8374,0.5965008,2
3072,8471,0.040602236,2
3072,9786,0.2837824,2
3072,10299,1.0,2
3072,12827,0.1719944995968,2
3073,9440,0.561282,2
3073,11182,1.0,2
3073,11974,0.2430839999999999,2
3073,12122,0.480222,2
3073,12979,0.131496,2
3073,14778,0.2951999999999999,2
3074,9370,1.0,2
3076,7100,1.0,2
3080,10967,0.1995239999999999,2
3080,11124,1.0,2
3080,11937,0.5155500000000001,2
3081,7540,0.0773632,2
3081,7838,0.0078191089343999,2
3081,7940,0.0171268199424,2
3081,8169,0.0468144,2
3081,8772,0.0191460596832,2
3081,9601,0.0664992,2
3081,9733,0.0825925,2
3081,10078,0.0326757158784,2
3081,10417,0.0089372434752,2
3081,10548,0.3463199999999999,2
3081,12554,0.0228911180544,2
3081,13186,0.0305866242048,2
3081,15159,0.0271563780384,2
3081,15404,0.0365606105088,2
3083,7119,1.0,2
3084,7153,0.1935479999999999,2
3084,11191,1.0,2
3086,6717,0.0771792,2
3086,7415,0.0059018057856,2
3086,8081,0.01997756696,2
3086,8374,0.0793064,2
3086,8471,0.4916759999999999,2
3086,9786,0.1157912,2
3086,10299,0.1001976,2
3086,12827,0.0336486101328,2
3087,10202,1.0,2
3087,11696,0.3447,2
3087,15295,0.060288,2
3088,7718,1.0,2
3088,9552,0.0657,2
3089,7604,0.0760584,2
3089,7816,0.0539504,2
3089,9487,0.0497368,2
3089,9634,0.021481105,2
3089,9930,0.0062332901136,2
3089,11036,0.0340091138015999,2
3089,11113,1.0,2
3089,11721,0.0299021575104,2
3089,12238,0.013043973168,2
3089,14792,0.036090589,2
3090,8039,0.1864928,2
3090,9094,1.0,2
3090,14411,0.44673,2
3091,12162,0.0374054744447999,2
3093,8138,0.0916424,2
3093,11268,0.0410735050319999,2
3093,13814,0.0447902547456,2
3094,8609,0.0179383658736,2
3094,8809,0.372762,2
3094,8810,0.6509208000000001,2
3094,8868,0.484776,2
3094,8882,0.023032382,2
3094,8883,0.1559459999999999,2
3094,8886,0.0023537945087999,2
3094,9595,0.031609247784,2
3094,9900,0.0025114340256,2
3094,10166,0.0316074122063999,2
3094,10453,0.01962526212,2
3094,11612,0.384468,2
3095,10680,0.003744,2
3095,13196,0.37867,2
3095,13249,0.5746979999999999,2
3095,14423,0.228084,2
3096,11160,0.2110274999999999,2
3097,8984,0.167388,2
3097,9028,1.0,2
3098,6717,1.0,2
3098,7059,0.065044,2
3098,7415,0.0133813720319999,2
3098,8081,0.013626936,2
3098,8374,0.4669824,2
3098,8471,0.03997923201,2
3098,9786,0.5025008,2
3098,10299,0.523464,2
3098,10962,0.0512512,2
3098,12827,0.3283190401296,2
3099,9127,0.3751075,2
3099,11309,1.0,2
3100,15362,0.364785,2
3101,8117,0.2352179999999999,2
3101,8180,0.0495688,2
3101,10119,0.012028241086,2
3101,10135,0.0614524446576,2
3101,10238,1.0,2
3101,12010,0.059505809586,2
3102,7930,1.0,2
3103,7620,0.0090936286848,2
3103,7622,0.001196855352,2
3103,7623,0.024036844986,2
3103,12938,0.5397839999999999,2
3104,7531,0.0237673111776,2
3104,8681,0.0411568,2
3104,9096,0.271278,2
3104,9123,0.2175025,2
3104,9781,0.4811699999999999,2
3105,6719,0.0276271599455999,2
3105,7783,0.0665144,2
3105,7938,0.0487731684384,2
3105,8076,0.0069414693407999,2
3105,8158,0.0443845972223999,2
3105,8163,0.266436,2
3105,8773,0.350136,2
3105,8805,0.004686536256,2
3105,8806,0.0193115814192,2
3105,8808,0.0361881404736,2
3105,8870,0.0243717275,2
3105,8922,0.0269777384927999,2
3105,8923,0.0193918241088,2
3105,8924,0.0306627698015999,2
3105,9411,0.0382661016191999,2
3105,9423,0.0084219511968,2
3105,9424,0.0133504628544,2
3105,9425,0.0343086118847999,2
3105,9629,0.1036752,2
3105,9794,0.013622838768,2
3105,10032,0.005137656,2
3105,10147,0.0371725036416,2
3105,10251,0.0329693256767999,2
3105,10533,0.0596646628992,2
3105,10609,0.45852,2
3105,11023,0.0665144,2
3105,11165,0.030394428,2
3105,11366,0.4242479999999999,2
3105,11392,0.0580510620864,2
3105,11521,0.020337732,2
3105,11524,0.02459711,2
3105,11541,0.028459318,2
3105,11619,0.01338400224,2
3105,11620,0.0161439757919999,2
3105,11622,0.010680113,2
3105,11625,0.026603184,2
3105,13854,0.0007794301536,2
3106,8159,0.028344334,2
3106,12718,0.022323984,2
3107,10144,0.38048,2
3108,8699,1.0,2
3108,10665,0.173676,2
3108,13905,0.20415,2
3109,11236,1.0,2
3110,12784,0.2523324999999999,2
3111,7332,0.1099312,2
3111,8568,0.0805232,2
3111,8993,0.0051487376832,2
3111,9439,0.03862966572,2
3111,9608,0.044287407,2
3111,10250,0.0430008,2
3111,10326,0.096948,2
3111,10797,0.039530617,2
3111,11776,0.0410136575039999,2
3111,12563,0.009552784872,2
3111,12847,0.0769496,2
3111,13225,0.0094858044768,2
3112,10067,1.0,2
3113,10282,1.0,2
3113,12618,0.306876,2
3114,8016,0.0378603572256,2
3114,8446,1.0,2
3114,8447,1.0,2
3114,8520,0.4920119999999999,2
3114,9437,0.019348546,2
3114,9485,0.0676217005776,2
3114,9687,0.439692,2
3114,10226,0.025723714464,2
3114,10669,0.078288,2
3114,11128,0.464178,2
3114,14016,0.0291736177199999,2
3114,14368,0.0019390371839999,2
3115,9251,0.129858,2
3116,7733,1.0,2
3116,11173,0.388295,2
3118,8761,0.001399638734,2
3118,9646,1.0,2
3119,9419,1.0,2
3120,13883,0.027924,2
3121,7464,0.385482,2
3121,13795,0.354426,2
3122,11435,0.017575,2
3123,9583,0.2436249999999999,2
3123,10327,1.0,2
3124,9498,1.0,2
3124,12662,0.22146,2
3124,12670,0.3848025,2
3125,8981,1.0,2
3125,11805,0.0850739999999999,2
3127,9948,0.29922,2
3127,10100,0.545736,2
3127,14114,0.3885524999999999,2
3128,11953,1.0,2
3129,7401,0.3956725,2
3129,8360,0.0764699999999999,2
3129,12642,0.3220139999999999,2
3130,10340,1.0,2
3131,7915,0.0232809481151999,2
3131,9492,1.0,2
3131,12750,1.0,2
3132,8694,0.004344,2
3132,10884,0.366054,2
3133,9053,1.0,2
3133,9713,0.0026495617536,2
3135,7055,0.562638,2
3135,9609,0.001566,2
3135,10873,0.160985,2
3136,6717,0.072916,2
3136,7059,0.109935894,2
3136,7415,0.216068135,2
3136,8081,0.408468,2
3136,8374,0.0869456,2
3136,8471,0.0303139887744,2
3136,9786,0.082028,2
3136,10299,0.096028,2
3136,12827,0.032936011,2
3137,7411,0.0569624,2
3137,8472,0.0015120099455999,2
3137,9144,1.0,2
3137,9916,0.020652,2
3138,7168,1.0,2
3140,7606,1.0,2
3141,7324,0.0932819999999999,2
3141,7942,1.0,2
3142,7107,1.0,2
3143,9736,0.14836,2
3143,10881,0.498366,2
3144,11340,1.0,2
3145,10183,0.363456,2
3148,15509,0.1059525,2
3149,7462,1.0,2
3150,12157,0.41841,2
3151,8021,1.0,2
3152,7863,0.208296,2
3153,9988,0.4782075,2
3154,8088,0.59382,2
3154,9233,1.0,2
3154,11884,0.5207459999999999,2
3154,11955,0.398376,2
3154,15369,0.2349839999999999,2
3157,13005,0.26592,2
3159,9889,0.40146,2
3159,14915,0.158076,2
3159,15445,0.016758633864,2
3160,7980,0.325218,2
3160,8807,0.00591674352,2
3160,8873,0.3831239999999999,2
3160,8874,0.436812,2
3160,8875,1.0,2
3160,8917,0.0734399999999999,2
3160,10423,0.0503699999999999,2
3160,10709,0.0961679999999999,2
3160,11385,0.0053824216511999,2
3160,14661,0.1398599999999999,2
3161,8551,1.0,2
3162,9162,0.1337159999999999,2
3162,10717,1.0,2
3162,11759,0.261528,2
3162,12478,0.1540319999999999,2
3162,13203,0.5367839999999999,2
3163,9791,1.0,2
3163,10289,0.15831,2
3163,14885,0.2569559999999999,2
3164,9145,0.342336,2
3164,10034,0.040136,2
3164,10383,0.00604036766,2
3164,11007,0.008451197,2
3164,15148,0.289242,2
3164,15153,0.1245239999999999,2
3165,7358,1.0,2
3165,8817,0.5806979999999999,2
3165,9961,0.1555979999999999,2
3166,11699,1.0,2
3166,12281,0.483792,2
3167,11076,1.0,2
3168,10594,0.3172199999999999,2
3168,15453,0.476556,2
3169,10203,1.0,2
3170,10224,0.49341,2
3172,9991,0.40818,2
3172,11496,1.0,2
3173,8218,1.0,2
3174,8432,0.2300099999999999,2
3174,10442,1.0,2
3175,7326,0.1431239999999999,2
3176,10486,1.0,2
3176,12138,0.186966,2
3176,12622,0.369126,2
3176,12636,0.080562,2
3176,13144,0.580842,2
3176,14029,0.22242,2
3176,14588,0.1499759999999999,2
3177,8282,0.440532,2
3177,11685,0.219624,2
3178,8464,0.0426976,2
3178,8465,0.0219225703488,2
3179,10324,1.0,2
3180,8349,0.35924,2
3182,8761,1.0,2
3182,12828,0.46107,2
3183,8386,1.0,2
3183,12130,0.523176,2
3183,14649,0.0742139999999999,2
3184,7703,0.0408904,2
3184,9328,0.30951,2
3184,11305,0.0050619043967999,2
3184,11863,0.0088941526847999,2
3186,8121,0.0473496,2
3186,12285,0.536694,2
3186,14901,0.559056,2
3186,15085,0.3618599999999999,2
3187,13753,0.0038219999999999,2
3188,6716,0.3654374999999999,2
3190,12303,0.4481639999999999,2
3191,7154,0.2888475,2
3191,9928,0.0159778471103999,2
3191,10222,0.0027792573696,2
3191,10302,0.0140532909984,2
3191,11275,0.022754986,2
3191,12926,0.016986159456,2
3191,13496,0.16671,2
3192,8249,1.0,2
3192,11181,0.4893479999999999,2
3192,11322,0.4209539999999999,2
3192,14315,0.173136,2
3193,10494,1.0,2
3194,8161,0.176604,2
3194,10115,0.0615208,2
3194,12036,0.467394,2
3195,12021,0.353575,2
3195,13581,0.566166,2
3196,8419,1.0,2
3197,8021,0.2996625,2
3197,9288,0.496374,2
3198,10629,0.0720184,2
3198,10905,0.0666032,2
3198,12709,0.01911695,2
3199,9400,0.1413,2
3199,9571,0.0459168,2
3199,10268,0.0120335994432,2
3199,11008,1.0,2
3199,11494,0.11067,2
3199,11502,0.4008239999999999,2
3199,13969,0.022807532496,2
3200,8063,1.0,2
3200,8943,0.0450839999999999,2
3201,8579,1.0,2
3202,9352,1.0,2
3202,9355,0.0006867633599999,2
3202,10808,0.2792949999999999,2
3202,11943,0.01616024692,2
3202,12909,0.382854,2
3202,15036,0.32217,2
3203,7951,1.0,2
3204,6703,0.003727072752,2
3204,8238,1.0,2
3204,10036,0.548208,2
3204,10706,0.0438376,2
3204,12171,0.0186521973984,2
3204,14908,0.165804,2
3205,8642,1.0,2
3207,8118,0.0973144,2
3207,8168,0.1317648,2
3207,8411,0.223284,2
3207,10760,0.0641816,2
3207,10991,0.0523985494224,2
3207,11049,1.0,2
3207,11651,0.035558682,2
3207,12058,0.0137211275376,2
3207,12112,0.0035532217391999,2
3207,12430,0.0313274240496,2
3207,12821,0.0079960004544,2
3207,14340,0.0362219128655999,2
3207,14870,0.0501683934816,2
3207,14985,0.001548060192,2
3208,7800,0.35487,2
3208,7937,1.0,2
3208,8425,0.39543,2
3208,12245,0.4872959999999999,2
3208,12714,0.0825419999999999,2
3209,7832,0.53466,2
3209,8012,0.100902,2
3209,8891,1.0,2
3209,9803,0.459348,2
3209,11545,0.0620602563744,2
3210,8486,0.0703575,2
3211,12289,0.1225739999999999,2
3212,7354,1.0,2
3212,11028,0.29395,2
3213,9069,0.0489707513855999,2
3213,10629,1.0,2
3213,10905,0.0753104,2
3213,12709,0.021616155836,2
3214,7687,0.0479336,2
3214,9049,1.0,2
3214,9105,0.01464429408,2
3214,9162,0.0494072,2
3214,9199,0.4154279999999999,2
3214,10717,0.0152674176864,2
3214,11759,0.0240966819552,2
3214,14083,0.0046467471599999,2
3214,14671,0.0189750327888,2
3214,14921,0.54738,2
3215,8456,0.31866,2
3215,12458,0.3696419999999999,2
3216,8628,1.0,2
3217,11349,0.0225443745071999,2
3217,15357,0.12996,2
3218,9026,0.536214,2
3218,9417,0.0036158015087999,2
3218,12550,0.313806,2
3218,14888,1.0,2
3219,7716,0.0085813541855999,2
3219,7907,0.37065,2
3219,9573,1.0,2
3219,10029,0.0833639999999999,2
3219,12873,0.1636139999999999,2
3219,14334,0.233748,2
3219,15156,0.1419959999999999,2
3220,9241,0.1733199999999999,2
3220,9605,1.0,2
3221,8717,0.079592,2
3221,9190,0.0154688629139999,2
3221,13425,0.0171216718559999,2
3221,14743,0.488868,2
3222,10095,0.2496239999999999,2
3222,10164,0.3047459999999999,2
3223,9443,1.0,2
3224,8168,0.0716816,2
3224,14870,0.0272921957472,2
3225,7928,1.0,2
3225,9644,0.5779432,2
3225,13474,0.0244401383423999,2
3226,11930,0.183385,2
3227,9439,0.2975,2
3227,9608,0.1065059999999999,2
3227,10797,0.0010559999999999,2
3228,8319,0.581262,2
3228,14406,0.175626,2
3229,12178,0.430446,2
3230,9176,1.0,2
3231,11627,0.0479712,2
3232,9833,1.0,2
3232,14336,0.53289,2
3233,12393,0.392694,2
3234,7652,1.0,2
3234,13183,0.471924,2
3234,14960,0.553368,2
3235,9413,1.0,2
3235,10002,0.179082,2
3235,10035,0.466536,2
3235,12803,0.193176,2
3235,13289,0.3796139999999999,2
3236,7875,0.3447425,2
3237,7517,0.0590519999999999,2
3237,7763,0.168438,2
3237,8274,0.0294959999999999,2
3237,10736,0.4075225,2
3238,9148,0.0509552,2
3238,11455,1.0,2
3238,14047,0.463746,2
3239,9520,1.0,2
3240,11491,1.0,2
3240,11527,0.006144,2
3240,14253,0.329935,2
3241,7509,1.0,2
3243,8757,1.0,2
3244,13318,0.3714575,2
3247,7108,1.0,2
3247,15480,0.0381359999999999,2
3248,8428,0.0703968,2
3248,8498,0.0218328255744,2
3248,9825,0.571344,2
3248,10424,0.401715,2
3248,13086,0.013650467496,2
3249,9370,1.0,2
3249,12226,0.063918,2
3249,12859,0.0798779999999999,2
3250,14085,0.44886,2
3251,8731,0.0428096,2
3251,12528,0.15156,2
3251,13318,0.00677026658,2
3251,13957,0.176805,2
3252,9414,1.0,2
3252,9502,0.3655319999999999,2
3252,10829,0.565842,2
3252,13540,0.33012,2
3252,14073,0.06183132,2
3253,10428,1.0,2
3253,11439,0.3571199999999999,2
3253,12258,0.20883,2
3254,9062,0.00167408244,2
3254,9374,0.298525,2
3254,10590,0.088156,2
3254,10890,1.0,2
3255,8743,1.0,2
3256,8276,1.0,2
3257,9498,1.0,2
3257,12662,0.1161599999999999,2
3257,12670,0.3409275,2
3257,14069,0.0084746074944,2
3258,8210,0.297876,2
3258,14303,0.515916,2
3259,8039,0.0448928,2
3259,11550,1.0,2
3260,11940,0.183504,2
3260,12109,0.1277699999999999,2
3260,12802,0.0209759999999999,2
3260,13270,0.3722879999999999,2
3261,7355,1.0,2
3262,8633,0.29883,2
3262,10033,1.0,2
3263,7767,0.25257,2
3263,10925,0.59373,2
3263,13259,0.350292,2
3264,8154,0.020984703456,2
3264,9015,1.0,2
3264,11190,0.0269784789504,2
3266,7455,0.2189279999999999,2
3267,9550,0.589098,2
3267,10074,0.073194,2
3267,12002,0.190422,2
3267,13012,0.416628,2
3267,15069,0.28725,2
3268,7886,1.0,2
3268,8785,0.301104,2
3268,10757,0.4816439999999999,2
3270,8286,0.0818849999999999,2
3271,9359,1.0,2
3271,12433,0.219054,2
3271,14829,0.32066,2
3271,15485,0.516474,2
3273,9592,1.0,2
3275,9294,0.1914325,2
3275,11506,1.0,2
3276,11355,1.0,2
3276,12403,0.589134,2
3277,9654,1.0,2
3277,10010,0.5292359999999999,2
3278,10794,1.0,2
3279,7707,0.0319139999999999,2
3279,8357,0.011694,2
3279,8961,0.372102,2
3279,11817,0.258576,2
3279,13161,0.28533,2
3279,13994,0.012246,2
3279,14633,0.4765859999999999,2
3279,15037,0.170298,2
3280,9392,0.406572,2
3280,10566,1.0,2
3280,11493,0.0470056,2
3280,14078,0.3937482509184,2
3280,14833,0.021310401024,2
3280,15087,0.0129904904448,2
3280,15216,0.017235191,2
3281,10185,1.0,2
3282,8396,0.4373039999999999,2
3282,10898,1.0,2
3282,12901,0.13824,2
3282,15072,0.573774,2
3284,10599,1.0,2
3284,12488,0.0215639999999999,2
3285,7904,0.014097556474,2
3285,7997,0.0541128,2
3285,8208,0.0153737711568,2
3285,8249,0.509856,2
3285,9081,0.0499192,2
3285,9861,0.0122347958544,2
3285,10153,0.0082803972192,2
3285,10262,0.0061059168672,2
3285,11027,0.0273001240511999,2
3285,11181,0.2430659999999999,2
3285,11322,0.0495893021376,2
3285,13649,0.0248835546288,2
3285,14315,0.419418,2
3286,7158,0.2825519999999999,2
3286,9189,0.2213879999999999,2
3286,9635,1.0,2
3286,10461,0.518748,2
3286,11973,0.056718,2
3286,12544,0.445062,2
3286,12861,0.0145165768703999,2
3286,13231,0.317202,2
3287,8338,1.0,2
3287,13372,0.25116,2
3288,7344,0.0494664,2
3288,8799,0.0053717542416,2
3288,9151,0.0125528715648,2
3288,10238,0.3223924999999999,2
3288,10845,0.014914977,2
3288,15322,0.3195179999999999,2
3290,8067,1.0,2
3291,7421,1.0,2
3291,11397,0.282144,2
3293,10202,1.0,2
3293,11696,0.36591,2
3293,15295,0.081498,2
3295,7516,0.795276,2
3295,8251,1.0,2
3295,9202,0.0868696,2
3295,9436,0.0403616,2
3295,9454,0.028055840364,2
3295,10039,0.1365744,2
3295,10407,0.0070246135872,2
3295,13557,0.0717698342783999,2
3295,14362,0.365238,2
3296,9251,1.0,2
3298,7555,0.0232892551584,2
3298,8155,0.4078799999999999,2
3298,8233,0.0566632,2
3298,9790,0.0230103124271999,2
3298,9855,0.0458367469055999,2
3298,9965,0.0906696,2
3298,10215,0.2744999999999999,2
3298,10396,0.064117739,2
3298,10579,0.0124010812992,2
3298,10604,0.0036362588159999,2
3298,10772,0.0495703396943999,2
3298,10891,0.0401071535424,2
3298,11083,1.0,2
3298,11421,0.0031070699087999,2
3298,15189,0.0062593570512,2
3299,14765,0.4902419999999999,2
3301,8903,0.5980439999999999,2
3301,13038,0.210582,2
3302,6725,0.443082,2
3302,8535,1.0,2
3302,9182,0.0279299999999999,2
3302,9400,0.0633624,2
3302,13969,0.0245889198432,2
3303,11143,1.0,2
3306,8765,0.048148,2
3306,8771,0.016327829,2
3306,15452,0.386496,2
3307,10402,1.0,2
3307,14212,0.049692,2
3308,8741,1.0,2
3309,6729,0.0423374999999999,2
3309,15130,0.342084,2
3310,7333,0.597102,2
3310,12848,0.3406679999999999,2
3311,9280,0.3700175,2
3313,8958,0.072880545,2
3313,13148,0.039977359,2
3314,8743,1.0,2
3315,8632,0.055044,2
3316,8284,0.5684039999999999,2
3316,10703,0.3353376,2
3316,11119,0.0058644860639999,2
3316,12155,0.3578725,2
3316,13509,0.0561327208199999,2
3317,8737,1.0,2
3318,7120,0.545496,2
3318,8000,0.006721015824,2
3318,11192,0.54774,2
3318,14629,0.078132,2
3319,14948,0.545406,2
3320,7778,0.0222554190144,2
3320,8195,0.0219216034752,2
3320,8720,0.0477152,2
3320,10208,0.590652,2
3320,10491,0.0191728397952,2
3320,11264,0.036267951,2
3320,11333,0.546822,2
3321,8102,0.136228,2
3321,8406,0.0673152,2
3321,8464,1.0,2
3321,8465,0.521844,2
3321,8518,0.1164984,2
3321,9633,0.2412176,2
3321,9649,0.0076759115472,2
3321,10072,0.045403759,2
3321,10193,0.00125022964,2
3321,10464,0.0299971652639999,2
3321,11445,0.2357232,2
3321,12791,0.036242652,2
3321,13845,0.0553551467472,2
3322,9077,0.43293,2
3323,10691,1.0,2
3324,9095,0.195618,2
3325,7162,1.0,2
3326,11436,1.0,2
3326,14445,0.329505,2
3327,7540,0.172404,2
3327,7940,1.0,2
3327,15404,0.517656,2
3328,10807,1.0,2
3329,7790,0.2077199999999999,2
3329,10646,0.585858,2
3329,11695,0.266328,2
3329,13351,0.1065779999999999,2
3330,7919,1.0,2
3330,9400,0.0508064,2
3330,12868,0.223092,2
3330,13969,0.0197163380352,2
3331,9561,0.027708928,2
3331,11474,0.553176,2
3331,12365,0.20907,2
3331,14052,0.00113683488,2
3332,8691,0.3683225,2
3333,10344,0.1433725,2
3333,10903,1.0,2
3334,7317,1.0,2
3334,7318,0.174042,2
3334,15344,0.46656,2
3335,7562,0.423255,2
3335,7883,1.0,2
3336,9948,0.264252,2
3336,10100,0.510768,2
3336,14114,0.4031225,2
3337,9443,1.0,2
3338,7583,0.0567104,2
3338,8489,0.2328779999999999,2
3338,8914,0.1017687999999999,2
3338,9031,0.0500136,2
3338,9044,0.43992,2
3338,9220,0.0238970782464,2
3338,9397,1.0,2
3338,10092,0.023837729,2
3338,10574,0.0107150136912,2
3338,11628,0.0063042446784,2
3338,12594,0.3170159999999999,2
3338,12726,0.027311927,2
3338,13931,0.00335678376,2
3338,14206,0.0119231375999999,2
3339,10573,1.0,2
3339,11313,0.149034,2
3340,9133,1.0,2
3341,15376,0.294816,2
3342,8256,0.52017,2
3342,8725,1.0,2
3342,12026,0.4933319999999999,2
3342,12605,0.2655359999999999,2
3342,13219,0.105354,2
3342,14721,0.0364919999999999,2
3342,14878,0.423654,2
3343,8362,0.08861,2
3344,8981,1.0,2
3345,8719,0.096294,2
3345,10826,0.5885459999999999,2
3345,13075,0.0057839999999999,2
3345,14342,0.31398,2
3346,9364,0.3072359999999999,2
3346,13011,0.128244,2
3347,10629,1.0,2
3348,8117,0.0469696474608,2
3348,8180,0.0495688,2
3348,10119,0.012028241086,2
3348,10135,0.3077459999999999,2
3348,10238,0.1996856,2
3348,12010,0.2979975,2
3349,7365,1.0,2
3349,7772,0.4143,2
3349,15186,0.34396,2
3350,8889,1.0,2
3350,10694,0.3451425,2
3350,14771,0.2719319999999999,2
3352,11150,0.1561675,2
3353,10071,0.43437,2
3354,8256,0.42036,2
3354,8725,1.0,2
3354,10304,0.0976199999999999,2
3354,12026,0.393522,2
3354,12605,0.1657259999999999,2
3354,13219,0.005544,2
3354,14878,0.3238439999999999,2
3355,10610,0.2048275,2
3355,13052,0.346395,2
3357,11373,0.28827,2
3357,12515,0.419838,2
3358,8442,0.1696634275967999,2
3358,14731,0.425895,2
3359,9690,1.0,2
3360,10808,0.0631704,2
3361,7152,0.014388,2
3361,9191,0.476754,2
3362,13373,0.0878399999999999,2
3363,10743,0.1277275,2
3364,9161,0.0249419999999999,2
3364,11615,1.0,2
3365,8757,0.406925,2
3366,7975,1.0,2
3366,14338,0.541188,2
3366,15297,0.31695,2
3367,9244,1.0,2
3368,12357,0.4427759999999999,2
3368,13206,0.0070319999999999,2
3370,8228,1.0,2
3370,8933,0.258636,2
3371,7904,0.011926407614,2
3371,7997,1.0,2
3371,8208,0.2841059999999999,2
3371,8249,0.041576,2
3371,9081,0.0422312,2
3371,9861,0.226098,2
3371,10153,0.0070051425312,2
3371,10262,0.0051655514592,2
3371,11027,0.504504,2
3371,11181,0.0419584,2
3371,11322,0.019015531968,2
3371,13649,0.459846,2
3371,14315,0.0226958823504,2
3372,8303,0.2172,2
3372,11588,1.0,2
3373,9269,0.4906799999999999,2
3374,7315,0.201025,2
3374,7316,0.056352,2
3375,7806,0.079854,2
3375,9738,1.0,2
3375,10970,0.24638,2
3375,14609,0.300672,2
3375,15076,0.0040859999999999,2
3376,6714,1.0,2
3376,9223,0.0915879078912,2
3377,7932,0.510174,2
3377,10122,1.0,2
3377,11760,0.2649359999999999,2
3377,12735,0.465894,2
3377,13117,0.0578061804672,2
3377,14750,0.1327619999999999,2
3377,15536,1.0,2
3378,8489,0.42058,2
3378,8914,0.04966,2
3378,9031,0.00277341168,2
3378,9044,1.0,2
3378,9397,0.550344,2
3378,12594,0.4935299999999999,2
3378,12726,0.0061764128399999,2
3378,13931,0.007170366288,2
3378,14206,0.0564119999999999,2
3379,8134,0.355025,2
3379,11081,0.5241359999999999,2
3379,11353,1.0,2
3380,9139,0.0682416,2
3380,9303,0.0531392,2
3380,9304,0.011607461,2
3380,10332,0.2293649999999999,2
3382,9856,1.0,2
3383,9422,0.5545439999999999,2
3383,12392,0.032226,2
3384,15119,0.409185,2
3384,15237,0.407622,2
3385,8197,0.457422,2
3386,7913,1.0,2
3386,11828,0.056185984,2
3387,9490,1.0,2
3388,9389,1.0,2
3388,10189,0.1645125,2
3389,14458,0.26499,2
3390,8943,0.538086,2
3390,10259,0.0341939999999999,2
3390,14159,1.0,2
3391,9020,1.0,2
3391,12993,0.064704,2
3392,7422,0.0774479999999999,2
3392,7722,0.565986,2
3394,8812,0.400465,2
3395,11589,1.0,2
3395,12854,0.168246,2
3395,14154,0.0957899999999999,2
3396,10275,1.0,2
3397,7843,1.0,2
3397,10150,0.588768,2
3398,7869,0.0568512,2
3399,7106,1.0,2
3399,12921,0.0106657994879999,2
3399,13823,0.0044876734848,2
3400,7954,1.0,2
3401,9034,0.4953479999999999,2
3401,9950,0.0479736,2
3401,10549,0.0086317939008,2
3401,15298,0.0081810339552,2
3402,9941,1.0,2
3402,12174,0.2937539999999999,2
3403,10028,1.0,2
3403,11225,0.3011999999999999,2
3403,11712,0.5690879999999999,2
3403,12188,0.449142,2
3403,12481,0.348582,2
3404,7522,0.517902,2
3404,13975,0.504786,2
3405,13784,0.018384,2
3406,9966,1.0,2
3407,9205,0.3007019999999999,2
3407,10001,0.2473325,2
3408,7331,1.0,2
3408,13247,0.14076,2
3408,14528,0.5092979999999999,2
3409,9101,1.0,2
3410,10863,1.0,2
3410,14419,0.161335,2
3411,10664,1.0,2
3413,8037,0.1599984,2
3413,11039,1.0,2
3413,13115,0.598602,2
3416,7153,0.017769683,2
3416,9019,1.0,2
3416,9972,0.0701504,2
3416,10008,0.0116452166639999,2
3416,10285,0.279894,2
3416,10674,0.0174247079808,2
3416,11191,0.0872288,2
3416,11406,0.100924,2
3416,13839,0.0381305,2
3417,8887,0.423636,2
3417,10651,1.0,2
3418,7893,1.0,2
3419,8367,1.0,2
3420,8301,1.0,2
3420,12317,0.3648659999999999,2
3420,12793,0.5029739999999999,2
3420,14243,0.006936,2
3420,14951,0.538974,2
3421,10462,0.521178,2
3423,15061,0.288498,2
3423,15469,0.574866,2
3424,9123,1.0,2
3424,9870,0.1841999999999999,2
3425,10951,1.0,2
3425,11380,0.12522,2
3426,9364,0.4641659999999999,2
3426,13011,0.0584025299519999,2
3428,10643,0.2468699999999999,2
3428,11324,1.0,2
3429,7155,0.1594192,2
3429,7352,1.0,2
3429,7857,0.0871712,2
3429,9948,0.09794,2
3429,10100,0.05616604356,2
3429,10197,0.060880636,2
3429,10565,0.0383986794239999,2
3429,11177,0.1922832,2
3429,12512,0.164022,2
3429,13227,0.0428498494848,2
3429,13662,0.511272,2
3429,14114,0.002276517,2
3429,14707,0.0638669021184,2
3431,8946,1.0,2
3431,9915,0.1168379999999999,2
3431,10185,0.330876,2
3432,9774,0.0103600225152,2
3432,10309,0.1140168,2
3433,11145,1.0,2
3433,13895,0.1540319999999999,2
3433,14509,0.32457,2
3434,10095,1.0,2
3435,8987,0.370146,2
3435,9203,0.0728399999999999,2
3435,11342,0.519528,2
3436,10853,0.289308,2
3437,10140,0.2114925,2
3438,9006,1.0,2
3439,7711,0.33036,2
3439,7809,0.252324,2
3440,8901,0.158265,2
3440,11068,1.0,2
3441,7829,1.0,2
3442,7132,1.0,2
3442,10808,0.082578,2
3443,8916,1.0,2
3443,11146,0.1305448,2
3443,12461,0.0204378327984,2
3446,10261,0.130164,2
3446,10917,0.5871839999999999,2
3446,11206,0.289716,2
3447,13360,0.342846,2
3448,7838,0.0069634882367999,2
3448,9601,0.0592224,2
3448,10078,0.0290520869184,2
3448,11105,1.0,2
3449,7402,1.0,2
3449,8200,0.0437707605504,2
3449,8203,0.0393935316672,2
3449,8906,0.0817144,2
3449,10084,0.1378624,2
3449,10132,0.0270138000672,2
3449,11284,0.0438012064031999,2
3449,13043,0.0425872572767999,2
3449,13260,0.0575192262528,2
3449,14140,0.4159899999999999,2
3450,8245,1.0,2
3450,8367,0.012751863,2
3451,9571,0.35721,2
3451,10268,1.0,2
3452,7804,0.177924,2
3452,9394,0.517944,2
3452,12853,0.3374879999999999,2
3452,14132,0.154914,2
3452,14382,0.267414,2
3453,8887,1.0,2
3454,8082,0.096852,2
3454,8919,0.416382,2
3454,10015,0.4274075,2
3454,10496,1.0,2
3456,11495,1.0,2
3458,7603,0.0406080377999999,2
3458,8174,0.070357057,2
3458,8871,0.038739014,2
3458,8872,0.0335486685599999,2
3458,8876,0.0451152,2
3458,8877,0.0066167756928,2
3458,8987,0.0571354430016,2
3458,9029,0.0531898690656,2
3458,9203,0.0258793064543999,2
3458,9356,0.0416208,2
3458,9931,0.0142570884671999,2
3458,10151,0.0206850923424,2
3458,10245,0.0004052247264,2
3458,10564,0.519894,2
3458,10834,0.0265172847479999,2
3458,10998,0.0055169573472,2
3458,11028,0.3520149999999999,2
3458,11342,0.1051312,2
3458,11600,0.2452199999999999,2
3459,8569,1.0,2
3459,9707,0.0190499999999999,2
3459,10315,0.1943399999999999,2
3461,11605,1.0,2
3462,9217,0.021395364,2
3463,9403,1.0,2
3464,9678,0.326795,2
3465,9602,1.0,2
3465,10544,0.0167219999999999,2
3465,12315,0.471354,2
3465,12353,0.029094,2
3465,14601,0.263592,2
3465,14689,0.4500959999999999,2
3467,7718,0.076314,2
3467,9552,0.587082,2
3468,8191,1.0,2
3468,11354,0.5120399999999999,2
3469,7359,0.590208,2
3469,8011,0.305412,2
3470,7604,0.0561752,2
3470,9634,0.015596909,2
3470,9930,0.0046037823407999,2
3470,11036,0.0246931926287999,2
3470,11721,0.0189866242368,2
3470,14792,0.02291602,2
3472,9596,1.0,2
3472,12194,0.427095,2
3472,12488,0.2282699999999999,2
3474,8284,1.0,2
3474,10703,0.1198152,2
3474,11119,0.0392730929519999,2
3474,12155,0.094809233,2
3474,13509,0.36028,2
3475,9741,0.158856,2
3478,8321,1.0,2
3478,8666,0.2722275,2
3478,12225,0.182664,2
3478,12576,0.464544,2
3479,8390,0.0545376,2
3479,10894,0.0597808,2
3480,11699,0.4320599999999999,2
3480,12281,0.122454,2
3481,10678,1.0,2
3481,14360,0.2392349999999999,2
3482,11280,1.0,2
3483,9653,1.0,2
3483,13828,0.1112825,2
3485,10581,0.0424728,2
3487,7932,1.0,2
3487,10122,0.4726319999999999,2
3487,11760,0.134802,2
3487,12735,0.596028,2
3487,13117,0.167376,2
3487,14750,0.0458516402063999,2
3487,15536,0.5122859999999999,2
3488,8901,1.0,2
3488,11068,0.2865479999999999,2
3490,7526,1.0,2
3491,7074,0.0856448,2
3491,7479,1.0,2
3491,12330,0.198765,2
3491,13274,0.0393277677408,2
3491,15486,0.0212510442239999,2
3493,8746,0.3312,2
3493,8823,1.0,2
3493,13248,0.311904,2
3494,13254,0.1661939999999999,2
3495,10431,1.0,2
3495,10432,1.0,2
3497,9514,1.0,2
3498,8788,0.0142966070544,2
3498,9249,0.416605,2
3498,9250,0.495342,2
3498,10184,0.0455048,2
3499,8640,1.0,2
3499,12683,0.39829,2
3499,15015,0.02052456312,2
3500,7328,0.0220499999999999,2
3500,10007,0.536016,2
3501,8104,0.556308,2
3503,7692,0.1219816,2
3503,8480,0.014920265232,2
3503,8778,0.0904752,2
3503,9242,0.061544489,2
3503,9700,0.0031285854719999,2
3503,10059,0.0628856,2
3503,10093,0.020893242,2
3503,10862,0.02835139968,2
3503,10946,0.0511224689088,2
3503,11836,0.3631439999999999,2
3503,12054,0.0243979043327999,2
3503,12161,0.0539734026239999,2
3503,14225,0.0323237014848,2
3503,14741,0.060269143,2
3503,15026,0.336288,2
3503,15174,0.040886954496,2
3503,15198,0.0306786927168,2
3504,6717,0.013299845328,2
3504,8374,0.019426473,2
3504,10299,0.040908,2
3504,13981,0.0480539999999999,2
3505,8118,1.0,2
3505,8168,0.220348,2
3505,8411,0.0222072559488,2
3505,10760,0.0923136,2
3505,10991,0.538446,2
3505,11049,0.0995136,2
3505,11651,0.3654,2
3505,12058,0.0197353552896,2
3505,12112,0.0051106655231999,2
3505,12430,0.0450588220416,2
3505,12821,0.0115007975424,2
3505,14340,0.0520986571776,2
3505,14870,0.083895738216,2
3505,14985,0.002226604032,2
3506,10139,0.044948,2
3506,11347,0.0181374397536,2
3506,12928,0.3154925,2
3506,14565,0.0344999999999999,2
3507,7783,0.0679919999999999,2
3507,8806,1.0,2
3507,8808,0.0326573245151999,2
3507,8870,0.0065962971647999,2
3507,10147,0.0308250605375999,2
3507,10251,0.2338259999999999,2
3507,11023,0.0284509368863999,2
3508,9519,0.296405,2
3509,8921,1.0,2
3510,9164,1.0,2
3511,6722,0.109835,2
3511,9546,0.48594,2
3512,10824,1.0,2
3513,7568,1.0,2
3514,7564,0.0132727712207999,2
3514,8178,0.0066732891888,2
3514,11205,0.3761279999999999,2
3515,7121,1.0,2
3515,11430,0.1125359999999999,2
3516,8067,1.0,2
3517,9031,0.0349739999999999,2
3517,10574,1.0,2
3517,14562,0.434988,2
3518,8117,0.0116594739984,2
3518,8180,1.0,2
3518,10119,0.2426575,2
3518,10135,0.0152545999248,2
3518,10238,0.0495688,2
3518,12010,0.014771378478,2
3519,8102,0.1323792,2
3519,8406,0.0429272,2
3519,8464,1.0,2
3519,8465,0.513822,2
3519,8518,0.0680447621088,2
3519,9633,0.2029144,2
3519,9649,0.0053806811136,2
3519,10072,0.034553099,2
3519,10193,0.00085837136,2
3519,10464,0.0228283964352,2
3519,11445,0.1327392,2
3519,12791,0.020481828,2
3519,13845,0.0312828822144,2
3521,8287,1.0,2
3521,8602,0.275748,2
3521,8603,0.2756039999999999,2
3521,12770,0.174234,2
3522,7776,0.075304,2
3522,8362,1.0,2
3522,13741,0.001421438304,2
3522,14654,0.521412,2
3523,7936,1.0,2
3523,8433,0.4602,2
3523,11017,0.053424,2
3523,11499,0.241248,2
3523,11564,0.016553533,2
3523,12131,0.3221399999999999,2
3524,7612,0.0611879999999999,2
3524,14358,0.2771475,2
3526,8470,1.0,2
3526,10580,0.39314,2
3528,9630,0.529194,2
3528,12704,0.386166,2
3529,10421,1.0,2
3529,10682,0.051312,2
3530,8113,1.0,2
3531,12887,0.0844439999999999,2
3532,8180,0.2442575,2
3532,10119,1.0,2
3532,12964,0.447054,2
3532,14635,0.135768,2
3533,12048,0.422995,2
3533,12050,0.08514,2
3533,12053,0.331284,2
3534,8832,1.0,2
3534,9846,0.2657575,2
3535,12568,0.5660999999999999,2
3536,7153,0.495216,2
3536,11191,0.556476,2
3537,7158,0.1967699999999999,2
3537,8968,0.0457688,2
3537,9189,0.30717,2
3537,9635,0.5613984000000001,2
3537,10461,1.0,2
3537,11973,0.1425,2
3537,12544,0.35928,2
3537,12861,0.0380159999999999,2
3537,13231,0.402984,2
3537,14694,0.0103512548832,2
3538,9548,0.291552,2
3538,12818,0.175932,2
3539,8104,1.0,2
3540,10026,0.0744779999999999,2
3541,9335,0.381384,2
3541,9336,0.3812819999999999,2
3544,7581,1.0,2
3544,7856,0.022623024,2
3544,8526,0.001422698592,2
3544,9784,0.061144,2
3544,13091,0.1297936,2
3546,8929,0.3417179999999999,2
3546,10101,0.1371128,2
3546,10602,0.549342,2
3546,13625,0.4204872,2
3547,9204,1.0,2
3547,13419,1.0,2
3549,8101,0.35133,2
3549,11228,1.0,2
3549,11230,0.406975,2
3549,12596,0.1578,2
3549,13272,0.0350900921376,2
3550,11229,1.0,2
3551,7539,0.352764,2
3552,7875,0.32628,2
3553,8940,1.0,2
3553,15432,0.200526,2
3554,15104,0.07782,2
3555,7095,1.0,2
3555,8145,0.043992,2
3557,6728,0.0715379999999999,2
3557,10633,1.0,2
3557,10634,0.540318,2
3557,11692,0.0256443043739999,2
3558,9220,0.587742,2
3558,10092,0.584706,2
3558,11628,0.256332,2
3558,12025,0.0615239999999999,2
3560,10789,1.0,2
3560,12210,0.22641,2
3561,7540,0.0521904,2
3561,7940,0.0479344,2
3561,10209,1.0,2
3561,13044,0.0212943886848,2
3561,13186,0.0206342053056,2
3561,14354,0.030296229,2
3561,14754,0.0043268630687999,2
3561,15404,0.0246643479936,2
3562,11614,0.0574776,2
3563,9686,0.41445,2
3564,9562,1.0,2
3565,8442,0.2145239999999999,2
3565,14731,0.476382,2
3567,8102,0.0619624,2
3567,8406,0.011343095,2
3567,8464,1.0,2
3567,8465,1.0,2
3567,8518,0.0562552,2
3567,9633,0.1195432,2
3567,9649,0.0040210850784,2
3567,10072,0.023822604288,2
3567,10193,0.00068394338,2
3567,10464,0.0157390184448,2
3567,11445,0.1216344,2
3567,12791,0.017500993,2
3567,13845,0.0267301083216,2
3568,7617,1.0,2
3568,9356,0.0452856,2
3569,9418,0.576522,2
3569,10143,0.570816,2
3570,10661,1.0,2
3571,10902,1.0,2
3571,13294,0.061104,2
3571,13325,0.4197539999999999,2
3571,14971,0.1418219999999999,2
3572,8221,0.35895,2
3572,9321,0.1152,2
3573,8444,1.0,2
3573,9791,0.1607504,2
3573,10289,0.019353142532,2
3573,14885,0.13716,2
3574,6718,0.2450399999999999,2
3574,9783,1.0,2
3574,10300,0.046056,2
3574,14685,0.138535,2
3575,7540,0.0957008,2
3575,7838,0.0092523864815999,2
3575,7940,0.0211864345056,2
3575,8169,0.0509816,2
3575,8772,0.0208503528048,2
3575,9601,0.0786888,2
3575,10078,0.0387159163775999,2
3575,10417,0.0097327952928,2
3575,11103,1.0,2
3575,12554,0.0249287788416,2
3575,13044,0.0616202651232,2
3575,13186,0.0378366510912,2
3575,14754,0.268116,2
3575,15159,0.0295737124176,2
3575,15404,0.0452266668672,2
3576,9286,0.1805136,2
3577,9133,1.0,2
3578,8098,0.01114196667,2
3578,8604,0.029904597,2
3578,9432,0.0103684790496,2
3578,10144,0.012627138888,2
3578,11017,0.0451352,2
3578,11327,0.0471144,2
3578,11564,0.0139852319903999,2
3579,10354,1.0,2
3580,10601,1.0,2
3580,13428,0.034482,2
3581,9752,1.0,2
3582,7783,0.435114,2
3582,8773,0.0021745788768,2
3582,8806,0.269526,2
3582,8808,0.103188,2
3582,8870,0.0255815299008,2
3582,10147,0.303726,2
3582,10251,1.0,2
3582,10609,0.0065304884831999,2
3582,11023,0.338214,2
3582,11366,0.005153111,2
3583,11180,1.0,2
3583,13708,0.453768,2
3584,8418,1.0,2
3584,9641,0.306924,2
3584,11050,0.5642039999999999,2
3585,7155,1.0,2
3585,7352,0.1594192,2
3585,7857,0.0479664,2
3585,10197,0.0384276648,2
3585,11177,0.0950232,2
3585,12512,0.0261482560224,2
3585,13227,0.0031524566016,2
3585,13662,0.0815065732224,2
3586,7881,0.500814,2
3586,11517,1.0,2
3586,14532,0.199908,2
3587,7516,0.032331998,2
3587,8251,0.0305137265664,2
3587,8444,0.0639976,2
3587,9791,1.0,2
3587,10039,0.041632,2
3587,10289,0.1260375,2
3587,13557,0.016435814,2
3587,14362,0.0165102386736,2
3587,14885,0.33441,2
3588,8942,1.0,2
3589,9627,1.0,2
3589,12043,0.45324,2
3590,7171,1.0,2
3591,9434,0.0190439999999999,2
3591,10781,0.56619,2
3591,13739,0.1248899999999999,2
3592,9733,0.0670675,2
3592,10548,0.38358,2
3593,8162,1.0,2
3593,9541,0.253368,2
3594,9842,0.270642,2
3594,10913,0.040676,2
3594,11010,0.2679959999999999,2
3594,11201,1.0,2
3594,12356,0.0458879999999999,2
3594,14454,0.432576,2
3595,8644,0.4794779999999999,2
3595,9968,0.403842,2
3595,11459,1.0,2
3595,13447,0.032184,2
3595,13809,0.595074,2
3596,8438,0.541872,2
3596,11446,1.0,2
3596,14547,0.324852,2
3597,7692,0.084476,2
3597,8122,0.48483,2
3597,10497,0.064289647,2
3597,10591,0.1170648,2
3598,10048,0.087336,2
3598,11596,0.0211661425104,2
3598,13910,0.1086419999999999,2
3599,8103,1.0,2
3600,10421,1.0,2
3600,13773,0.045935,2
3601,11737,0.0189827297615999,2
3601,11828,0.016377734,2
3601,12418,0.0215121433055999,2
3601,12470,0.006780528744,2
3602,8102,1.0,2
3602,8518,0.5399039999999999,2
3602,12791,0.064062,2
3602,13845,0.22812,2
3604,7729,1.0,2
3605,8984,1.0,2
3605,9028,0.284995,2
3606,9105,0.035799879,2
3606,9162,0.0688744,2
3606,10717,0.0212830160928,2
3606,11286,1.0,2
3606,11759,0.0335911468704,2
3606,12123,0.5315639999999999,2
3606,13092,0.041334,2
3606,13093,0.052764,2
3606,14083,0.377724,2
3606,14671,0.0264514888176,2
3607,8583,0.159102,2
3608,8634,1.0,2
3609,7332,0.0408648,2
3609,8232,0.3920325,2
3609,8993,0.0019139437728,2
3609,12847,0.0193265167824,2
3612,11433,0.58953,2
3612,15450,0.059478,2
3613,10836,1.0,2
3614,10715,0.1100459999999999,2
3614,11151,1.0,2
3614,11784,0.0729539999999999,2
3614,14020,0.521658,2
3614,14287,0.23109,2
3614,14957,0.595836,2
3616,7832,0.3367456,2
3616,8012,0.48363,2
3616,8891,0.212076,2
3616,9803,0.2902139999999999,2
3616,12840,0.177294,2
3616,13590,0.0240463840848,2
3616,14039,0.247638,2
3617,8485,0.207546,2
3617,9875,1.0,2
3617,14692,0.5393519999999999,2
3619,12479,0.463536,2
3619,12567,0.5735279999999999,2
3619,14022,1.0,2
3619,14780,0.4958519999999999,2
3620,7154,0.013943015442,2
3620,9928,0.3135179999999999,2
3620,10302,0.291132,2
3620,10607,0.0095837434944,2
3620,13496,0.008047292,2
3621,7616,0.446202,2
3621,8073,0.23994,2
3621,9582,1.0,2
3621,11765,0.2421599999999999,2
3622,8430,0.006894,2
3622,9384,1.0,2
3622,10698,0.1192024999999999,2
3623,8588,0.178851746,2
3623,11456,1.0,2
3623,12332,0.0883079999999999,2
3624,7779,1.0,2
3624,10528,0.260316,2
3624,11993,0.34434,2
3624,11994,0.2104559999999999,2
3625,10985,0.397728,2
3625,11762,0.3038399999999999,2
3625,12788,0.464808,2
3627,9320,1.0,2
3628,7357,1.0,2
3629,8788,0.30188445768,2
3629,9249,0.01830729,2
3629,9250,0.021767308848,2
3629,10184,1.0,2
3630,10080,0.0346069758048,2
3630,10182,0.531,2
3630,10708,0.1136048,2
3630,10806,1.0,2
3630,12056,0.287328,2
3631,8086,0.041264,2
3631,9217,1.0,2
3632,9736,1.0,2
3633,7169,0.0465944,2
3633,8007,0.0495464,2
3633,8018,1.0,2
3633,8347,0.07256,2
3633,9252,0.0574999999999999,2
3633,10035,0.0100868678016,2
3633,10874,0.0445856,2
3633,11337,0.0181866006768,2
3633,11719,0.019416352424,2
3633,11964,0.0054336525504,2
3633,12668,0.36101,2
3633,12739,0.01476392832,2
3633,12803,0.0152300842752,2
3633,13033,0.0231440152752,2
3633,13395,0.00344500368,2
3633,14409,0.00699729,2
3633,14789,0.2145539999999999,2
3633,15446,0.0260349005664,2
3634,7560,1.0,2
3635,10629,1.0,2
3636,10400,1.0,2
3637,7155,0.0950232,2
3637,7352,0.1922832,2
3637,7857,0.0829864,2
3637,9948,0.0766824,2
3637,10100,0.0439753626576,2
3637,10197,0.034173997968,2
3637,10565,0.0233831807999999,2
3637,11177,1.0,2
3637,12512,0.0315386750304,2
3637,13227,0.026093756,2
3637,13662,0.0983090162304,2
3637,14114,0.0017824057055999,2
3637,14707,0.038892257,2
3638,11055,1.0,2
3639,9216,1.0,2
3640,9392,0.382872,2
3640,10566,1.0,2
3640,11493,0.055644,2
3640,14078,0.3707689720511999,2
3640,14833,0.02402361,2
3640,15087,0.0146444205311999,2
3640,15216,0.02040256815,2
3641,7976,1.0,2
3642,11035,1.0,2
3642,12468,0.530766,2
3642,12830,0.331728,2
3642,13826,0.448704,2
3642,14172,0.185988,2
3642,14370,0.2069579999999999,2
3643,10534,0.1273524999999999,2
3643,11368,1.0,2
3644,7853,1.0,2
3644,8119,0.0633984,2
3644,8685,0.0194790316031999,2
3644,9307,0.0014244943967999,2
3644,11879,0.0353671778304,2
3644,12891,0.0228047848703999,2
3644,14328,0.0101282747904,2
3644,14909,0.293604,2
3645,10582,1.0,2
3646,7597,0.5103,2
3646,13624,0.4075319999999999,2
3646,13740,0.131322,2
3647,10398,0.1487,2
3648,10120,0.507636,2
3648,10500,0.242418,2
3650,10714,0.08259,2
3650,10777,0.21351,2
3650,11420,1.0,2
3650,14316,0.418788,2
3650,14511,0.208782,2
3651,10711,0.462408,2
3651,11266,0.0327599999999999,2
3651,11418,1.0,2
3651,12215,0.1469879999999999,2
3651,13980,0.4335839999999999,2
3651,14226,0.2012039999999999,2
3651,15049,0.3249899999999999,2
3652,9034,1.0,2
3652,10911,0.024559193736,2
3655,10125,1.0,2
3657,9618,1.0,2
3657,12301,0.546816,2
3658,10348,1.0,2
3659,7122,0.077376,2
3659,7591,1.0,2
3659,8736,0.031944924,2
3659,9197,0.4791779999999999,2
3660,9202,0.116309996,2
3660,9436,0.3774,2
3660,10407,1.0,2
3660,15162,0.411624,2
3661,11114,1.0,2
3661,11275,0.163332,2
3661,12520,0.288768,2
3661,15021,0.207534,2
3662,9080,1.0,2
3662,9430,0.494706,2
3662,14862,0.45951,2
3663,9654,0.4509275,2
3664,11617,0.456246,2
3665,13068,0.4236775,2
3666,8945,1.0,2
3667,10809,0.5880632,2
3667,10810,0.4911779999999999,2
3668,9315,0.4814248,2
3668,9692,0.0494248,2
3668,10317,1.0,2
3668,10318,1.0,2
3669,7423,0.017432558208,2
3669,10001,1.0,2
3669,10939,0.079592,2
3670,9437,1.0,2
3670,14016,0.0855539999999999,2
3670,14178,0.0108330575616,2
3671,11805,1.0,2
3672,7841,1.0,2
3675,8500,0.2900219999999999,2
3675,10704,1.0,2
3677,10897,0.1530949999999999,2
3678,8547,1.0,2
3678,12599,0.544506,2
3678,14189,0.07059,2
3678,14554,0.431886,2
3679,9048,0.506898,2
3680,8642,0.453264,2
3680,8675,1.0,2
3680,10376,0.53898,2
3681,10607,0.0158860260384,2
3682,10362,1.0,2
3683,7143,0.5850299999999999,2
3683,7151,1.0,2
3683,7501,0.2986439999999999,2
3683,8326,0.538842,2
3683,8543,0.3108959999999999,2
3683,8727,0.526242,2
3683,9816,0.50178,2
3683,9967,0.5624399999999999,2
3683,10190,0.5112180000000001,2
3683,10455,1.0,2
3683,11163,0.185196,2
3683,11233,0.1397999999999999,2
3684,7526,1.0,2
3685,6699,0.558492,2
3686,9147,0.0203329493472,2
3686,9406,0.30455,2
3686,9775,0.3381675,2
3686,9862,0.0435632,2
3686,11097,0.0155499713664,2
3687,8470,0.56709,2
3687,10209,0.0497056,2
3687,10580,1.0,2
3687,11543,0.0097483616832,2
3688,7604,1.0,2
3688,9634,0.05662408752,2
3688,9930,0.0819539999999999,2
3688,11036,0.0896478574992,2
3688,11113,0.0760584,2
3688,11721,0.0193898593536,2
3688,14792,0.023402707,2
3689,8102,0.0218626293888,2
3689,8406,0.0112931794655999,2
3689,8464,0.0621608,2
3689,8465,0.0621608,2
3689,8492,0.00611878,2
3689,8518,0.0555216,2
3689,9649,0.0016339587888,2
3689,10072,0.0897552,2
3689,10193,0.0446024,2
3689,10464,0.013358671,2
3689,11445,1.0,2
3689,12791,0.01727277,2
3689,13845,0.0263815324128,2
3690,9370,0.40008,2
3690,10065,0.0066179254464,2
3690,10413,0.0478816,2
3690,11422,0.0483512,2
3690,12232,0.0108477680064,2
3690,14962,0.355445,2
3690,14992,0.0250269462144,2
3690,15435,0.0238168824192,2
3691,8819,1.0,2
3691,12896,0.3966925,2
3692,8483,0.587454,2
3692,10663,0.433776,2
3692,11311,0.409692,2
3692,12776,0.521664,2
3692,13143,0.462576,2
3692,13398,0.365544,2
3692,14189,0.356676,2
3693,10089,1.0,2
3693,12477,0.214572,2
3694,9262,0.1746875,2
3695,8336,0.39615,2
3695,8716,0.0299942463647999,2
3695,10864,0.587658,2
3695,11978,0.050988,2
3695,14938,0.4178159999999999,2
3696,10196,1.0,2
3697,10017,1.0,2
3698,9247,1.0,2
3698,15527,0.345744,2
3699,8097,0.281845,2
3700,8999,0.02297543619,2
3700,9871,0.3890949999999999,2
3700,12696,0.0933599999999999,2
3700,12987,0.506274,2
3701,10977,1.0,2
3702,8710,0.0616424,2
3702,14678,0.3054425,2
3703,9966,0.020124,2
3704,7726,0.0922952,2
3704,7955,1.0,2
3704,8364,0.010855334772,2
3704,10866,0.0572856,2
3704,11402,0.457026,2
3704,12259,0.12495,2
3705,9654,1.0,2
3705,10010,0.4082039999999999,2
3706,7058,0.4193175,2
3706,9942,0.157854,2
3706,12705,0.141888,2
3706,12706,0.48273,2
3707,7100,1.0,2
3707,8212,0.04076,2
3708,9580,0.53511,2
3708,10408,0.2817975,2
3708,12685,0.047742,2
3709,7511,0.1162088,2
3709,9658,0.0463337110272,2
3709,11940,0.0301496979168,2
3709,12051,0.07165454208,2
3709,12109,0.0298284936192,2
3709,12361,0.0037526145695999,2
3709,12474,0.0003193529759999,2
3709,12802,0.0243365480928,2
3709,13020,0.0307457149824,2
3709,13270,0.0278975651904,2
3709,14682,0.0214543489152,2
3710,10273,1.0,2
3712,9039,1.0,2
3713,9599,0.0408496,2
3713,10694,0.47628,2
3713,11001,0.1322759999999999,2
3713,11015,1.0,2
3714,7332,0.0759592,2
3714,8993,0.0035576250912,2
3714,10250,1.0,2
3714,12847,0.04692,2
3714,13225,0.220596,2
3715,7783,0.7585088,2
3715,8163,0.0182585393568,2
3715,8773,0.0239943999168,2
3715,8806,0.0379923408144,2
3715,8808,0.528072,2
3715,8869,0.020926157,2
3715,8870,0.1021379999999999,2
3715,9560,0.0647608,2
3715,9564,0.0032810411711999,2
3715,10147,0.509466,2
3715,10251,0.3759715739136,2
3715,10609,0.031421825,2
3715,11023,0.7585088,2
3715,11366,0.0290732063424,2
3716,15201,0.479082,2
3717,7783,0.0294362389055999,2
3717,8806,0.5208780000000001,2
3717,8808,0.0343524891072,2
3717,8869,0.015929275,2
3717,8870,0.01653019,2
3717,9560,0.0492968,2
3717,9564,0.0024975730751999,2
3717,10147,0.0324251166335999,2
3717,10251,0.152778,2
3717,11023,0.0299277578303999,2
3718,8284,1.0,2
3718,10703,0.230768,2
3718,11119,0.0202939229519999,2
3718,12155,0.218075595192,2
3718,13509,0.2355125,2
3720,9417,1.0,2
3721,11971,0.0297175,2
3722,7583,0.0686376,2
3722,8422,0.0084547903872,2
3722,8489,0.0236997146063999,2
3722,8914,1.0,2
3722,9031,0.0791648,2
3722,9044,0.04966,2
3722,9220,0.0387209304192,2
3722,9397,0.1017687999999999,2
3722,10092,0.03862476632,2
3722,10574,0.0169604250816,2
3722,10673,0.018195568,2
3722,11628,0.0102148981152,2
3722,12594,0.0322623379007999,2
3722,12726,0.1243739999999999,2
3722,12745,0.0072950108399999,2
3722,14151,0.014085542,2
3722,14206,0.0028014199199999,2
3722,14558,0.004050432,2
3722,14606,0.00189046128,2
3723,8377,0.0282839999999999,2
3723,9347,0.534072,2
3723,9590,0.0297307922304,2
3723,14766,0.0141700946351999,2
3723,15343,0.019654603,2
3724,8916,1.0,2
3724,11146,0.0420888,2
3724,12461,0.0065893383504,2
3725,7575,0.4878119999999999,2
3725,7827,0.577128,2
3725,9253,1.0,2
3725,9840,0.049944,2
3725,12166,0.017756290656,2
3725,12536,0.028785125,2
3725,14439,0.0054302113439999,2
3725,15109,0.016708066,2
3726,10129,1.0,2
3727,10808,0.053916,2
3729,9825,0.490266,2
3729,10424,0.4451939999999999,2
3732,11495,0.0651976,2
3733,9496,0.0203024423039999,2
3733,11696,0.300798,2
3733,15295,0.42852,2
3735,9612,0.0085472923008,2
3735,10065,0.084426,2
3735,10308,1.0,2
3735,10413,0.0454952,2
3735,11422,0.0455688,2
3735,12232,0.0103071195408,2
3735,14992,0.0237796131168,2
3735,15435,0.0226298584224,2
3736,10807,0.2464739999999999,2
3737,10608,1.0,2
3738,8364,1.0,2
3739,9261,0.0305148798288,2
3739,9500,0.13801,2
3739,10924,0.597966,2
3739,12009,0.15942,2
3740,9721,0.0341706138816,2
3740,9826,0.0620368,2
3740,11956,0.0329017131744,2
3740,13018,0.1437839999999999,2
3740,13517,0.337715,2
3740,14493,0.036518582688,2
3740,15003,0.0103205661216,2
3742,8912,1.0,2
3743,10082,0.08451,2
3744,9442,1.0,2
3745,8349,0.0038993129159999,2
3746,8480,1.0,2
3746,8778,0.2447344,2
3746,10946,0.1382857043136,2
3746,12054,0.5284559999999999,2
3746,15198,0.376632,2
3748,7824,0.561336,2
3748,10693,0.43749,2
3748,11330,0.074322,2
3749,7113,0.5877119999999999,2
3752,7340,0.40334,2
3753,7963,0.0408512,2
3754,9048,1.0,2
3755,12218,0.102078,2
3755,15445,1.0,2
3756,8389,0.0663784,2
3756,9713,0.004417673472,2
3756,11429,1.0,2
3756,12125,0.4974419999999999,2
3757,9867,1.0,2
3757,13013,0.1601759999999999,2
3757,14605,0.0124919999999999,2
3758,9400,0.040208,2
3758,13969,0.015603438144,2
3759,7148,1.0,2
3762,8282,1.0,2
3763,8985,1.0,2
3764,8390,1.0,2
3764,10894,0.0563208,2
3765,7576,1.0,2
3765,9487,0.0607688,2
3765,12238,0.015937225,2
3766,11264,0.559044,2
3767,7156,1.0,2
3769,8149,1.0,2
3770,8072,0.229344,2
3770,10093,0.317496,2
3770,11116,0.38976,2
3771,7336,0.329395,2
3772,9936,1.0,2
3772,9989,0.423018,2
3772,10649,0.141534,2
3773,8319,1.0,2
3773,14406,0.254946,2
3775,7568,0.148842,2
3775,7849,0.5685899999999999,2
3776,10228,0.587766,2
3776,10475,0.06573,2
3776,13947,0.455124,2
3777,9791,1.0,2
3777,10289,0.1678224999999999,2
3777,14885,0.2341259999999999,2
3778,8788,1.0,2
3778,10184,0.422515,2
3779,10352,1.0,2
3779,10435,0.275625,2
3780,8048,1.0,2
3780,11500,0.1820649999999999,2
3781,13018,0.1442399999999999,2
3782,7913,0.551982,2
3782,14321,0.23715,2
3783,9997,0.4246625,2
3783,11603,0.0419042518464,2
3783,12473,0.09181,2
3784,15169,0.3922525,2
3786,8470,0.4558875,2
3786,10580,0.0068699999999999,2
3787,9487,0.256308,2
3788,7105,0.5585699999999999,2
3788,8248,0.330186,2
3788,8284,0.0058764432383999,2
3788,10703,0.0620192,2
3788,12155,0.0289911231168,2
3788,12163,0.1148505863039999,2
3789,10678,0.040806715,2
3790,9414,0.4881984,2
3790,9502,0.488436,2
3790,10829,0.4429379999999999,2
3790,13540,0.4530239999999999,2
3790,14073,0.0482652366335999,2
3791,9435,1.0,2
3793,8271,1.0,2
3793,11765,0.496386,2
3793,14758,0.1920719999999999,2
3794,7089,0.37848,2
3794,9597,0.523752,2
3794,10353,0.0010019999999999,2
3795,8581,1.0,2
3795,9854,0.092928,2
3796,8671,1.0,2
3796,9578,0.2590079999999999,2
3796,12393,0.5271119999999999,2
3796,12462,0.017724,2
3797,10321,0.129708,2
3797,11153,1.0,2
3797,12003,0.2300219999999999,2
3797,13696,0.29859,2
3798,10053,0.0528728,2
3799,7808,1.0,2
3799,11394,0.0054599999999999,2
3800,9147,0.0043379999999999,2
3800,9862,0.287595,2
3800,11097,1.0,2
3802,13962,0.543114,2
3803,10076,0.4752625,2
3803,14764,0.395514,2
3804,14405,0.411065,2
3805,14801,0.061032,2
3805,15384,0.3646725,2
3806,8067,1.0,2
3807,6723,0.1640264,2
3807,10297,1.0,2
3807,14600,0.2075279999999999,2
3809,9120,1.0,2
3810,11428,1.0,2
3811,7876,0.321618,2
3811,8352,0.224154,2
3811,11078,1.0,2
3811,12117,0.25065,2
3811,13572,0.101034,2
3811,13637,0.377628,2
3811,15024,0.20068282416,2
3812,8515,1.0,2
3814,8254,1.0,2
3815,8723,0.214615,2
3815,8998,1.0,2
3815,11381,0.2716982519327999,2
3816,7728,1.0,2
3819,7362,1.0,2
3820,7719,0.462426,2
3820,9870,0.394122,2
3820,12677,0.48252,2
3821,11585,1.0,2
3822,7330,0.0639697828319999,2
3822,7502,0.0075288191424,2
3822,7807,1.0,2
3822,10195,0.026286506,2
3822,10974,0.0060196291007999,2
3822,11175,0.0045913771343999,2
3822,11246,0.2208049999999999,2
3822,12216,0.0734803626239999,2
3822,12440,0.0747915431039999,2
3823,7163,0.072672,2
3823,8250,1.0,2
3823,9205,0.2484549999999999,2
3824,7991,1.0,2
3824,9122,0.14202,2
3824,11728,0.021724374528,2
3825,13975,0.0118319999999999,2
3826,7541,1.0,2
3826,7774,0.191988,2
3826,9785,0.278082,2
3827,7516,1.0,2
3827,8251,0.795276,2
3827,9202,0.0865368,2
3827,9436,0.0414192,2
3827,9454,0.027948357612,2
3827,10039,0.1365,2
3827,10407,0.0072086804064,2
3827,13557,0.071480252,2
3827,14362,0.34917,2
3830,9971,1.0,2
3830,10333,0.079592,2
3830,14063,0.586398,2
3831,10798,1.0,2
3831,10969,0.2653675,2
3832,8349,0.4371839999999999,2
3833,10984,1.0,2
3833,14473,0.20844,2
3833,15259,0.445776,2
3834,10291,1.0,2
3834,11386,0.39367,2
3834,12149,0.2802179999999999,2
3835,7775,1.0,2
3835,7792,0.2206274999999999,2
3835,8130,0.05316,2
3837,10809,1.0,2
3837,10810,0.595998,2
3838,7929,0.452058,2
3838,8927,1.0,2
3838,10838,0.1279919999999999,2
3838,15490,0.3420479999999999,2
3839,10798,1.0,2
3839,10969,0.2965325,2
3840,6717,1.0,2
3840,8374,0.2786544,2
3840,8471,0.0282324292608,2
3840,9786,0.1892104,2
3840,10299,0.385,2
3840,12827,0.4507079999999999,2
3841,8284,1.0,2
3841,10703,0.1126168,2
3841,11119,0.0364687617791999,2
3841,12155,0.099916722612,2
3841,13509,0.3313075,2
3842,9356,0.4576739999999999,2
3842,9510,0.1759379999999999,2
3843,10884,0.498756,2
3843,14215,0.0018797501039999,2
3844,9498,1.0,2
3844,12662,0.157752,2
3844,12670,0.3582575,2
3844,14069,0.0083385753984,2
3845,8633,1.0,2
3846,9948,0.2225459999999999,2
3846,10100,0.469062,2
3846,14114,0.4205,2
3847,7431,1.0,2
3847,10742,0.052764,2
3847,12347,0.381804,2
3847,14523,0.004680061272,2
3847,14920,0.015129233,2
3848,12297,0.2664576,2
3848,12480,0.0750179397888,2
3849,8098,0.01739847997,2
3849,9689,0.0996168,2
3849,10144,0.0265650912799999,2
3849,11327,0.0735704,2
3849,11442,0.0257467060992,2
3849,12872,0.0126161680032,2
3849,15438,0.0090318238464,2
3850,7054,0.594528,2
3850,14941,0.597498,2
3850,15255,0.506238,2
3851,8640,1.0,2
3851,12683,0.021958842912,2
3851,15015,0.372275,2
3852,8026,0.0085918693728,2
3852,10056,1.0,2
3852,14256,0.15291,2
3853,7860,0.0408792,2
3853,8302,0.116999543,2
3853,8662,0.099516,2
3853,8766,1.0,2
3853,9458,0.222024,2
3853,9730,0.1110744,2
3853,11222,0.323214,2
3853,11341,0.0111742475616,2
3853,11957,0.0198215606016,2
3853,11958,0.020002405632,2
3853,12804,0.021624688,2
3853,13262,0.078120921,2
3853,14150,0.123341881,2
3854,10744,0.0450424,2
3854,11479,0.017157904,2
3855,9088,0.324858,2
3855,10293,0.0432064,2
3855,11307,1.0,2
3855,14284,0.0136875282815999,2
3856,9950,0.2409719999999999,2
3856,11672,0.34467,2
3856,15298,0.557484,2
3857,10421,1.0,2
3857,13773,0.1273,2
3859,8598,1.0,2
3859,12272,0.591108,2
3859,14201,0.055236,2
3861,11932,0.067194,2
3862,9723,0.224586,2
3862,10188,0.596658,2
3862,10540,1.0,2
3862,11681,0.384624,2
3862,15310,0.119364,2
3863,9763,0.034794564,2
3863,11096,0.0041136823583999,2
3863,13667,0.000293814576,2
3864,8362,0.0528728,2
3864,11595,1.0,2
3864,14654,0.0236046385776,2
3865,9964,1.0,2
3865,10240,0.4417439999999999,2
3866,14560,0.25212,2
3866,15324,0.0541739999999999,2
3867,12175,1.0,2
3868,8609,1.0,2
3868,8809,0.021453115,2
3868,8810,0.0042937342464,2
3868,8868,0.0147105709344,2
3868,8883,0.0531824,2
3868,8886,0.0029474749727999,2
3868,9595,0.30798,2
3868,9900,0.483282,2
3869,9916,1.0,2
3870,9688,1.0,2
3870,10314,0.1483379999999999,2
3871,8684,1.0,2
3872,10548,1.0,2
3873,9080,0.5014919999999999,2
3873,9430,1.0,2
3873,14862,0.3454259999999999,2
3874,8743,0.0651592,2
3874,10794,1.0,2
3874,15175,0.0039042891263999,2
3875,8662,0.0041258537472,2
3875,8766,0.0414592,2
3875,11222,0.0134001938688,2
3875,11957,0.478098,2
3875,11958,0.48246,2
3876,10884,0.4142039999999999,2
3876,14215,0.035285,2
3877,9615,1.0,2
3877,10074,0.226608,2
3877,11514,0.352062,2
3878,9437,1.0,2
3878,14016,0.0323219999999999,2
3878,14977,0.046572,2
3879,10794,1.0,2
3879,15175,0.0760559999999999,2
3880,8252,0.5049659999999999,2
3880,13598,1.0,2
3881,8384,1.0,2
3881,12009,0.2027399999999999,2
3881,12609,0.15918,2
3882,9579,0.3735575,2
3883,9251,0.11463,2
3884,7682,0.0433230875616,2
3884,8216,0.041416,2
3884,8719,0.551148,2
3884,10826,0.223566,2
3885,10208,1.0,2
3885,11333,0.381348,2
3886,7346,1.0,2
3886,12832,0.340428,2
3886,13125,0.0916439999999999,2
3888,8981,1.0,2
3889,9013,0.0393179999999999,2
3889,9014,1.0,2
3889,13626,0.3572475,2
3890,7097,1.0,2
3890,12812,0.4889099999999999,2
3891,8232,0.565098,2
3891,10212,0.33846,2
3891,12812,0.094434,2
3892,7497,0.307185,2
3893,8284,1.0,2
3893,10703,0.2661944,2
3893,11119,0.0199441484687999,2
3893,12155,0.3491775,2
3893,13509,0.14708716516,2
3894,9201,0.0517448,2
3894,9496,0.038012529,2
3894,11696,0.0158624020512,2
3894,15295,0.022597745088,2
3895,11076,1.0,2
3896,8018,0.237282,2
3896,9684,1.0,2
3896,12966,0.52962,2
3896,15350,0.028275151504,2
3897,8284,1.0,2
3897,10703,0.0695456,2
3897,11119,0.0378675498479999,2
3897,12155,0.0797757201792,2
3897,13509,0.4058625,2
3899,11458,1.0,2
3900,9562,1.0,2
3900,14118,0.0060720434544,2
3901,9439,0.426162,2
3901,9608,0.481722,2
3901,10797,0.3686925,2
3901,12563,0.046998,2
3902,7157,0.350058,2
3902,9864,0.0246843939072,2
3902,10039,0.0490848,2
3902,11396,0.58548,2
3902,13557,0.0193780900224,2
3902,13930,0.0438712,2
3903,7061,0.1114799999999999,2
3903,8504,0.547818,2
3903,11157,0.4669139999999999,2
3903,11355,0.060104,2
3903,12403,0.031342192,2
3904,10271,1.0,2
3904,14806,0.250527408,2
3905,9147,0.466746,2
3905,9406,0.01326717256,2
3905,9775,0.014731658436,2
3905,9862,1.0,2
3905,11097,0.356952,2
3907,8406,0.0059769498239999,2
3907,8492,0.137185,2
3907,10193,1.0,2
3907,11445,0.0672032,2
3908,7954,0.563682,2
3909,7718,1.0,2
3909,9552,0.126576,2
3911,8583,1.0,2
3912,7330,0.0299222438544,2
3912,7502,0.0034634417231999,2
3912,12216,0.0343708737407999,2
3912,12440,0.0349841861568,2
3913,7084,1.0,2
3914,7484,1.0,2
3915,14242,0.084174,2
3916,11534,1.0,2
3917,9683,0.0115615915536,2
3917,13938,0.01981981,2
3918,10082,0.0312291347615999,2
3918,11162,0.0749579999999999,2
3919,8728,0.486018,2
3919,8905,1.0,2
3919,9211,0.1257239999999999,2
3919,14699,0.5698979999999999,2
3920,7072,0.0530512,2
3920,7703,0.0895352,2
3920,7811,0.2420879999999999,2
3920,8144,0.0262918564127999,2
3920,8324,0.0062763813696,2
3920,11305,0.0110837414783999,2
3920,11863,0.0194749804223999,2
3921,8106,1.0,2
3921,10635,0.361386,2
3922,8443,1.0,2
3922,13611,0.385675,2
3923,9777,0.0523359697584,2
3923,9996,1.0,2
3923,11698,0.05547,2
3923,13022,0.0264132221808,2
3924,7779,1.0,2
3924,10528,0.297936,2
3924,11993,0.30672,2
3924,11994,0.172836,2
3926,9678,0.30398,2
3927,10968,1.0,2
3927,12187,0.427245,2
3928,8499,1.0,2
3928,13742,0.25877,2
3929,8687,1.0,2
3929,12849,0.1151849999999999,2
3930,7826,1.0,2
3932,7724,0.075044,2
3932,7725,0.5690459999999999,2
3932,8330,1.0,2
3932,9190,0.0683768,2
3932,10095,0.0753664,2
3932,15460,0.060935,2
3933,14215,0.583584,2
3933,14364,0.06747,2
3934,6717,0.0637656,2
3934,8374,0.0634408,2
3934,9786,0.0892544,2
3934,10299,0.0957512,2
3934,10962,1.0,2
3934,12827,0.0288027939888,2
3935,7110,1.0,2
3935,11059,0.028917009,2
3936,10702,0.0998368,2
3936,13251,0.2571779999999999,2
3937,11197,0.3795374999999999,2
3937,12432,0.4804319999999999,2
3940,9345,1.0,2
3941,11388,1.0,2
3942,9658,0.5510459999999999,2
3942,12051,0.032100204,2
3942,13020,0.0137736377856,2
3943,8340,0.0221309894304,2
3943,9650,0.0402824,2
3943,9791,1.0,2
3943,10289,0.1413225,2
3943,12985,0.0115906966464,2
3943,13382,0.00882788796,2
3943,13414,0.0214561786656,2
3943,13511,0.00149850528,2
3943,14885,0.297726,2
3943,15306,0.0140779737168,2
3944,9084,0.0748099999999999,2
3945,7873,0.046496,2
3945,9034,0.0237636268128,2
3945,9950,1.0,2
3945,10549,0.179928,2
3945,15298,0.170532,2
3946,11835,0.0136919999999999,2
3947,10627,0.2925025,2
3947,10628,0.4980119999999999,2
3948,10249,0.0388679999999999,2
3948,10322,0.540648,2
3948,10784,1.0,2
3949,9455,0.3871799999999999,2
3951,7430,0.55647,2
3952,11227,1.0,2
3955,8761,0.00191266426,2
3955,10083,0.050532,2
3955,12162,0.0210222093311999,2
3956,10550,0.4745725,2
3956,10575,0.421068,2
3957,7612,0.1330712,2
3957,9654,0.448272,2
3957,10010,1.0,2
3957,14358,0.0770985257135999,2
3958,7607,1.0,2
3959,7821,1.0,2
3960,7340,0.1459919999999999,2
3960,11087,0.0245464618608,2
3960,15212,0.004173517218,2
3961,8162,0.0016859999999999,2
3961,9541,1.0,2
3961,12124,0.2617739999999999,2
3962,7100,0.0718139999999999,2
3962,11405,1.0,2
3963,8818,0.0638752,2
3963,9982,0.0623072,2
3963,10702,0.0554536,2
3963,11663,0.018854841224,2
3964,7937,0.2278739999999999,2
3964,8425,1.0,2
3964,12245,0.0994319999999999,2
3964,13454,0.3871739999999999,2
3964,14876,0.196176,2
3964,15133,0.1578959999999999,2
3965,7815,1.0,2
3965,10830,0.554958,2
3966,8555,0.214944,2
3966,11171,1.0,2
3966,11350,0.5255639999999999,2
3966,15208,0.529674,2
3969,8467,1.0,2
3969,9017,0.4066019999999999,2
3970,7583,0.5089499999999999,2
3970,15533,0.0040644648,2
3971,8169,0.0804968,2
3971,8772,0.0329214202704,2
3971,10417,1.0,2
3971,10785,0.457326,2
3971,12554,0.0393610032768,2
3971,15159,0.074292,2
3972,9924,0.22779,2
3972,10179,0.0177065719919999,2
3972,11427,0.0528728,2
3972,12242,0.15366,2
3972,13848,0.0321060930479999,2
3972,15158,0.057292,2
3973,9315,1.0,2
3973,10317,0.4814248,2
3973,10318,0.4838056,2
3974,7907,0.0164606905199999,2
3974,8101,0.0225162511199999,2
3974,9573,0.04798,2
3974,9798,0.144198,2
3974,10029,0.0026767082399999,2
3974,10319,0.365466,2
3974,10340,0.0388467235583999,2
3974,10465,1.0,2
3974,11228,0.0639848,2
3974,11230,0.05492,2
3974,11631,0.1094552,2
3974,11986,0.555912,2
3974,12435,0.325044,2
3974,12596,0.010133273,2
3974,12873,0.006527103,2
3974,13602,0.2343299999999999,2
3974,13755,0.0324814079999999,2
3974,13978,0.565866,2
3974,14334,0.0125383255199999,2
3974,15156,0.008136065,2
3975,11590,1.0,2
3975,15532,0.2381639999999999,2
3976,10197,0.3795719999999999,2
3977,7169,0.0676704,2
3977,7687,0.0820672,2
3977,8007,0.0446032,2
3977,8018,0.0576176,2
3977,8347,0.0773888,2
3977,9252,1.0,2
3977,10035,0.012982327,2
3977,10874,0.057384,2
3977,11337,0.0163721397983999,2
3977,11719,0.028198932384,2
3977,11964,0.0078914513664,2
3977,12668,0.020812485428,2
3977,12739,0.0157464539136,2
3977,12803,0.019601915,2
3977,13033,0.0208349575775999,2
3977,13395,0.0036742654464,2
3977,14409,0.121692,2
3977,14789,0.0123907801152,2
3977,15446,0.0378112420223999,2
3979,8558,0.3441674999999999,2
3980,8809,1.0,2
3980,8810,0.3080099999999999,2
3980,8868,0.50388,2
3980,8883,0.4028075,2
3980,8886,0.0068903734031999,2
3980,10166,0.0118398000239999,2
3980,10453,0.0082466953823999,2
3980,11612,0.152634,2
3981,11141,0.7808616,2
3981,15542,0.503844,2
3982,8171,1.0,2
3982,13825,0.3796319999999999,2
3983,11410,1.0,2
3984,9562,1.0,2
3984,14118,0.0034623272112,2
3986,9948,0.2067359999999999,2
3986,10100,0.453252,2
3986,14114,0.4270875,2
3987,9412,0.50709,2
3987,12196,0.0495779999999999,2
3987,15463,0.3723899999999999,2
3988,9050,0.30961,2
3988,12485,0.2451899999999999,2
3988,15354,0.3982175,2
3989,7539,1.0,2
3989,9896,0.0529736,2
3990,8173,1.0,2
3990,8394,0.314328,2
3990,12501,0.4925219999999999,2
3990,13253,0.343992,2
3990,14710,0.4113779999999999,2
3991,9654,0.3745199999999999,2
3992,9336,0.1315319999999999,2
3992,12337,0.1315319999999999,2
3993,7061,0.184614,2
3993,8504,1.0,2
3993,11157,0.3937799999999999,2
3994,7458,0.026205621,2
3994,7796,0.56163,2
3994,8998,0.1083649999999999,2
3994,11093,0.2358659999999999,2
3994,11360,0.1140168,2
3994,11381,1.0,2
3996,9087,0.509526,2
3996,15045,0.311124,2
3997,10534,0.3757725,2
3997,11368,1.0,2
3998,7070,0.0091979999999999,2
3998,10854,0.3685975,2
4000,8201,0.10947,2
4000,14355,0.0042599999999999,2
4001,9666,1.0,2
4003,7581,1.0,2
4003,7856,0.0226076860799999,2
4003,8526,0.0014228661216,2
4003,9784,0.0611511999999999,2
4003,13091,0.1297056,2
4004,14981,0.2292175,2
4005,8604,0.565674,2
4005,9432,0.4911425,2
4007,7420,1.0,2
4008,10064,1.0,2
4008,14483,0.330108,2
4009,11426,1.0,2
4009,15522,0.331098,2
4010,8818,1.0,2
4010,11663,0.2951825,2
4011,10807,1.0,2
4012,10630,1.0,2
4013,9490,1.0,2
4013,14030,0.0290129661696,2
4013,15487,0.013411794024,2
4014,7751,0.441216,2
4014,8757,1.0,2
4015,8243,1.0,2
4015,11272,0.4100939999999999,2
4015,15507,0.140352,2
4016,8436,0.459726,2
4016,13235,0.0627839999999999,2
4017,9290,0.521694,2
4018,7490,0.066892,2
4018,7500,0.034728527,2
4018,7868,0.1504504,2
4018,8211,1.0,2
4018,12311,0.0477321948048,2
4018,14415,0.0245804018879999,2
4018,14851,0.03169557,2
4019,8609,0.0274152332208,2
4019,8809,0.0466318807632,2
4019,8810,0.0612607810655999,2
4019,8868,0.0598747135103999,2
4019,8882,0.44847,2
4019,8883,0.10196,2
4019,8886,0.401615,2
4019,9595,0.1188839999999999,2
4019,9900,0.0145079196767999,2
4019,10166,0.0020123600591999,2
4019,10453,0.00124948836,2
4019,11612,0.0428914845407999,2
4022,9742,1.0,2
4022,13947,0.1455959999999999,2
4022,14441,0.527508,2
4023,10043,0.585654,2
4024,7778,0.0398503494048,2
4024,8195,0.0392526223584,2
4024,8571,0.017679710836,2
4024,8720,0.0854384,2
4024,10208,0.0446395880735999,2
4024,10491,0.1589925512448,2
4024,11264,0.392385,2
4024,11333,0.0413270569296,2
4024,12008,0.0286791198432,2
4025,14727,0.56055,2
4025,14984,0.428964,2
4026,8191,0.4929599999999999,2
4026,11354,1.0,2
4027,7437,1.0,2
4027,9473,0.40803,2
4028,13234,0.181056,2
4030,10016,1.0,2
4030,10656,0.4494059999999999,2
4030,10913,0.0879992,2
4031,7535,0.222792,2
4031,8358,1.0,2
4031,12217,0.392316,2
4031,13302,0.368394,2
4032,9654,1.0,2
4032,10010,0.552468,2
4033,8145,0.440718,2
4033,10534,1.0,2
4033,11368,0.143898,2
4034,8740,0.249185,2
4035,14846,0.010638559,2
4036,9384,0.4260179999999999,2
4036,10698,1.0,2
4037,8511,1.0,2
4038,10156,1.0,2
4039,7753,1.0,2
4039,10802,0.4995179999999999,2
4040,9777,0.197844,2
4040,9996,0.2385848,2
4040,11698,0.23631,2
4040,13022,0.012743371368,2
4040,15445,0.0198420665856,2
4041,7350,0.513054,2
4041,8653,1.0,2
4042,8548,0.35961,2
4042,10754,0.466506,2
4043,9960,1.0,2
4044,13223,0.332805,2
4045,11336,0.599304,2
4046,8571,0.3440275,2
4046,10491,0.0122561607168,2
4046,11264,0.023184141552,2
4048,8362,1.0,2
4048,11595,0.0528728,2
4048,14654,0.446442,2
4049,7074,1.0,2
4049,7479,0.08864,2
4049,12330,0.2891579999999999,2
4049,13274,0.0026869610304,2
4049,15486,0.245706,2
4050,7619,0.0097604818367999,2
4050,7620,0.0489056,2
4050,7621,0.0204746228736,2
4050,7622,0.0260838995712,2
4050,7623,0.0255739119744,2
4050,7624,0.0148662264768,2
4050,8163,0.008016868,2
4050,8549,0.0198994470624,2
4050,8773,0.001567794672,2
4050,8803,0.0090797437823999,2
4050,8804,0.0094078499328,2
4050,8805,0.0640624,2
4050,8881,0.0144929601919999,2
4050,8944,0.0205513460448,2
4050,9227,0.0672872,2
4050,9508,0.0100709936544,2
4050,9794,0.0009132772031999,2
4050,9898,0.039089394,2
4050,10032,0.0112385076,2
4050,10166,0.0308433446783999,2
4050,10236,0.02911124682,2
4050,10453,0.0337985495424,2
4050,10480,0.019704428,2
4050,11165,0.019754547,2
4050,11202,0.0151320408479999,2
4050,11208,0.0147284988864,2
4050,11273,0.0131986481472,2
4050,11366,5.568669600000114e-05,2
4050,11520,0.0415088,2
4050,11521,0.0067434109632,2
4050,11524,0.0322707841344,2
4050,11537,0.0349787954688,2
4050,11538,0.0143443789727999,2
4050,11541,0.0552096,2
4050,11544,0.0375676298352,2
4050,11559,0.033082895234,2
4050,11612,0.025949054304,2
4050,11618,0.0195765462912,2
4050,11619,0.0225351232704,2
4050,11620,0.0249314407488,2
4050,11621,0.006169037856,2
4050,11622,0.0051800491872,2
4050,11623,0.0415088,2
4050,11625,0.0121833232703999,2
4050,12945,0.457692,2
4050,15252,0.0892272,2
4051,9169,1.0,2
4051,15454,0.0123908409959999,2
4052,10794,1.0,2
4053,10348,1.0,2
4054,9370,0.2986544,2
4055,7837,1.0,2
4055,10468,0.0647536,2
4057,8454,1.0,2
4057,9112,0.06705,2
4058,8682,0.0004269799776,2
4058,9521,1.0,2
4058,9568,0.0539247999999999,2
4058,9945,0.0146020371167999,2
4058,11084,0.027402297648,2
4058,11974,0.0053556774144,2
4058,12580,0.510648,2
4058,12764,0.0233130432192,2
4058,12979,0.0143672845632,2
4058,13357,0.322818,2
4058,14186,0.3049199999999999,2
4058,14363,0.2470619999999999,2
4058,14778,0.0062651989632,2
4058,15145,0.0119875116768,2
4058,15146,0.0276901117152,2
4060,10261,0.1853099999999999,2
4060,10917,1.0,2
4060,11206,0.344862,2
4061,9170,0.517764,2
4061,9812,0.3062425,2
4062,6728,0.0542272,2
4062,7133,0.0403912,2
4062,7452,1.0,2
4062,8500,0.0125711024976,2
4062,8960,0.0026517630623999,2
4062,9738,0.00880508952,2
4062,10152,0.1353825,2
4062,10704,0.0434136,2
4062,10970,0.057336,2
4062,12355,0.401862,2
4062,12910,0.014107636,2
4062,14459,0.0143884692,2
4063,7682,0.01030032,2
4063,8321,1.0,2
4063,8666,0.33188,2
4063,8719,0.022854947,2
4063,12225,0.039498,2
4063,12576,0.321378,2
4064,9439,0.189865,2
4064,9608,0.0313460790767999,2
4064,10797,0.0003107943167999,2
4065,8118,0.220348,2
4065,8168,1.0,2
4065,8411,0.0302136294096,2
4065,10760,0.136888,2
4065,10991,0.118645499,2
4065,11049,0.1353912,2
4065,11651,0.080515159,2
4065,12058,0.029264737968,2
4065,12112,0.0075783934559999,2
4065,12430,0.066815854,2
4065,12821,0.017054054592,2
4065,14340,0.077254933,2
4065,14870,0.380742,2
4065,14985,0.00330173856,2
4066,7748,1.0,2
4066,9532,0.435594,2
4066,10862,0.562506,2
4066,15174,0.0289439999999999,2
4067,7604,0.1929928,2
4067,9634,0.2934,2
4067,9930,0.0158165319311999,2
4067,11036,0.4645139999999999,2
4067,11113,0.0732144,2
4067,11721,0.0222921751104,2
4067,14792,0.0269056747439999,2
4068,10025,0.304565,2
4069,9618,1.0,2
4069,12301,0.583986,2
4070,8016,0.023595014,2
4070,8446,0.078288,2
4070,8447,0.078288,2
4070,8520,0.038518635,2
4070,8596,0.0146256016176,2
4070,9437,0.0120582388799999,2
4070,9485,0.0421426291919999,2
4070,9687,0.034422607,2
4070,10226,0.328578,2
4070,10669,1.0,2
4070,11128,0.036339567,2
4070,14016,0.0181813373999999,2
4070,14368,0.0247679999999999,2
4071,10556,1.0,2
4071,10557,1.0,2
4072,7506,1.0,2
4073,8318,0.39729,2
4073,10943,1.0,2
4074,10233,0.05736,2
4074,10341,1.0,2
4075,7505,0.0645192,2
4075,8999,0.1721025,2
4075,9412,0.0142220965039999,2
4075,9583,0.1525784,2
4075,9871,1.0,2
4075,10327,0.0559727757264,2
4075,10735,0.0008004726047999,2
4075,12987,0.204666,2
4075,15270,0.0868625779632,2
4075,15390,0.0207116558063999,2
4076,8344,1.0,2
4076,12548,0.3373379999999999,2
4077,7122,1.0,2
4077,7591,0.3444839999999999,2
4077,8736,0.016707706,2
4077,9197,0.037076877,2
4078,11438,1.0,2
4079,9046,0.0799379999999999,2
4080,7724,0.1962816,2
4080,7725,0.063176,2
4080,8284,0.0098734616063999,2
4080,8285,0.011375199,2
4080,8330,0.0753664,2
4080,8628,0.020968904,2
4080,9190,0.187212,2
4080,9914,0.066348,2
4080,10095,1.0,2
4080,10703,0.1042032,2
4080,12155,0.0487102026528,2
4080,15460,0.004592451584,2
4081,10156,1.0,2
4081,10977,0.286824,2
4082,10368,1.0,2
4083,10535,0.478008,2
4083,11447,1.0,2
4083,15504,0.337974,2
4085,8328,0.3318824999999999,2
4086,7427,0.27159,2
4086,8517,0.003024573048,2
4086,10000,0.3897775,2
4086,10385,0.04114,2
4086,14026,0.002307954,2
4087,8064,0.2744675,2
4088,14654,1.0,2
4089,11835,0.4528619999999999,2
4091,8133,0.0948659999999999,2
4091,10926,1.0,2
4092,9798,1.0,2
4092,10465,0.0340619999999999,2
4092,11986,0.070872,2
4092,12435,0.3530099999999999,2
4092,13602,0.380802,2
4093,7349,1.0,2
4094,7793,1.0,2
4095,8412,0.1762319999999999,2
4095,10489,1.0,2
4095,11579,0.4658219999999999,2
4096,10266,1.0,2
4097,8336,1.0,2
4097,8716,0.260328,2
4097,10864,0.225408,2
4097,11978,0.0057875866944,2
4097,14938,0.34419,2
4098,7478,1.0,2
4100,10741,1.0,2
4101,10450,1.0,2
4103,10744,1.0,2
4104,10913,0.18546,2
4106,11091,1.0,2
4106,13097,0.0002837332943999,2
4106,13906,0.2146175,2
4106,14890,0.193866,2
4108,7613,0.5702039999999999,2
4108,12121,0.185988,2
4108,14212,0.224016,2
4108,14313,0.289986,2
4109,9220,1.0,2
4109,10092,0.558438,2
4109,11628,0.2825999999999999,2
4109,12025,0.087792,2
4110,8577,1.0,2
4111,10835,1.0,2
4111,10895,0.4356779999999999,2
4113,9677,1.0,2
4115,8762,0.3754019999999999,2
4115,9137,0.417978,2
4115,10883,1.0,2
4115,15141,0.0114779999999999,2
4116,7172,1.0,2
4117,8155,0.462006,2
4117,10215,0.1937279999999999,2
4117,11083,0.57411,2
4118,9228,1.0,2
4120,7074,0.0823576,2
4120,7479,1.0,2
4120,12330,0.1835975,2
4120,13274,0.0206048595744,2
4120,15486,0.0202357564656,2
4121,10261,0.3056819999999999,2
4121,10917,0.57588,2
4121,11206,0.465234,2
4123,7120,0.1170784,2
4123,8000,1.0,2
4123,11192,0.0475108830335999,2
4123,14629,0.4539959999999999,2
4124,9341,1.0,2
4124,14093,0.392154,2
4125,10328,0.0503136,2
4125,10836,1.0,2
4125,14934,0.0060083494848,2
4126,7985,0.352242,2
4126,9972,0.067734,2
4126,10674,1.0,2
4127,8450,1.0,2
4128,9364,0.227766,2
4128,13011,0.2077139999999999,2
4130,9019,0.0495448,2
4130,10285,0.0138672922511999,2
4130,10674,0.351696,2
4131,7717,0.0058969751328,2
4131,8134,0.225714,2
4131,9208,0.0194191098624,2
4131,11081,0.550482,2
4131,11353,0.580296,2
4132,7837,1.0,2
4133,13041,0.0640859999999999,2
4133,13747,0.438624,2
4134,9794,0.0009632208095999,2
4134,9898,0.417426,2
4134,11165,0.020834847,2
4134,11521,0.0071121820896,2
4134,11524,0.377256,2
4134,11537,0.5088239999999999,2
4134,11541,0.257988,2
4134,11619,0.481218,2
4134,11620,0.4977839999999999,2
4134,11625,0.0128495822111999,2
4135,7940,0.0532648,2
4135,8169,0.0542736,2
4135,8772,0.0221967083807999,2
4135,9733,0.0023292291059999,2
4135,10209,0.0505392,2
4135,10417,0.0103612644288,2
4135,10548,0.017611260048,2
4135,12554,0.0265384878336,2
4135,13044,0.421344,2
4135,14354,0.59946,2
4135,14754,0.0856139999999999,2
4135,15159,0.0314833555296,2
4135,15404,0.014798559384,2
4136,7601,1.0,2
4137,8738,0.0166562840448,2
4137,11343,1.0,2
4137,13643,0.1291919999999999,2
4138,9077,0.022443025008,2
4138,11491,0.582312,2
4138,11527,0.2228399999999999,2
4138,14253,0.4557299999999999,2
4139,7836,0.577836,2
4140,9574,0.2175425,2
4141,10535,1.0,2
4141,11447,0.446802,2
4141,15504,0.550692,2
4142,9712,1.0,2
4143,14446,0.16881,2
4144,7826,1.0,2
4145,11034,1.0,2
4145,14476,0.0265856914848,2
4147,7164,1.0,2
4147,15546,0.5059619999999999,2
4148,8926,0.016711161,2
4148,9099,0.180292,2
4148,10380,0.0792053568576,2
4148,11432,0.42785,2
4148,11966,0.0915719999999999,2
4148,12120,0.066985329096,2
4148,12551,0.05097512,2
4148,12638,0.045108,2
4149,9317,1.0,2
4150,8133,1.0,2
4150,10926,0.239358,2
4151,7122,0.0456208,2
4151,7591,0.0872264,2
4151,8736,0.36623,2
4151,9197,0.0417969718992,2
4152,7411,1.0,2
4152,8472,0.0265439999999999,2
4152,9144,0.0569624,2
4152,9916,0.0701792,2
4152,9994,0.0620744,2
4153,9980,0.018746619,2
4153,10296,0.193296,2
4153,10787,1.0,2
4154,7352,0.06992,2
4154,7857,1.0,2
4154,9948,0.0451192,2
4154,10100,0.0258746881008,2
4154,10565,0.021047048,2
4154,11177,0.0829864,2
4154,12512,0.0147244275456,2
4154,13227,0.0234868192128,2
4154,13662,0.035748138,2
4154,14114,0.0010487506848,2
4154,14707,0.0350066663424,2
4155,7918,0.0046854769248,2
4155,11297,0.0258679872863999,2
4156,7313,1.0,2
4157,7747,1.0,2
4157,9716,0.3825425,2
4157,10598,0.1164316846607999,2
4157,14378,0.426702,2
4158,8915,0.478865,2
4159,15043,0.32047,2
4159,15486,0.14842,2
4160,10745,0.0270799999999999,2
4161,9315,0.4838056,2
4161,9692,0.0483944,2
4161,10317,0.7929088000000001,2
4161,10318,1.0,2
4162,9416,1.0,2
4163,7405,0.374052,2
4163,7896,1.0,2
4163,8173,0.019396784232,2
4163,8394,0.0317119376592,2
4163,8646,0.0994248,2
4163,10061,0.1118455999999999,2
4163,12092,0.30411,2
4163,14231,0.326274,2
4163,14597,0.148356,2
4163,15279,0.473796,2
4164,10390,0.4600439999999999,2
4164,14221,0.4831859999999999,2
4165,8102,1.0,2
4165,8406,0.006463144,2
4165,8464,0.136228,2
4165,8465,0.1102416,2
4165,8518,0.514014,2
4165,9633,0.1139296,2
4165,9649,0.0028978106976,2
4165,10072,0.021687505,2
4165,10464,0.0143284102943999,2
4165,11445,0.0614216,2
4165,12791,0.038172,2
4165,13845,0.2022299999999999,2
4166,8660,0.041508,2
4166,10352,1.0,2
4166,10435,0.16036,2
4167,9921,0.074816,2
4167,10499,0.142926,2
4168,8737,1.0,2
4169,7511,1.0,2
4169,12361,0.0322919999999999,2
4170,7620,0.132432,2
4170,7622,0.01743,2
4170,7623,0.3500525,2
4170,12938,0.178848,2
4171,7152,1.0,2
4171,9191,0.1193519999999999,2
4172,15331,0.524826,2
4173,9847,0.034374449,2
4173,10702,0.012161744,2
4173,11043,1.0,2
4173,12728,0.088156,2
4173,15340,0.009385969,2
4173,15531,0.048736163,2
4174,7157,0.512142,2
4174,9202,0.0497208,2
4174,9436,0.0161784522288,2
4174,9454,0.0160580781719999,2
4174,11396,0.426415,2
4175,9954,1.0,2
4177,10897,1.0,2
4179,10592,1.0,2
4180,9077,0.48287,2
4180,11491,0.0270649300608,2
4180,11527,0.0103572466559999,2
4180,14253,0.0211816012319999,2
4181,11253,1.0,2
4181,12350,0.1289699999999999,2
4183,7513,1.0,2
4183,9763,0.218178,2
4184,8194,1.0,2
4184,10265,0.2700774999999999,2
4185,9821,1.0,2
4186,7777,0.3693599999999999,2
4186,14178,0.0076591482624,2
4187,6707,1.0,2
4188,12072,0.14071,2
4189,9869,0.493932,2
4190,6720,1.0,2
4191,8284,0.2525608,2
4191,10703,1.0,2
4191,11119,0.0062509484447999,2
4191,12155,0.5153099999999999,2
4191,13509,0.053519179,2
4192,10552,0.0427,2
4192,15456,0.0044417394,2
4193,10005,1.0,2
4193,14380,0.286812,2
4194,9798,0.0089087831568,2
4194,10319,0.025396742,2
4194,10465,0.063696,2
4194,11986,0.0343451328192,2
4194,12435,0.0200817383904,2
4194,13602,0.014477282,2
4194,13755,0.4581659999999999,2
4194,13978,0.063696,2
4195,10678,0.0521825,2
4197,9581,1.0,2
4198,8447,0.2647139999999999,2
4198,8596,0.3537059999999999,2
4198,8968,0.0871272,2
4198,10226,0.0135865688688,2
4198,10669,0.0413496,2
4198,11382,0.0498224,2
4198,14368,0.0010241468927999,2
4198,14694,0.0197050360608,2
4199,9300,1.0,2
4200,9051,0.4346399999999999,2
4201,8659,1.0,2
4201,15057,0.333075,2
4203,7794,1.0,2
4205,10388,0.1605,2
4205,10389,0.1605,2
4206,12467,0.136164,2
4206,14585,0.5595,2
4207,7481,0.027800492,2
4207,8053,0.0183907702175999,2
4207,8992,0.045576655,2
4207,9961,0.0092429130288,2
4207,10781,0.0528088,2
4207,13739,0.0199940453856,2
4209,7735,1.0,2
4210,10685,1.0,2
4211,8539,1.0,2
4211,8654,0.418212,2
4211,8892,0.333282,2
4213,7711,0.58914,2
4213,7809,0.0327292488288,2
4214,9334,1.0,2
4216,7960,1.0,2
4216,11092,0.55719,2
4216,13811,0.327576,2
4216,14311,0.4724459999999999,2
4216,14631,0.3126899999999999,2
4216,15271,0.37623,2
4217,8031,0.1830936,2
4217,8280,0.0488056,2
4217,9999,0.0613432,2
4217,11614,1.0,2
4218,8432,1.0,2
4218,10442,0.294654,2
4218,12139,0.086502,2
4218,15082,0.054024,2
4219,10768,0.5142899999999999,2
4219,12352,0.017111066,2
4219,12834,0.301728,2
4219,13697,0.008173374,2
4220,8028,0.575826,2
4220,10794,0.111108,2
4221,7068,1.0,2
4221,10560,0.074178,2
4222,9924,0.0130505446799999,2
4222,12242,0.008803489,2
4222,13848,0.560394,2
4222,15158,1.0,2
4223,8629,0.3687574999999999,2
4225,8897,1.0,2
4225,11319,0.48855,2
4225,13620,0.054078,2
4225,14141,0.2945759999999999,2
4226,8478,0.1263899276495999,2
4226,9681,1.0,2
4227,9376,1.0,2
4228,7585,1.0,2
4229,10765,1.0,2
4229,12084,0.316398,2
4229,14192,0.4703039999999999,2
4229,14735,0.0963479999999999,2
4230,8097,0.4545575,2
4231,9400,1.0,2
4231,11008,0.1383120258623999,2
4231,11494,0.2533941998207999,2
4231,11502,0.4768032,2
4231,12516,0.0609268665023999,2
4231,13969,0.26742,2
4231,14752,0.1740608225856,2
4232,8462,1.0,2
4233,9531,1.0,2
4233,12142,0.2064349999999999,2
4233,12710,0.2437379999999999,2
4234,7913,0.581994,2
4234,11828,0.1231559999999999,2
4235,10195,0.0210940949855999,2
4235,10974,0.0463792,2
4236,7057,1.0,2
4237,10195,0.555996,2
4238,10467,1.0,2
4238,15346,0.48915,2
4239,8210,0.57819,2
4239,14073,0.543084,2
4241,8574,0.0434024,2
4241,8575,0.0434024,2
4241,9249,0.031119394,2
4241,9250,0.0370008585792,2
4242,7490,1.0,2
4242,7868,0.2101499999999999,2
4242,8211,0.066892,2
4242,12311,0.312468,2
4242,14415,0.3674639999999999,2
4242,14851,0.473832,2
4243,10352,1.0,2
4243,10435,0.3560175,2
4244,9286,0.050828,2
4244,9738,1.0,2
4244,10704,0.016692197,2
4244,10970,0.3583275,2
4244,14609,0.0319979999999999,2
4245,8295,0.0631024,2
4245,8647,1.0,2
4245,12511,0.0214738729248,2
4246,7880,1.0,2
4246,8616,0.50823,2
4246,10217,0.3218339999999999,2
4247,7823,0.543384,2
4247,8350,0.3113399999999999,2
4248,8195,0.19178,2
4248,10491,1.0,2
4248,11264,0.19859,2
4249,8143,0.342655,2
4250,8531,1.0,2
4251,11034,0.5269079999999999,2
4251,14476,0.132048,2
4254,8005,0.0953339999999999,2
4254,12439,0.44313,2
4254,14438,0.227898,2
4255,7405,0.0478152,2
4255,7473,0.0523232,2
4255,7896,0.1098893140704,2
4255,8173,0.19509,2
4255,8394,0.318954,2
4255,8646,1.0,2
4255,9877,0.0250950438912,2
4255,10061,0.4838295999999999,2
4255,12092,0.249702,2
4255,12219,0.0280532929728,2
4255,14231,0.209088,2
4255,14597,0.387612,2
4255,15279,0.19047,2
4256,10893,1.0,2
4257,6725,0.0273636809232,2
4257,7919,0.051748,2
4257,8535,0.0617576,2
4257,9182,0.0429288,2
4257,9400,0.1130463999999999,2
4257,9873,0.0074757929472,2
4257,10333,0.0552343999999999,2
4257,11008,0.0101178340992,2
4257,12868,0.011544564816,2
4257,13969,0.0438696903552,2
4259,8151,0.018724475,2
4259,8255,0.0848144,2
4259,11777,0.15399,2
4259,11799,0.0118097266848,2
4259,12064,0.308034,2
4259,12969,0.0142862832575999,2
4259,12970,0.0115264841184,2
4259,12972,0.0057512657135999,2
4259,12973,0.0039102768384,2
4259,13204,0.0276920712288,2
4259,14644,0.032761258,2
4259,15039,0.0263760909984,2
4259,15125,0.0135144961248,2
4259,15251,0.008312659,2
4260,7770,1.0,2
4260,8071,0.395424,2
4261,10642,0.561198,2
4261,13545,0.121338,2
4262,7340,0.0074900903615999,2
4262,11087,0.41607,2
4262,15212,0.0813475,2
4263,8525,1.0,2
4265,7978,0.0003704366016,2
4265,8367,0.015809404,2
4265,11393,0.487224,2
4266,10905,1.0,2
4266,12709,0.2604349999999999,2
4267,7149,0.021175662,2
4267,11193,0.3018174999999999,2
4267,12214,0.0277998054335999,2
4268,9366,1.0,2
4268,15307,0.0486119999999999,2
4270,9647,1.0,2
4270,11513,0.1093679999999999,2
4271,11687,0.2895375,2
4272,9358,0.53625,2
4272,10790,1.0,2
4273,10138,1.0,2
4273,13849,0.146484,2
4274,8164,0.354615,2
4274,8971,0.2504579999999999,2
4274,9064,1.0,2
4274,10338,0.015846,2
4275,8907,0.594636,2
4278,8645,0.5492279999999999,2
4278,13229,0.471264,2
4280,9070,1.0,2
4281,8745,0.233442,2
4281,11726,0.1650959999999999,2
4281,14530,0.4464359999999999,2
4282,9325,0.5038199999999999,2
4282,12241,0.035562,2
4282,14227,0.077502,2
4282,15117,0.14406,2
4283,7064,0.47058,2
4283,7460,0.21557766,2
4283,7475,0.1701112,2
4283,7599,0.0660514571808,2
4283,7600,0.0520088,2
4283,7958,0.0836477597087999,2
4283,9551,0.577584,2
4283,9853,0.1651992,2
4283,10466,0.59181,2
4283,10611,0.120715582176,2
4283,10938,0.3221219999999999,2
4283,11214,0.2137379590079999,2
4283,11398,0.052267523616,2
4283,13861,0.269226,2
4284,11076,1.0,2
4285,10403,1.0,2
4286,8294,1.0,2
4287,9154,0.286986,2
4287,9292,1.0,2
4287,11785,0.1356179999999999,2
4287,13065,0.395892,2
4287,13434,0.3808319999999999,2
4287,14323,0.3388319999999999,2
4288,8114,0.0136626604127999,2
4288,9271,1.0,2
4288,10364,0.238392,2
4288,10621,0.0560616,2
4289,10722,1.0,2
4289,12583,0.4249175,2
4290,9919,0.43434,2
4293,7063,1.0,2
4293,9209,0.210774,2
4293,12570,0.1851479999999999,2
4294,9127,0.0937,2
4294,9547,0.1068848,2
4294,10121,0.057400344144,2
4294,11309,1.0,2
4294,13896,0.2246939999999999,2
4294,15180,0.0145769490239999,2
4295,9392,0.413976,2
4295,10566,1.0,2
4295,11493,0.0474232,2
4295,14078,0.3880132148544,2
4295,14833,0.020506137,2
4295,15087,0.0125002236239999,2
4295,15216,0.017388309,2
4296,7963,0.328782,2
4297,7427,0.479,2
4297,8198,0.0471608,2
4297,8517,0.04347,2
4297,10000,0.1825979999999999,2
4297,10385,0.10194,2
4297,14026,0.005718834,2
4298,8489,0.0116470671408,2
4298,8914,0.201126,2
4298,9031,1.0,2
4298,9044,0.022001982912,2
4298,9397,0.0500136,2
4298,10574,0.214242,2
4298,12594,0.0158551114175999,2
4298,12726,0.54609,2
4299,9187,0.374275,2
4299,10144,0.0078483349,2
4301,10657,1.0,2
4301,12705,0.28689,2
4301,13030,0.3787919999999999,2
4301,13695,0.349632,2
4301,13863,0.5373,2
4301,14514,0.5343600000000001,2
4302,8071,0.086676,2
4302,9707,0.006642,2
4302,11048,1.0,2
4302,15366,0.5252399999999999,2
4304,11495,1.0,2
4306,12099,0.1928375,2
4306,15179,0.387455,2
4307,8245,1.0,2
4308,11527,1.0,2
4308,11528,0.4417799999999999,2
4309,8344,1.0,2
4309,12548,0.3383279999999999,2
4310,10804,1.0,2
4311,6728,0.0181485030048,2
4311,7133,0.0401512,2
4311,7709,0.0603288,2
4311,8500,0.1145385044687999,2
4311,8626,0.044144,2
4311,8960,0.0026360065823999,2
4311,9738,0.040724,2
4311,10704,0.3949304,2
4311,10970,0.014592529,2
4311,12910,0.01402381,2
4311,14609,0.0013030865519999,2
4311,15076,0.0053568354671999,2
4312,8050,0.279972,2
4312,8057,0.458748,2
4312,9149,1.0,2
4312,13395,0.0802289947199999,2
4312,15318,0.114004615344,2
4314,6713,0.015738606504,2
4314,11455,0.095358144456,2
4314,14047,0.199764,2
4315,15083,0.1812925,2
4316,9118,1.0,2
4316,10929,0.269772,2
4317,8589,0.350316,2
4317,11056,1.0,2
4317,11167,0.245208,2
4317,11356,0.2319959999999999,2
4318,8916,0.17635,2
4318,11146,1.0,2
4318,12461,0.156558,2
4319,8208,0.372486,2
4319,9306,0.3989339999999999,2
4319,12826,0.435624,2
4320,10494,1.0,2
4321,12074,0.3404775,2
4321,15349,0.3803575,2
4322,7491,0.1401768,2
4322,9774,0.0315564796512,2
4322,10309,0.0762864,2
4322,10436,1.0,2
4322,10875,0.2459184,2
4323,7512,0.282015,2
4324,11371,1.0,2
4324,11372,0.5800919999999999,2
4325,7124,1.0,2
4325,11914,0.4799819999999999,2
4326,8725,0.05358,2
4326,10304,1.0,2
4326,13427,0.4216499999999999,2
4327,10520,1.0,2
4327,12570,0.147366,2
4328,7516,0.633488,2
4328,8251,0.6360544,2
4328,9202,0.155708,2
4328,9436,0.0634592,2
4328,9454,0.05028823422,2
4328,9791,0.0597016,2
4328,10039,0.1765632,2
4328,10289,0.00752464041,2
4328,10407,0.0110445660864,2
4328,13557,0.1128359999999999,2
4328,14362,0.276546,2
4328,14885,0.0199648120559999,2
4329,9357,1.0,2
4329,9561,0.3485625,2
4330,8480,1.0,2
4330,8778,0.2537576,2
4330,10946,0.1433842093344,2
4330,12054,0.523188,2
4330,15198,0.371364,2
4331,10356,1.0,2
4332,9434,0.025962,2
4332,10781,0.559272,2
4332,13739,0.117972,2
4333,8161,0.209166,2
4333,10115,1.0,2
4333,12036,0.0273279663071999,2
4334,7105,0.0475136,2
4334,7545,0.013679857932,2
4334,8248,0.014037185,2
4334,8284,0.0561688,2
4334,8285,0.1714474999999999,2
4334,9613,0.018593202,2
4334,9914,1.0,2
4334,10095,0.066348,2
4334,10703,0.010747338,2
4334,12155,0.0152484811488,2
4334,12163,0.0117675982848,2
4334,13509,0.011051914,2
4335,12012,0.2234149999999999,2
4336,8113,0.045648,2
4336,9904,1.0,2
4336,14229,0.397344,2
4336,14300,0.524094,2
4337,9777,0.0311882815872,2
4337,9889,0.016885729,2
4337,9996,0.1073496,2
4337,11698,0.014229264864,2
4337,13022,0.0157402836864,2
4337,14915,0.0066488030208,2
4337,15445,0.063028,2
4338,7625,0.021060397632,2
4338,7783,0.0093452824751999,2
4338,8163,0.578544,2
4338,8549,0.0173781579456,2
4338,8609,0.0302826600672,2
4338,8773,0.573156,2
4338,8805,0.0559456,2
4338,8806,0.0020153480399999,2
4338,8808,0.020341527,2
4338,8870,0.014731210524,2
4338,8876,0.012944584,2
4338,8877,0.0407072,2
4338,8878,0.008577341,2
4338,8879,0.0051899237567999,2
4338,8882,0.0051370210463999,2
4338,8944,0.0179474603711999,2
4338,8987,0.0356893261728,2
4338,9029,0.0332247460848,2
4338,9203,0.0161653600752,2
4338,9508,0.0087949839935999,2
4338,9595,0.0264989801376,2
4338,9900,0.0160253387712,2
4338,10147,0.0123447388032,2
4338,10251,0.0049956503712,2
4338,10609,0.43428,2
4338,11023,0.0107910756816,2
4338,11232,0.044696,2
4338,11233,0.044696,2
4338,11273,0.0115263600768,2
4338,11342,0.0656696,2
4338,11366,0.53715,2
4339,9166,1.0,2
4339,9167,0.444796,2
4340,7849,1.0,2
4341,7886,0.0138470030015999,2
4341,8785,0.0002783573471999,2
4341,10619,1.0,2
4341,10757,0.0447376,2
4341,13600,0.0103716967584,2
4342,8620,0.07074,2
4342,9272,1.0,2
4342,14075,0.3983819999999999,2
4343,7959,0.3606299999999999,2
4343,8667,0.156552,2
4343,9737,1.0,2
4344,10322,0.317028,2
4344,10784,1.0,2
4344,12738,0.204372,2
4345,7155,0.0479664,2
4345,7352,0.0871712,2
4345,7857,1.0,2
4345,11177,0.0708576,2
4345,12512,0.0142979945664,2
4345,13227,0.001621393272,2
4345,13662,0.0445681937664,2
4346,7423,0.281076,2
4346,7425,1.0,2
4347,15421,0.4593239999999999,2
4349,8620,0.00359744,2
4349,9272,0.0508544,2
4349,14075,0.0202594775808,2
4350,9467,0.030822554,2
4350,10812,0.406565,2
4350,11111,0.032578571,2
4351,10851,1.0,2
4353,8604,0.480355,2
4353,9432,0.166548,2
4353,10144,0.019847549176,2
4353,11017,0.0792856,2
4353,11564,0.0245668017312,2
4354,10724,1.0,2
4354,10795,0.506586,2
4355,8055,1.0,2
4355,9042,0.4226625,2
4355,11296,0.3772859999999999,2
4356,11479,0.2061474999999999,2
4357,7540,0.0957008,2
4357,7838,0.0092523864815999,2
4357,7940,0.0211864345056,2
4357,8169,0.0509816,2
4357,8772,0.0208503528048,2
4357,9601,0.0786888,2
4357,10078,0.0387159163775999,2
4357,10417,0.0097327952928,2
4357,11103,1.0,2
4357,12554,0.0249287788416,2
4357,13044,0.0616202651232,2
4357,13186,0.0378366510912,2
4357,14754,0.2673,2
4357,15159,0.0295737124176,2
4357,15404,0.0452266668672,2
4358,7555,0.020637734544,2
4358,8155,0.036982316,2
4358,8233,0.050212,2
4358,9022,0.1523248,2
4358,9023,0.0830011742208,2
4358,9764,0.0637734696863999,2
4358,9790,0.2537819999999999,2
4358,9855,0.505536,2
4358,9965,1.0,2
4358,10162,0.085226832672,2
4358,10215,0.0790877575488,2
4358,10396,0.0886435465344,2
4358,10579,0.0109891974719999,2
4358,10604,0.0050271716351999,2
4358,10772,0.5467139999999999,2
4358,10891,0.442344,2
4358,10904,0.0612747833471999,2
4358,11083,0.0906696,2
4358,11278,0.159436,2
4358,11421,0.076928188872,2
4358,11724,0.07602897,2
4358,15189,0.0196199999999999,2
4360,11244,1.0,2
4360,12422,0.101034,2
4361,7991,0.38231,2
4361,9122,0.5435819999999999,2
4361,11728,0.41904,2
4362,7757,0.1701179999999999,2
4362,10822,1.0,2
4362,12068,0.225792,2
4363,9147,1.0,2
4363,9862,0.471558,2
4363,11097,0.181146,2
4364,9406,1.0,2
4364,13549,0.1631449999999999,2
4365,9982,0.049096,2
4365,11212,1.0,2
4365,12866,0.269916,2
4367,9070,0.26973,2
4368,7338,1.0,2
4369,10567,0.3179519999999999,2
4371,13054,0.314165,2
4372,8413,0.0459768,2
4372,11633,0.0225496893744,2
4372,11837,0.178494,2
4372,12005,0.528894,2
4372,13279,0.0049790115792,2
4372,14123,0.0258625017216,2
4372,14444,0.0118769108832,2
4372,14914,0.0024901954415999,2
4373,7149,0.2255579999999999,2
4373,11193,1.0,2
4373,12214,0.278562,2
4374,9072,0.3400019999999999,2
4375,8731,0.250434,2
4375,9379,1.0,2
4375,13957,0.4148759999999999,2
4376,7519,0.317298,2
4376,7653,0.0257169850368,2
4376,7663,0.0032012644896,2
4376,7882,0.0128093327232,2
4376,8165,0.4026059999999999,2
4376,8333,0.0445288,2
4376,8922,0.0063864986112,2
4376,8923,0.0096759301248,2
4376,8924,0.005676086136,2
4376,9411,0.0034540099583999,2
4376,9415,0.0663,2
4376,9497,0.4209125,2
4376,9560,0.1079339999999999,2
4376,9564,1.0,2
4376,9779,0.3028559999999999,2
4376,10660,0.0093147124991999,2
4376,10720,0.0227118253824,2
4376,10907,0.0061086388991999,2
4376,11144,0.130572,2
4376,11478,0.0252280588128,2
4376,13462,0.1513679999999999,2
4376,13463,0.100608,2
4376,13800,0.0505919999999999,2
4376,13852,0.0112084333056,2
4376,13854,0.0183769467024,2
4377,10179,1.0,2
4377,11427,0.111265,2
4379,7568,0.0821039999999999,2
4379,9562,1.0,2
4380,11087,0.0218745607344,2
4380,15212,0.3393925,2
4381,10505,1.0,2
4382,10448,0.0403896,2
4382,11364,1.0,2
4382,13475,0.447762,2
4383,8357,0.241638,2
4383,8961,1.0,2
4383,11817,0.0286319999999999,2
4383,13161,0.5152739999999999,2
4383,14633,0.246642,2
4384,13901,0.0947759999999999,2
4385,9435,1.0,2
4386,8904,1.0,2
4386,13989,0.369714,2
4387,9592,0.2029019999999999,2
4388,10040,0.30676,2
4388,11532,0.0049154861951999,2
4390,8939,1.0,2
4390,11157,0.0089769020544,2
4391,10329,0.4201725,2
4392,8511,0.1925425,2
4393,10179,0.040064,2
4394,7061,0.1155779999999999,2
4394,7332,0.0405744,2
4394,8504,0.551916,2
4394,8993,0.0019003425984,2
4394,11157,0.462816,2
4394,12847,0.0191891755872,2
4396,9207,1.0,2
4396,10624,0.486486,2
4396,12818,0.351168,2
4397,8176,0.1734359999999999,2
4397,8695,1.0,2
4397,13804,0.2609074999999999,2
4397,14527,0.462906,2
4398,7526,0.0525544,2
4399,9757,0.399066,2
4399,10769,0.53355,2
4400,8390,1.0,2
4400,10894,0.0595648,2
4401,8708,1.0,2
4402,9049,0.3151259999999999,2
4402,10756,0.272886,2
4402,14921,0.4277879999999999,2
4403,7759,1.0,2
4403,9290,0.0316521379776,2
4403,10506,0.265758,2
4403,12882,0.150672,2
4404,9472,1.0,2
4405,7540,0.0415392,2
4405,7940,0.0091960311744,2
4405,8169,0.0557664,2
4405,8772,0.0228072307392,2
4405,9733,0.0546674999999999,2
4405,10417,0.0106462518912,2
4405,10548,0.41334,2
4405,12554,0.0272684312064,2
4405,13044,0.0179522880768,2
4405,13186,0.0164231042688,2
4405,14354,0.025541312,2
4405,14754,0.0036477728207999,2
4405,15159,0.0323493079104,2
4405,15404,0.0196307612928,2
4406,9019,0.4901219999999999,2
4406,10285,1.0,2
4406,10945,0.3762225,2
4407,9048,1.0,2
4409,10963,0.42313,2
4410,8913,1.0,2
4410,13055,0.5334479999999999,2
4411,7731,1.0,2
4411,13211,0.195852,2
4412,10034,0.1566575,2
4412,10383,0.582168,2
4413,8201,0.1094879999999999,2
4413,14355,0.004242,2
4414,8348,1.0,2
4415,8765,1.0,2
4415,8771,0.3391174999999999,2
4415,15452,0.018609009,2
4416,10777,1.0,2
4416,11228,0.015914601,2
4416,11230,0.040796,2
4416,11420,0.250866,2
4416,14546,0.400704,2
4417,11184,1.0,2
4418,8087,1.0,2
4418,12862,0.330485,2
4419,8052,0.493938,2
4420,14643,0.381048,2
4423,10263,1.0,2
4423,12374,0.177882,2
4423,12375,0.2520539999999999,2
4423,13661,0.2113799999999999,2
4423,14936,0.38234,2
4424,9977,1.0,2
4424,10004,0.3033119999999999,2
4424,11864,0.3242759999999999,2
4424,12324,0.211644,2
4425,11288,1.0,2
4425,11578,0.553908,2
4425,12614,0.4686659999999999,2
4425,13892,0.269202,2
4426,10565,1.0,2
4426,13227,0.0830699999999999,2
4426,14707,0.269964,2
4427,7422,0.3882825,2
4427,9126,1.0,2
4429,7651,0.3056939999999999,2
4429,7717,0.493002,2
4429,9208,1.0,2
4429,11081,0.3787625,2
4430,13223,0.267285,2
4431,9804,1.0,2
4431,14015,0.4608359999999999,2
4432,10398,0.09115,2
4433,8715,1.0,2
4434,7491,1.0,2
4434,10436,0.1220864,2
4435,10223,0.3185775,2
4437,9691,0.405845,2
4438,7886,0.233124,2
4438,8785,0.0161512109327999,2
4438,10757,1.0,2
4438,13600,0.208416,2
4439,9996,0.372912,2
4439,11698,0.350628,2
4440,9561,0.4969319999999999,2
4440,11474,0.0308450937599999,2
4440,12365,0.011657743,2
4440,14052,0.020388,2
4441,7083,1.0,2
4441,13094,0.0210724999999999,2
4442,11410,1.0,2
4443,7716,0.01877444,2
4443,7907,0.343074,2
4443,8101,0.02021567,2
4443,9573,1.0,2
4443,9798,0.00691862004,2
4443,10029,0.0557879999999999,2
4443,10319,0.01753505868,2
4443,10465,0.04798,2
4443,10728,0.0098284203071999,2
4443,11228,0.0574472,2
4443,11230,0.0233659305099999,2
4443,11631,0.074724,2
4443,11986,0.0266726577599999,2
4443,12435,0.015595611,2
4443,12596,0.009097913,2
4443,12873,0.136038,2
4443,13602,0.0112431533999999,2
4443,13978,0.027150251,2
4443,14334,0.261324,2
4443,15156,0.1695719999999999,2
4444,7603,0.0002788783439999,2
4444,7980,0.1201859999999999,2
4444,8873,1.0,2
4444,8874,1.0,2
4444,8875,0.4255175,2
4445,7904,0.543552,2
4445,9081,0.4233,2
4446,14712,1.0,2
4447,8390,1.0,2
4448,7904,0.2824075,2
4448,7997,0.0436136,2
4448,8208,0.0142004137055999,2
4448,8249,0.0456582479616,2
4448,8826,0.0253511243999999,2
4448,9081,1.0,2
4448,9861,0.0095483898576,2
4448,10153,0.165876,2
4448,10262,0.122316,2
4448,11027,0.0238127639184,2
4448,11181,0.0879552,2
4448,11322,0.022067080128,2
4448,13649,0.0194198483952,2
4448,14315,0.0209370110256,2
4449,9948,0.2252999999999999,2
4449,10100,0.4718159999999999,2
4449,14114,0.4193525,2
4450,12215,0.01166590872,2
4450,14815,0.385398,2
4450,14816,0.570666,2
4451,7898,1.0,2
4451,12218,0.30224,2
4453,8728,0.0440072,2
4453,8905,0.0143185346496,2
4453,10023,1.0,2
4453,14699,0.018071996752,2
4454,7344,0.239718,2
4454,8796,0.050671508,2
4454,8799,1.0,2
4454,10026,0.4033375,2
4454,11098,0.0196651243968,2
4454,11525,0.0549177205056,2
4454,12091,0.0129302090495999,2
4454,13810,0.021032587776,2
4456,7437,0.3665175,2
4456,9473,0.021402969,2
4457,11532,0.3313259999999999,2
4458,9688,1.0,2
4459,8606,0.1728,2
4459,9119,1.0,2
4459,15004,0.0208019999999999,2
4460,9226,1.0,2
4460,10181,0.425265,2
4461,8138,0.0189214204992,2
4461,11268,0.371514,2
4461,13814,0.593544,2
4462,9181,0.145075,2
4462,9802,1.0,2
4463,7896,0.0164374423872,2
4463,8173,1.0,2
4463,8394,1.0,2
4463,8646,0.22845,2
4463,8908,0.0256602551808,2
4463,10061,0.0729056,2
4463,10457,0.0611168,2
4463,12092,0.0317069370624,2
4463,12501,0.2124479999999999,2
4463,13253,0.0710019761951999,2
4463,14231,0.028745949024,2
4463,14597,0.0417613483584,2
4463,14710,0.131304,2
4463,15279,0.0273885925632,2
4464,7495,0.3851639999999999,2
4464,10298,0.573036,2
4464,11727,0.29859,2
4464,11736,0.352266,2
4464,12169,0.1387199999999999,2
4464,12897,0.0146978936928,2
4464,14028,0.112278,2
4465,8619,1.0,2
4465,12324,0.34985,2
4466,11087,0.021426,2
4466,15212,0.2457825,2
4467,8176,0.540912,2
4467,8695,0.0801119999999999,2
4467,14527,0.283116,2
4468,11099,1.0,2
4468,15122,1.0,2
4470,7585,0.3627749999999999,2
4470,8401,0.0285299999999999,2
4472,10040,0.3602475,2
4473,9400,0.0777608,2
4473,10333,1.0,2
4473,13969,0.0301764781344,2
4474,10130,1.0,2
4475,7865,0.45582,2
4475,11011,1.0,2
4476,10343,1.0,2
4478,9733,0.2604725,2
4479,10667,1.0,2
4479,10918,0.361835,2
4479,13970,0.185832,2
4480,11870,0.1690199999999999,2
4480,13714,0.0843419999999999,2
4481,11250,1.0,2
4482,10174,0.34353,2
4482,10920,1.0,2
4482,10921,1.0,2
4484,11527,1.0,2
4484,11528,0.3855,2
4485,11484,1.0,2
4485,13470,1.0,2
4487,10368,1.0,2
4488,9661,0.0448624,2
4488,14944,0.011940576384,2
4489,11265,0.0558250576128,2
4489,11486,1.0,2
4490,11014,1.0,2
4490,11235,0.1891019999999999,2
4490,12813,0.571314,2
4490,13819,0.495384,2
4490,13913,1.0,2
4490,14614,0.51249,2
4490,15534,0.490548,2
4491,10713,0.257052,2
4491,10715,1.0,2
4491,14020,0.270126,2
4491,14287,0.4081875,2
4491,14957,0.0511019999999999,2
4492,8611,0.5959019999999999,2
4494,8098,0.02368507448,2
4494,8604,0.040450886692,2
4494,9432,0.0140250736992,2
4494,10144,0.23569,2
4494,11017,0.0815088,2
4494,11327,0.1001536,2
4494,11564,0.0252556646976,2
4495,14701,0.2926499999999999,2
4496,7332,0.1610999999999999,2
4496,8993,1.0,2
4497,9164,0.11412,2
4499,8510,0.277578,2
4500,6708,0.0219431031168,2
4500,7444,0.0418112,2
4500,8682,0.009186,2
4500,9521,0.0464816,2
4500,9568,0.0690752,2
4500,9945,0.0191591840159999,2
4500,11084,0.58953,2
4500,11129,0.0107925578111999,2
4500,11974,0.007027129728,2
4500,12580,0.0237357360768,2
4500,12764,0.030588806304,2
4500,12905,0.00793493,2
4500,12979,0.018851167584,2
4500,13357,0.0150050971488,2
4500,14186,0.014173169472,2
4500,14224,0.0229616239488,2
4500,14363,0.0114838370592,2
4500,14778,0.0080254330368,2
4500,15145,0.257898,2
4500,15146,0.595722,2
4500,15433,0.00412802,2
4501,7844,0.0979559999999999,2
4501,8624,0.38409,2
4501,15236,0.418524,2
4503,9824,0.469638,2
4503,10494,0.0016139999999999,2
4504,10689,1.0,2
4504,12291,0.142944,2
4505,7411,0.0558136,2
4505,8472,0.0014815161983999,2
4505,9916,1.0,2
4506,9298,0.2746375,2
4507,13784,0.0426119999999999,2
4508,7783,0.437646,2
4508,8773,0.0022124977632,2
4508,8806,0.266994,2
4508,8808,0.10572,2
4508,8870,0.0260878934304,2
4508,10147,0.306258,2
4508,10251,1.0,2
4508,10609,0.0066443628767999,2
4508,11023,0.340746,2
4508,11366,0.005242967088,2
4509,11535,1.0,2
4510,8136,1.0,2
4511,9442,0.4459925,2
4512,9364,0.26682,2
4513,8415,1.0,2
4513,11299,0.209304,2
4515,9217,0.5294099999999999,2
4516,8134,0.52887,2
4516,11081,0.2473259999999999,2
4516,11353,1.0,2
4519,10340,1.0,2
4520,9938,1.0,2
4521,7857,0.00030834432,2
4521,11177,0.0428256,2
4523,9567,1.0,2
4524,7835,1.0,2
4524,8606,0.0552874999999999,2
4524,10832,0.0972416,2
4525,10405,1.0,2
4525,14238,0.540678,2
4525,14884,0.565044,2
4526,12107,0.1507675,2
4527,8724,1.0,2
4528,7997,0.0403304,2
4528,8208,0.0131314169183999,2
4528,9579,0.3735925,2
4528,9861,0.0074453144831999,2
4528,9910,0.00042464088,2
4528,10243,0.041388,2
4528,10871,0.023954215536,2
4528,10989,0.00635223024,2
4528,11027,0.0220201564176,2
4528,13053,0.006275497,2
4528,13649,0.0168724648224,2
4529,8239,1.0,2
4530,10530,1.0,2
4531,8552,1.0,2
4532,9703,0.4508819999999999,2
4533,9019,0.190152,2
4533,10285,0.4083659999999999,2
4533,10945,1.0,2
4534,11347,0.0170627062272,2
4534,12928,0.013772888186,2
4534,13975,0.0005512651199999,2
4534,14565,0.0015061043999999,2
4535,9422,0.5567399999999999,2
4535,12392,0.03003,2
4536,12744,0.556908,2
4536,14041,0.423035,2
4537,10990,1.0,2
4538,7055,0.3288025,2
4538,9498,0.199764,2
4538,10873,0.316615,2
4538,12662,0.047299720392,2
4538,12670,0.07814468034,2
4540,8987,0.14331,2
4540,9029,0.0507424057344,2
4540,9203,0.39618,2
4540,11342,0.0619521795071999,2
4541,14802,0.2388179999999999,2
4542,6702,0.098844,2
4542,9218,1.0,2
4543,8953,1.0,2
4543,13663,0.409746,2
4544,8723,0.150526153624,2
4544,8998,1.0,2
4544,11381,0.3873779999999999,2
4545,7920,0.0530904,2
4545,10431,0.423612,2
4545,10432,0.277135,2
4545,15120,0.0161889618528,2
4545,15406,0.0303519940416,2
4547,10339,1.0,2
4548,10702,1.0,2
4548,12549,0.019584495312,2
4548,13251,0.0256758285504,2
4548,15277,0.0118765942559999,2
4549,8999,0.52533,2
4549,9322,1.0,2
4549,14578,0.3924625,2
4550,11032,0.38892,2
4551,9282,0.1685725,2
4551,9850,0.1048075,2
4552,7687,0.0514416,2
4552,9049,1.0,2
4552,9105,0.01565679648,2
4552,9162,0.0528232,2
4552,9199,0.416142,2
4552,10717,0.0163230026784,2
4552,11759,0.0257627198112,2
4552,14083,0.0049680219599999,2
4552,14671,0.0202869612528,2
4552,14921,0.548094,2
4553,8331,0.4840875,2
4554,8138,0.463524,2
4554,11268,0.555618,2
4554,13814,0.0242289409152,2
4556,7596,0.4826879999999999,2
4557,10893,0.0414174999999999,2
4558,10655,0.26436,2
4558,10844,1.0,2
4560,9196,1.0,2
4560,13049,0.3757074999999999,2
4560,13902,0.37734,2
4561,9798,0.00791935416,2
4561,10319,0.020071393,2
4561,10465,0.05492,2
4561,10777,0.040796,2
4561,11228,0.390102,2
4561,11230,1.0,2
4561,11420,0.0102343293359999,2
4561,11986,0.030530687,2
4561,12435,0.01785141648,2
4561,13602,0.0128694035999999,2
4561,13755,0.0145521884159999,2
4561,13978,0.0499592,2
4561,14546,0.01634712,2
4562,9618,0.0225810671376,2
4562,9725,1.0,2
4562,10894,0.1492648,2
4562,12301,0.0191119514064,2
4562,13175,0.3133424999999999,2
4563,7516,0.0414192,2
4563,8251,0.0403616,2
4563,9202,0.370755,2
4563,9436,1.0,2
4563,9454,0.042947368956,2
4563,10039,0.08072,2
4563,10407,0.3137112,2
4563,13557,0.0318672873599999,2
4563,14362,0.0175493879232,2
4563,15017,0.01496448,2
4563,15162,0.1291310589888,2
4564,7604,0.4900199999999999,2
4564,9634,0.0844859999999999,2
4564,9930,1.0,2
4564,11051,0.338425,2
4566,7100,0.04076,2
4566,8212,1.0,2
4567,7081,0.0439096,2
4567,8482,0.055324,2
4567,9565,0.0306610517712,2
4567,11737,0.4554659999999999,2
4567,11828,0.3929625,2
4567,12418,0.516156,2
4567,12470,0.16269,2
4568,11198,1.0,2
4568,12931,0.024408,2
4568,13693,0.3546825,2
4569,11329,1.0,2
4570,7719,0.462912,2
4570,9870,0.393636,2
4570,12677,0.482034,2
4572,8533,0.0744774999999999,2
4573,11063,1.0,2
4573,15510,0.142956,2
4574,8133,1.0,2
4574,10926,0.197082,2
4575,7703,1.0,2
4575,7811,0.0216753974976,2
4575,9328,0.012655988,2
4575,11305,0.1294488,2
4575,11863,0.2175119999999999,2
4575,13130,0.009219343536,2
4575,14882,0.0620880457392,2
4576,9558,1.0,2
4576,13538,0.0022739368464,2
4577,6706,1.0,2
4578,8005,0.5481119999999999,2
4578,10992,0.096744,2
4578,11285,1.0,2
4579,15154,0.113202,2
4580,9169,0.1395331181376,2
4580,15454,0.2884649999999999,2
4581,9201,1.0,2
4581,9496,0.0209044435199999,2
4581,9705,0.045468,2
4582,8699,1.0,2
4582,10665,0.020388,2
4582,13905,0.050862,2
4583,10694,0.360624,2
4583,11001,0.247932,2
4583,11015,0.57309,2
4584,7405,1.0,2
4584,7896,0.317208,2
4584,8173,0.009328267368,2
4584,8394,0.0152508493008,2
4584,8646,0.0478152,2
4584,10061,0.047964,2
4584,12092,0.055573791,2
4584,14231,0.0596240938176,2
4584,14597,0.027554167,2
4584,15279,0.0865826181504,2
4585,7572,0.0320494193376,2
4585,10312,0.0644168,2
4585,11501,0.0111239478432,2
4586,15421,0.039922116864,2
4587,10339,0.57918,2
4588,10674,0.2318519999999999,2
4589,9825,0.0297309134592,2
4589,10424,0.0214480880928,2
4592,7157,0.0153574645295999,2
4592,9864,0.562656,2
4592,11396,0.02568571,2
4592,13930,1.0,2
4593,7358,0.0639359999999999,2
4593,8497,0.3542099999999999,2
4593,8817,1.0,2
4594,8415,1.0,2
4594,11299,0.2442239999999999,2
4594,14434,0.013743804,2
4595,7123,1.0,2
4595,7897,0.1219019999999999,2
4597,12700,0.347395,2
4598,8332,1.0,2
4600,8100,1.0,2
4601,10521,1.0,2
4602,8317,1.0,2
4602,9130,0.2271475,2
4604,14742,0.23314,2
4605,6728,0.4520039999999999,2
4605,7133,1.0,2
4605,7452,0.0403912,2
4605,7709,0.0660488,2
4605,8500,0.0199659231792,2
4605,8960,0.0656519999999999,2
4605,10152,0.005468262,2
4605,10633,0.0456376,2
4605,10634,0.0090764971632,2
4605,10704,0.0689512,2
4605,11692,0.0034395918179999,2
4605,12355,0.0164427728255999,2
4605,12910,0.349275,2
4605,15076,0.0058647371471999,2
4606,11052,0.5963459999999999,2
4606,11809,0.365262,2
4607,8188,0.4609,2
4607,12635,0.459216,2
4608,7568,0.255258,2
4608,9562,1.0,2
4609,12969,0.42444,2
4609,12970,0.380196,2
4609,12971,0.167148,2
4609,12972,0.28761,2
4609,12973,0.258096,2
4610,7332,0.1364015999999999,2
4610,8568,1.0,2
4610,8993,0.0063885053376,2
4610,10326,0.151148,2
4610,11157,0.007393812048,2
4610,11776,0.2695674999999999,2
4610,12847,0.0858168,2
4611,8173,0.0766376,2
4611,8394,0.0611168,2
4611,8646,0.01396213296,2
4611,8908,0.4198559999999999,2
4611,10061,0.0022420086911999,2
4611,10457,1.0,2
4611,12501,0.031488282,2
4611,13253,0.0197867553936,2
4611,14710,0.0249510567071999,2
4612,9296,1.0,2
4612,12436,0.35653,2
4613,9791,1.0,2
4613,10289,0.1246074999999999,2
4613,14885,0.337842,2
4614,7804,0.106644,2
4614,9394,1.0,2
4614,11632,0.023825275,2
4614,12853,0.2662079999999999,2
4614,14132,0.226194,2
4614,14382,0.3386939999999999,2
4616,10349,0.2162639999999999,2
4616,11053,0.4841999999999999,2
4617,14723,0.19227,2
4618,10168,0.467148,2
4618,10975,1.0,2
4619,8809,0.31155,2
4619,8810,1.0,2
4619,8868,0.423564,2
4619,8882,0.018585673,2
4619,8883,0.1015084950767999,2
4619,8886,0.016659638,2
4619,9595,0.0049268382816,2
4619,10166,0.0485579999999999,2
4619,10453,0.03015,2
4619,11612,0.44568,2
4620,8835,1.0,2
4620,11868,0.159384,2
4620,15353,0.3469739999999999,2
4621,9180,0.354162,2
4621,9181,1.0,2
4621,9802,0.229974,2
4622,7149,0.1694399999999999,2
4622,11193,0.47454,2
4622,12214,0.2224439999999999,2
4623,9347,0.0718979999999999,2
4624,10160,1.0,2
4625,8006,0.253715,2
4627,12401,0.0296691481632,2
4627,13569,0.23884,2
4628,8619,0.470556,2
4628,9977,0.259668,2
4628,12324,1.0,2
4629,8809,0.403345,2
4629,8810,0.080634,2
4629,8868,0.276504,2
4629,8883,1.0,2
4629,8886,0.0555239999999999,2
4629,10444,0.1597488,2
4629,13035,0.1597488,2
4630,8589,0.226842,2
4630,11056,1.0,2
4630,11167,0.121734,2
4630,11356,0.1085219999999999,2
4631,8497,0.016404,2
4631,11065,1.0,2
4631,13215,0.030528,2
4632,7584,0.2395499999999999,2
4632,7964,1.0,2
4632,14120,0.3886199999999999,2
4633,7411,1.0,2
4633,8472,0.264342,2
4633,9994,0.0420576,2
4634,7789,0.41148,2
4635,9340,1.0,2
4636,7074,0.048624,2
4636,7479,0.2537625,2
4636,12330,0.0140600185919999,2
4636,15486,0.011947209,2
4637,8270,1.0,2
4637,8934,0.0506024,2
4637,9626,0.0291630739632,2
4637,10401,0.468978,2
4638,8682,0.0006345247872,2
4638,9521,0.0539247999999999,2
4638,9568,1.0,2
4638,11084,0.040721902656,2
4638,12580,0.0275365912703999,2
4638,13357,0.0174078960864,2
4638,14186,0.0164427500159999,2
4638,14363,0.0133227689375999,2
4638,14778,0.116184,2
4638,15145,0.0178143559296,2
4638,15146,0.0411496162944,2
4639,8102,0.0260759469888,2
4639,8406,0.0108914028192,2
4639,8464,0.0495464,2
4639,8465,0.0495464,2
4639,8518,0.0662216,2
4639,9649,0.0013023766704,2
4639,10072,1.0,2
4639,10464,0.0203801965248,2
4639,11445,0.1400352,2
4639,12791,0.02060153976,2
4639,13845,0.0314657230128,2
4640,11599,1.0,2
4641,8486,0.51651,2
4641,10662,0.2041839653184,2
4641,15029,0.1244079347903999,2
4642,7587,1.0,2
4643,7421,1.0,2
4643,11397,0.279966,2
4645,7061,0.360174,2
4645,8504,1.0,2
4645,11157,0.21822,2
4646,7558,0.44625,2
4646,9426,0.41664,2
4647,8141,0.2990939999999999,2
4647,8900,0.0421448,2
4647,10956,1.0,2
4647,12011,0.4851479999999999,2
4647,14421,0.441918,2
4647,15193,0.0146112650016,2
4647,15256,0.0173301103392,2
4647,15441,0.0024482757216,2
4647,15442,0.0008256166319999,2
4648,10491,0.37584,2
4648,11264,0.485175,2
4649,8833,0.0327479999999999,2
4649,9299,0.020597690592,2
4649,9794,0.0095201336736,2
4649,10032,0.0035903803295999,2
4649,10236,0.0207665927999999,2
4649,11165,0.021240728424,2
4649,11207,0.590058,2
4649,11521,0.0142127442335999,2
4649,11524,0.017189352,2
4649,11541,0.0198884033808,2
4649,11544,0.0107830875744,2
4649,11559,0.0057083383008,2
4649,11619,0.009353226,2
4649,11620,0.0112819956383999,2
4649,11622,0.0074636504208,2
4649,11625,0.0185912698368,2
4649,12936,0.45513,2
4649,12949,0.29796,2
4649,12952,0.434616,2
4649,12953,0.427428,2
4650,9677,1.0,2
4651,9065,1.0,2
4652,10077,0.432684,2
4652,10714,1.0,2
4652,13220,0.155604,2
4652,13764,0.0120479999999999,2
4652,14316,0.2402999999999999,2
4652,14511,0.267168,2
4653,7480,1.0,2
4653,8655,0.0867592,2
4654,8231,0.242965452044,2
4654,9691,0.0230672587727999,2
4654,10140,0.038149499,2
4654,12465,0.7937648,2
4655,6717,0.5727968,2
4655,7059,0.0896792,2
4655,7415,0.0184495224576,2
4655,8081,0.026432663,2
4655,8374,0.360776,2
4655,8471,0.0567791378208,2
4655,9786,1.0,2
4655,10299,0.6741784000000001,2
4655,10962,0.0901584,2
4655,12827,0.2587311689663999,2
4656,7791,0.4942799999999999,2
4656,8445,1.0,2
4657,10235,0.333108,2
4659,8053,0.4911959999999999,2
4659,9126,0.1992119999999999,2
4659,9434,1.0,2
4660,9062,0.01899,2
4660,9374,0.0263167699,2
4660,10590,1.0,2
4660,10890,0.088156,2
4661,8305,0.59733,2
4661,9840,0.2216336,2
4661,10775,0.054852,2
4661,12044,0.010152,2
4661,12166,0.0787960640064,2
4661,12231,0.0275401986912,2
4661,12285,0.0217057905839999,2
4661,12536,0.1277380820928,2
4661,14305,0.014353561656,2
4661,14439,0.0240973347936,2
4661,14901,0.022607216,2
4661,15085,0.0146353637567999,2
4661,15109,0.0741444180096,2
4661,15222,0.363276,2
4662,9152,1.0,2
4663,10798,0.0647875,2
4664,11441,0.0629999999999999,2
4665,8258,0.4624739999999999,2
4665,8311,0.47484,2
4665,15371,0.140934,2
4666,7739,1.0,2
4666,14116,0.284712,2
4667,9267,1.0,2
4667,11952,0.132312,2
4668,7748,0.02223,2
4668,9242,0.457638,2
4668,10862,0.4730759999999999,2
4668,12161,0.538434,2
4668,14741,0.354102,2
4668,15174,1.0,2
4669,10727,0.2673925,2
4671,8054,0.0839424,2
4671,8161,0.277194,2
4671,8416,0.0150995589119999,2
4671,10115,1.0,2
4671,12036,0.0564808359839999,2
4672,8600,0.327696,2
4673,7581,0.06074,2
4673,7856,0.015025078,2
4673,8526,0.0183402843456,2
4673,9784,0.7882192,2
4673,13091,0.0862024,2
4674,7441,1.0,2
4677,14422,0.2668919999999999,2
4678,9661,1.0,2
4678,14944,0.26616,2
4679,12067,0.3434574999999999,2
4680,7755,0.1150979999999999,2
4680,8822,0.4133575,2
4682,8405,1.0,2
4683,7764,0.591036,2
4683,10547,0.269688,2
4684,8188,0.17301,2
4685,7949,0.1618025,2
4686,8649,1.0,2
4686,10530,0.1361879999999999,2
4686,15430,0.190014,2
4687,13784,0.0146836831872,2
4688,7769,1.0,2
4688,11877,0.53535,2
4688,14190,0.564912,2
4689,8615,1.0,2
4690,7573,0.5334359999999999,2
4690,9321,0.151464,2
4691,8761,0.0107574999999999,2
4692,9741,0.421055,2
4694,9725,0.185874,2
4694,10894,0.39798,2
4694,13175,0.040485856,2
4695,11189,0.4164875,2
4695,11327,0.2707724999999999,2
4696,7416,1.0,2
4696,9668,0.350586,2
4696,11789,0.51984,2
4697,14745,0.563844,2
4697,14746,0.520524,2
4698,10780,0.534042,2
4699,11587,0.21219,2
4699,11604,0.196482,2
4700,8738,0.021006446,2
4700,12089,0.01760072,2
4701,8470,0.0330677371296,2
4701,10580,0.0612488,2
4701,11543,0.196122,2
4702,10454,0.4580639999999999,2
4702,11252,1.0,2
4702,13638,0.312552,2
4702,15007,0.501996,2
4703,8005,1.0,2
4703,10992,0.157728,2
4703,11285,1.0,2
4704,7476,0.523284,2
4704,14071,0.193206,2
4705,6720,0.1800574999999999,2
4705,7854,0.51147,2
4706,9686,1.0,2
4707,8513,0.265968,2
4707,12611,0.412255,2
4708,10195,0.2502324999999999,2
4708,11175,0.3423299999999999,2
4708,11246,0.2290319999999999,2
4709,8256,0.52596,2
4709,8725,1.0,2
4709,12026,0.4991219999999999,2
4709,12605,0.271326,2
4709,13219,0.1111439999999999,2
4709,14721,0.042282,2
4709,14878,0.429444,2
4710,7871,1.0,2
4711,7085,0.18783,2
4711,13628,0.5337959999999999,2
4712,10123,1.0,2
4713,7416,0.3451439999999999,2
4713,9668,1.0,2
4713,11789,0.510606,2
4716,13838,0.1515375,2
4717,7753,0.53298,2
4717,10802,1.0,2
4718,9948,0.33615,2
4718,10100,0.2097659999999999,2
4718,11262,0.175818,2
4718,14114,0.0130685702687999,2
4719,8192,0.089004,2
4720,11213,0.292825,2
4722,10353,0.268695,2
4723,8390,1.0,2
4723,10894,0.1569328,2
4724,10159,1.0,2
4724,11169,0.576738,2
4724,13500,0.0871979999999999,2
4726,9472,0.572676,2
4727,7685,1.0,2
4727,13400,0.3951479999999999,2
4727,14616,0.522396,2
4728,7056,0.507714,2
4728,11154,1.0,2
4728,12366,0.2171759999999999,2
4728,12483,0.510474,2
4730,9414,0.5818559999999999,2
4730,9502,0.337146,2
4730,10829,1.0,2
4730,13540,0.301734,2
4731,7914,1.0,2
4732,7701,1.0,2
4733,7155,0.0812824,2
4733,7352,0.598824,2
4733,7857,0.00056218752,2
4733,9948,0.0480784,2
4733,10100,0.0275717123616,2
4733,10197,0.024295897,2
4733,10565,0.0258094589759999,2
4733,11177,0.0780816,2
4733,12512,0.1871699999999999,2
4733,13227,0.038784,2
4733,13662,0.53442,2
4733,14114,0.0011175343295999,2
4733,14707,0.0429277833216,2
4734,8748,1.0,2
4734,9097,0.525168,2
4734,12240,0.038304,2
4734,14209,0.118722,2
4735,7536,0.4732799999999999,2
4735,9612,0.58017,2
4735,10308,0.28917,2
4735,14496,0.063012631,2
4737,7723,0.404514,2
4737,9671,1.0,2
4737,10692,0.584208,2
4737,11134,0.2312219999999999,2
4737,13059,0.4249019999999999,2
4737,13656,0.063054,2
4737,13864,0.352902,2
4738,8102,0.0939096,2
4738,8406,0.0512376,2
4738,8464,0.20726,2
4738,8465,0.1519088,2
4738,8518,0.0670488,2
4738,9633,1.0,2
4738,9649,0.0039930747168,2
4738,10072,0.032059326,2
4738,10193,0.00102555768,2
4738,10464,0.0211808212704,2
4738,11445,0.1293056,2
4738,12791,0.020858882,2
4738,13845,0.0318587737103999,2
4739,6717,0.492684,2
4739,7059,0.0428048,2
4739,7415,0.0088061458943999,2
4739,8081,0.000376254192,2
4739,8374,1.0,2
4739,8471,0.053696242,2
4739,9786,0.3611104,2
4739,10299,0.5965008,2
4739,12827,0.183174379752,2
4740,7079,0.3131549999999999,2
4740,7336,0.009636509,2
4740,10107,0.2467259999999999,2
4740,10982,0.02471000628,2
4741,10239,1.0,2
4742,7490,0.0086792428896,2
4742,7500,0.1209624999999999,2
4742,7868,0.0901496,2
4742,8211,1.0,2
4742,12311,0.0286010423952,2
4742,14851,0.0179204783855999,2
4743,14173,0.568662,2
4744,8270,0.0506024,2
4744,8749,0.3510352,2
4744,8934,1.0,2
4744,9626,0.576318,2
4744,10401,0.164462162952,2
4746,8787,1.0,2
4746,15476,0.52059,2
4747,7440,1.0,2
4747,9849,0.0412504,2
4747,13495,0.2679225,2
4748,9039,1.0,2
4750,12700,0.1943849999999999,2
4751,7680,0.0420408,2
4751,8048,0.0068767317648,2
4751,8510,0.111048,2
4751,9109,0.0146324245007999,2
4751,11500,0.0438472,2
4751,11903,0.0191342815488,2
4751,14835,0.0151782,2
4752,10326,0.489825,2
4752,11776,0.088506,2
4753,7480,0.0867592,2
4753,8655,1.0,2
4756,7545,0.27775,2
4756,9613,0.4795979999999999,2
4757,8752,1.0,2
4759,10893,0.0314430063099999,2
4760,8161,0.4615859999999999,2
4760,10115,1.0,2
4760,12036,0.0315047558879999,2
4761,7361,1.0,2
4761,13515,0.197082,2
4762,8306,1.0,2
4763,7364,1.0,2
4764,9997,1.0,2
4764,10173,0.38877,2
4765,6726,1.0,2
4766,7846,1.0,2
4766,12519,0.1810919999999999,2
4767,9756,1.0,2
4768,10113,1.0,2
4768,13566,0.50001,2
4768,14031,0.4427999999999999,2
4768,14612,0.50502,2
4768,15008,0.430566,2
4768,15134,0.2188139999999999,2
4768,15508,0.5526059999999999,2
4769,7909,1.0,2
4769,12563,0.201948,2
4770,8148,0.37017,2
4770,9805,1.0,2
4770,12998,0.305772,2
4771,10422,1.0,2
4771,10683,0.4131239999999999,2
4772,8191,0.4606288,2
4772,11354,1.0,2
4773,7804,1.0,2
4773,12308,0.2341679999999999,2
4773,12853,0.311472,2
4773,13397,0.513714,2
4774,9422,0.377256,2
4774,12392,0.209514,2
4775,7583,1.0,2
4775,8489,0.0132066045312,2
4775,8914,0.0686376,2
4775,9031,0.0038332726848,2
4775,9044,0.024948039168,2
4775,9397,0.0567104,2
4775,12594,0.0179781041664,2
4775,12726,0.0085367328623999,2
4776,9026,1.0,2
4776,9417,0.0517139999999999,2
4776,12550,0.132066,2
4776,14888,0.419994,2
4777,7514,0.0320372340815999,2
4777,7515,0.0537496,2
4777,7680,0.077692,2
4777,8048,0.0126976570416,2
4777,8510,1.0,2
4777,9109,0.0270182863536,2
4777,11500,0.0809624,2
4777,11903,0.035360426112,2
4777,14835,0.02804953122,2
4778,7153,0.226932,2
4778,8082,0.02920633968,2
4778,8919,0.0207214321584,2
4778,9019,0.078304,2
4778,10015,0.025017088,2
4778,10285,0.0219168197759999,2
4778,10496,0.0480952,2
4778,11191,1.0,2
4779,13838,0.1668775,2
4780,9895,1.0,2
4780,12754,0.0303481102367999,2
4780,12831,0.038334,2
4780,12889,0.50907,2
4780,14653,0.134628,2
4780,15378,0.3321725,2
4782,8803,0.0231776829696,2
4782,8804,0.0060761451647999,2
4782,8885,0.0149974185407999,2
4782,9299,0.019359295,2
4782,9794,0.0318111323904,2
4782,9898,0.019549084,2
4782,10032,0.27075,2
4782,10236,0.02183358927,2
4782,11165,0.070975014,2
4782,11202,0.0534176,2
4782,11476,0.0203709858095999,2
4782,11520,1.0,2
4782,11521,0.0474912962303999,2
4782,11524,0.057437509,2
4782,11537,0.025528706,2
4782,11541,0.0664562762112,2
4782,11544,0.0121430193168,2
4782,11559,0.0064282573776,2
4782,11618,0.4716239999999999,2
4782,11619,0.065424,2
4782,11620,0.065424,2
4782,11621,0.14862,2
4782,11622,0.124794,2
4782,11623,1.0,2
4782,11625,0.0621219581952,2
4782,12945,0.020884253,2
4782,15252,0.003307445808,2
4783,9000,0.457932,2
4783,10731,1.0,2
4783,10732,0.489078,2
4784,9025,0.345945,2
4785,7611,1.0,2
4786,8512,0.598794,2
4786,12088,0.591204,2
4787,10776,1.0,2
4788,7797,1.0,2
4788,8830,0.0482032,2
4789,9896,1.0,2
4790,9521,0.3599459999999999,2
4790,11129,0.1412639999999999,2
4790,12580,0.1382819999999999,2
4790,12905,0.1966679999999999,2
4790,13357,0.526854,2
4790,15433,0.3756725,2
4791,8759,0.274842,2
4791,9706,0.3664559999999999,2
4791,11488,0.1451579999999999,2
4792,9896,0.0443728,2
4793,8136,1.0,2
4794,8054,0.116694,2
4794,8416,1.0,2
4795,11133,0.554652,2
4796,9913,1.0,2
4798,6728,1.0,2
4798,7133,0.3682025,2
4799,13000,0.004400588304,2
4801,8151,0.4319699999999999,2
4801,8786,0.424014,2
4801,9610,1.0,2
4801,13204,0.1623599999999999,2
4801,14644,0.1188119999999999,2
4801,15039,0.170412,2
4802,7899,0.454782,2
4802,8031,1.0,2
4803,7680,1.0,2
4803,8510,0.0825336,2
4803,11903,0.455136,2
4803,14835,0.361035,2
4804,9357,0.4979099999999999,2
4804,9561,0.4205625,2
4805,9147,0.559968,2
4805,9862,0.554142,2
4805,11097,0.2637299999999999,2
4806,12969,0.0120844612223999,2
4806,12970,0.0097500062016,2
4806,12972,0.0048648725663999,2
4806,12973,0.0033076194816,2
4807,9896,1.0,2
4808,7058,1.0,2
4808,9942,0.4888619999999999,2
4808,12706,0.151722,2
4809,8665,1.0,2
4809,11661,0.4090979999999999,2
4809,12615,0.406788,2
4809,12852,0.5454239999999999,2
4809,14244,0.49287,2
4809,15099,0.3197219999999999,2
4810,7843,0.582402,2
4810,10150,1.0,2
4812,7836,0.5359499999999999,2
4812,12583,0.213132,2
4813,7880,1.0,2
4813,8616,0.3558179999999999,2
4813,8688,0.07482,2
4813,10217,0.169422,2
4814,9688,1.0,2
4814,10314,0.21945,2
4815,8110,0.410124,2
4815,10503,1.0,2
4816,8887,1.0,2
4816,10651,0.0158496117408,2
4817,7125,1.0,2
4817,11080,0.272142,2
4818,8642,1.0,2
4818,8675,0.2475899999999999,2
4818,10376,0.3860925,2
4819,7558,0.05427,2
4820,10374,0.0314279999999999,2
4820,10673,1.0,2
4820,12745,0.3541559999999999,2
4820,14151,0.521658,2
4820,14558,0.274122,2
4820,14606,0.220842,2
4822,14866,0.2921975,2
4823,12383,0.4911299999999999,2
4824,7866,1.0,2
4824,12855,0.549246,2
4826,8136,1.0,2
4827,10886,1.0,2
4829,10458,1.0,2
4829,14291,0.181962,2
4831,10612,1.0,2
4831,12287,0.49365,2
4831,13266,0.144636,2
4831,14266,0.5058119999999999,2
4832,7098,0.0556944,2
4832,10523,0.5562659999999999,2
4832,10524,1.0,2
4832,12223,0.0268195269312,2
4832,12228,0.465174,2
4832,13202,0.2983379999999999,2
4832,13924,0.196938,2
4832,14665,0.146886,2
4832,14880,0.317142,2
4833,7468,0.1170239999999999,2
4833,11741,0.488562,2
4833,11855,0.580596,2
4833,12881,0.011046,2
4834,7491,0.2053725,2
4835,8610,1.0,2
4836,10333,1.0,2
4837,7881,0.502752,2
4837,11517,1.0,2
4837,14532,0.201846,2
4840,10971,1.0,2
4841,9019,0.0499096,2
4841,9972,0.4963439999999999,2
4841,10285,0.0139693975823999,2
4843,10021,0.4685775,2
4843,15170,0.0502379999999999,2
4844,8232,1.0,2
4844,10212,0.484056,2
4845,9237,1.0,2
4846,9170,0.0114846726383999,2
4846,9812,1.0,2
4847,9051,0.042618,2
4848,9775,1.0,2
4848,14452,0.044346,2
4849,7603,0.153102,2
4849,8871,0.272958,2
4849,8872,0.35685,2
4849,10245,0.3034139999999999,2
4849,10997,0.357564,2
4849,10998,0.26796,2
4850,11504,0.243415,2
4852,9051,0.411135,2
4853,8821,0.4928219999999999,2
4853,10906,1.0,2
4853,12277,0.4524479999999999,2
4854,10182,0.49599,2
4854,10806,1.0,2
4854,12056,0.3223379999999999,2
4855,11475,0.0184235904336,2
4856,8272,1.0,2
4857,10664,1.0,2
4858,9036,0.574842,2
4858,11647,0.0157559999999999,2
4858,15401,0.3288075,2
4859,8188,0.43647,2
4859,12635,0.400584,2
4860,10361,1.0,2
4861,15043,0.31878,2
4861,15486,0.15011,2
4862,8554,1.0,2
4862,8569,0.0097274258928,2
4862,10315,0.494058,2
4862,15059,0.385746,2
4864,9794,0.1361024767872,2
4864,9898,0.0736559999999999,2
4864,10032,0.0933566274432,2
4864,11165,0.3578099999999999,2
4864,11521,0.1699301273472,2
4864,11524,0.584514,2
4864,11537,0.1650539999999999,2
4864,11541,1.0,2
4864,11619,0.408174,2
4864,11620,0.451578,2
4864,11622,0.1212778933343999,2
4864,11623,0.0103231994976,2
4864,11625,0.3203376,2
4864,12945,0.066036865,2
4866,8331,0.39189,2
4868,10576,1.0,2
4869,12966,0.237348,2
4869,15350,0.3015474999999999,2
4870,10841,0.28186,2
4871,8344,0.3630075,2
4871,12548,0.0071759999999999,2
4872,11175,0.2784975,2
4872,11246,1.0,2
4873,7453,0.007332,2
4874,10291,0.309924,2
4874,11386,1.0,2
4874,12149,0.568482,2
4875,9390,0.225906,2
4876,9948,0.060414215,2
4876,10100,0.0468748492128,2
4876,11262,1.0,2
4876,14114,0.0013475383584,2
4877,7611,1.0,2
4879,7315,0.05015913,2
4879,10712,0.505002,2
4880,9096,0.285954,2
4880,9123,0.2113875,2
4880,9781,0.4958459999999999,2
4881,7685,1.0,2
4881,9910,0.0384719999999999,2
4881,13400,0.465066,2
4881,14616,0.592314,2
4882,7723,0.2750939999999999,2
4882,11134,0.4665299999999999,2
4882,13656,0.547308,2
4883,7804,0.1517339999999999,2
4883,9394,0.544134,2
4883,12853,0.311298,2
4883,14132,0.181104,2
4883,14382,0.293604,2
4884,8332,1.0,2
4884,9698,0.046252,2
4884,15319,0.015732965,2
4885,7963,1.0,2
4886,7048,0.0502943999999999,2
4886,8948,0.044964,2
4886,12937,0.4218925,2
4886,14408,0.0025116017472,2
4888,10928,1.0,2
4889,7596,0.221334,2
4890,7152,1.0,2
4890,9191,0.174732,2
4891,7597,1.0,2
4891,13624,0.5769,2
4891,13740,0.3006899999999999,2
4892,7750,0.0127832394815999,2
4892,11277,1.0,2
4892,11552,0.0494256,2
4893,11455,0.55899,2
4893,14047,0.54114,2
4894,8002,0.7359264,2
4894,12529,0.2428097165999999,2
4895,8730,1.0,2
4895,12416,0.1960575,2
4896,11574,1.0,2
4897,9562,1.0,2
4897,14118,0.0048089483376,2
4898,7820,1.0,2
4899,9842,1.0,2
4899,11201,0.263574,2
4899,14454,0.099048,2
4900,7157,1.0,2
4900,11396,0.3859225,2
4901,7849,1.0,2
4902,7105,1.0,2
4902,9728,0.055602,2
4902,12163,0.365652,2
4903,8018,0.0445856,2
4903,8347,0.7015312,2
4903,9252,0.057384,2
4903,10035,0.2262359999999999,2
4903,10874,1.0,2
4903,12668,0.016095852,2
4903,12739,0.1427419563264,2
4903,12803,0.341592,2
4903,13395,0.0333072983136,2
4903,14409,0.006983174,2
4903,14789,0.0095827171199999,2
4904,8095,0.143565,2
4904,8926,0.411475,2
4904,9099,0.0555395653247999,2
4904,10380,0.0811831353024,2
4904,12120,0.0174804170544,2
4904,12551,0.1612453213,2
4904,12638,0.4300592,2
4905,14242,0.0045163054656,2
4906,11460,1.0,2
4906,12531,0.544986,2
4906,14791,0.215202,2
4907,9020,0.4169339999999999,2
4907,9047,0.569328,2
4907,11328,1.0,2
4908,10393,1.0,2
4909,11095,1.0,2
4909,14860,0.0637799999999999,2
4910,8682,0.0004017148032,2
4910,9521,1.0,2
4910,9568,0.0518952,2
4910,9945,0.0144051298271999,2
4910,11084,0.0257808543359999,2
4910,11974,0.0052834565376,2
4910,12580,0.511782,2
4910,12764,0.0229986687168,2
4910,12979,0.0141735428928,2
4910,13357,0.321684,2
4910,14186,0.3060539999999999,2
4910,14363,0.248196,2
4910,14778,0.0060293919168,2
4910,15145,0.0112781890176,2
4910,15146,0.0260516379263999,2
4912,9495,1.0,2
4913,9621,0.574164,2
4913,9622,0.2104575,2
4913,11159,0.1789559999999999,2
4915,11184,0.2482919999999999,2
4916,7107,1.0,2
4919,7512,0.3187425,2
4920,7716,0.4633925,2
4920,7907,0.180396,2
4920,9573,0.150174,2
4920,10029,0.4529879999999999,2
4920,10728,0.2425859999999999,2
4920,12873,0.3719459999999999,2
4920,14334,0.0105875941248,2
4920,15156,0.0068702434944,2
4921,9144,0.296838,2
4921,9916,1.0,2
4922,7896,0.225462,2
4922,8173,0.0729056,2
4922,8394,0.133752,2
4922,8646,0.432312,2
4922,10061,1.0,2
4922,12092,0.4349039999999999,2
4922,12501,0.0154886489088,2
4922,13253,0.0046599801408,2
4922,14231,0.39429,2
4922,14597,0.572814,2
4922,14710,0.0095727969024,2
4922,15279,0.375672,2
4923,9069,0.0392341233792,2
4923,10629,0.0753104,2
4923,10905,1.0,2
4923,12709,0.2870275,2
4924,9794,0.001387250496,2
4924,9898,0.2988059999999999,2
4924,10032,0.017713548,2
4924,11165,0.055146,2
4924,11520,0.065424,2
4924,11521,0.000701476128,2
4924,11524,0.495876,2
4924,11537,0.3902039999999999,2
4924,11541,0.376608,2
4924,11618,0.0308555285759999,2
4924,11619,1.0,2
4924,11620,1.0,2
4924,11621,0.009723315,2
4924,11622,0.008164522656,2
4924,11623,0.065424,2
4924,12945,0.015864067,2
4926,7710,1.0,2
4928,9001,0.4621619999999999,2
4928,9743,1.0,2
4929,12893,0.0096610418352,2
4929,13282,0.2228899999999999,2
4932,10629,1.0,2
4933,11301,0.061104,2
4933,11462,1.0,2
4933,13500,0.325158,2
4933,14720,0.182694,2
4934,11147,0.1842359999999999,2
4934,11482,1.0,2
4934,12222,0.467682,2
4934,12573,0.0416339999999999,2
4934,14220,0.572388,2
4934,14738,0.10707,2
4934,15183,0.128832,2
4936,8060,1.0,2
4937,9910,0.0631919999999999,2
4937,10243,0.566052,2
4937,10871,1.0,2
4937,10989,0.1005479999999999,2
4937,13053,0.2045579999999999,2
4939,8138,1.0,2
4940,7876,1.0,2
4940,8308,0.3426,2
4940,11078,0.2072939999999999,2
4941,8130,1.0,2
4941,8361,0.4724579999999999,2
4942,9834,1.0,2
4945,9364,0.4414925,2
4947,14697,0.3702175,2
4948,10005,0.339504,2
4948,14380,0.482904,2
4949,9741,0.41136,2
4950,12004,0.335925,2
4950,12300,0.0568670139648,2
4950,14082,0.392022,2
4950,14325,0.0119317148495999,2
4952,11268,1.0,2
4953,7331,0.25422,2
4953,10541,0.253194,2
4953,11680,0.3323339999999999,2
4954,9547,0.363732,2
4954,10121,0.1358639999999999,2
4954,15180,0.537546,2
4956,8999,0.00726404409,2
4956,9871,0.0410384,2
4956,12987,0.0083991651744,2
4957,7540,0.0688496,2
4957,7838,0.0077956865999999,2
4957,7940,0.4099625,2
4957,9159,0.1886159999999999,2
4957,9601,0.0663,2
4957,10078,0.0324582981408,2
4957,10502,0.331386,2
4957,13186,0.0272206532544,2
4957,15404,0.0325372193664,2
4957,15500,0.52251,2
4958,11428,1.0,2
4959,8411,1.0,2
4959,11049,0.2132639999999999,2
4960,8161,0.01259126,2
4960,8945,0.0583736,2
4960,10115,0.045424,2
4961,7452,1.0,2
4961,10152,0.1903174999999999,2
4961,12355,0.270018,2
4962,9545,1.0,2
4963,8999,0.01732156414,2
4963,9412,0.1862349999999999,2
4963,9583,0.10266,2
4963,9871,0.0774328,2
4963,10327,0.03766041036,2
4963,10735,0.0104819999999999,2
4963,12987,0.0156296056224,2
4963,15270,0.058444133,2
4964,9637,0.1107779999999999,2
4964,13838,0.0290425,2
4965,8682,1.0,2
4965,8683,0.4055375,2
4965,11084,0.296328,2
4965,13796,0.0739079999999999,2
4965,14670,0.116874,2
4965,15145,0.3883139999999999,2
4966,14766,0.02835,2
4967,7120,0.0590376,2
4967,8000,1.0,2
4967,11192,0.0239576942304,2
4967,14629,0.272514,2
4968,11575,0.302298,2
4968,11576,0.21522,2
4968,11601,1.0,2
4969,13411,0.0538379999999999,2
4970,7572,0.591954,2
4970,11501,0.172644,2
4971,14640,0.289782,2
4971,14975,0.01545,2
4972,10413,0.13164,2
4972,11422,0.0935759999999999,2
4972,12226,0.38169,2
4972,12232,0.532578,2
4972,12859,0.3251639999999999,2
4972,14992,0.1834019999999999,2
4972,15435,0.2289839999999999,2
4973,7315,0.434718,2
4973,7316,1.0,2
4974,8390,1.0,2
4974,10894,0.0523272,2
4975,8699,0.3577019999999999,2
4975,10665,1.0,2
4975,13905,0.58179,2
4976,8865,1.0,2
4977,9199,0.226435,2
4977,10756,1.0,2
4977,12027,0.258222,2
4977,15132,0.301308,2
4978,7852,1.0,2
4978,12930,0.4634999999999999,2
4980,7120,0.511296,2
4980,11192,0.58194,2
4980,14629,0.0439319999999999,2
4981,10855,1.0,2
4981,14457,0.0053339999999999,2
4982,9822,1.0,2
4982,9823,0.506346,2
4983,10400,1.0,2
4984,9683,0.215274,2
4984,13938,0.36904,2
4985,8101,0.022984419,2
4985,11228,0.0653152,2
4985,11230,0.0265661411599999,2
4985,11435,0.520446,2
4985,11631,0.0790896,2
4985,12596,0.010343968224,2
4986,10965,1.0,2
4987,10405,1.0,2
4987,14238,0.563646,2
4987,14884,0.588012,2
4988,7590,1.0,2
4989,8054,0.154068,2
4989,8416,1.0,2
4990,10470,1.0,2
4992,8367,0.045768,2
4992,9175,1.0,2
4993,9269,1.0,2
4994,6717,0.0405544,2
4994,7059,0.027547997,2
4994,7415,0.0577272,2
4994,8081,0.041027268,2
4994,8374,0.0784744,2
4994,8471,0.0814880201951999,2
4994,9139,0.0974592,2
4994,9303,0.0840552,2
4994,9304,0.018360598,2
4994,9786,0.0633864,2
4994,10299,0.0772912,2
4994,10332,0.038493046,2
4994,10962,0.0494512,2
4994,12827,0.0182781925152,2
4995,7967,1.0,2
4996,7741,0.252138,2
4996,7844,0.554268,2
4996,8624,1.0,2
4996,15236,0.4016524999999999,2
4997,7746,1.0,2
4997,8148,0.0411008,2
4997,8324,1.0,2
4997,9805,0.0153257485056,2
4999,10361,1.0,2
5000,7976,0.1777248,2
5000,8389,1.0,2
5000,8506,0.022880482,2
5000,9713,0.0133527232512,2
5000,11429,0.0663784,2
5000,12055,0.0497056,2
5000,12101,0.0028851959135999,2
5000,12125,0.0330194040528,2
5001,8305,0.032352349,2
5001,12044,0.1230419999999999,2
5001,12231,0.508482,2
5001,15222,0.0196756094016,2
5002,11981,0.33025,2
5003,7824,1.0,2
5003,10693,0.0293193441216,2
5003,11330,0.0081457781184,2
5004,12727,0.021192,2
5005,7908,1.0,2
5006,10567,1.0,2
5007,6716,1.0,2
5008,7981,1.0,2
5009,8406,0.0416648,2
5009,8464,0.1385296,2
5009,8465,0.1305832,2
5009,8492,0.006626693988,2
5009,9633,0.1263592,2
5009,9649,0.0034325099952,2
5009,10072,0.029672425776,2
5009,10193,0.0483048,2
5009,10464,0.0196038540096,2
5009,11445,0.1362728,2
5010,7797,0.0482032,2
5010,8830,1.0,2
5011,10905,1.0,2
5011,12709,0.2409525,2
5012,7778,1.0,2
5012,8720,0.2023674999999999,2
5012,14276,0.094782,2
5013,9056,1.0,2
5014,7994,0.1919124999999999,2
5014,10519,0.1321139999999999,2
5015,9929,0.0695699999999999,2
5015,11901,0.478728,2
5015,12038,0.39069,2
5015,12061,0.058614,2
5015,12497,0.238182,2
5015,14683,0.589626,2
5015,14760,0.177018,2
5016,10258,1.0,2
5017,7332,0.0403,2
5017,8232,0.31035,2
5017,8993,0.0018874908,2
5017,12847,0.0190594014,2
5018,8966,1.0,2
5019,10210,0.0497056,2
5019,10574,0.486654,2
5019,14562,1.0,2
5020,10960,1.0,2
5021,7779,0.0124439999999999,2
5021,10528,1.0,2
5022,11276,0.4656,2
5025,8795,1.0,2
5025,9306,0.4980839999999999,2
5026,11101,1.0,2
5026,12903,0.5027699999999999,2
5026,15353,0.05841,2
5027,13356,1.0,2
5028,11597,0.516834,2
5029,7785,1.0,2
5029,14436,0.0434039999999999,2
5030,11690,0.02181667926,2
5031,7904,0.024839208144,2
5031,7997,0.0746784,2
5031,8208,0.0243149883263999,2
5031,8249,0.519108,2
5031,8826,0.0113390383247999,2
5031,9081,0.0879552,2
5031,9861,0.0137862300671999,2
5031,9910,0.000544116528,2
5031,10153,0.0210204756288,2
5031,10243,0.0530328,2
5031,10262,0.0191383699968,2
5031,10871,0.0306938997216,2
5031,10989,0.008139474,2
5031,11027,0.0407739583296,2
5031,11181,1.0,2
5031,11322,0.25089,2
5031,13053,0.0080411513328,2
5031,13649,0.0312421567104,2
5031,14315,0.0210021046992,2
5032,8759,0.511692,2
5032,9706,1.0,2
5032,11488,0.382008,2
5033,14052,0.21522,2
5035,11086,1.0,2
5035,12482,0.2942639999999999,2
5036,11288,0.513774,2
5036,11578,0.58209,2
5036,12614,0.392814,2
5036,13892,0.19335,2
5038,8050,0.0393659999999999,2
5038,8057,1.0,2
5038,9149,0.428892,2
5039,7983,1.0,2
5039,10022,0.430704,2
5039,12982,0.327126,2
5040,7832,1.0,2
5040,8012,0.2238687999999999,2
5040,8891,0.523848,2
5040,9803,0.383245,2
5040,12840,0.088960983744,2
5040,13590,0.04295781612,2
5040,14039,0.1047088106111999,2
5041,7572,0.0202181083776,2
5041,10312,0.0406368,2
5041,11501,0.096732,2
5042,10186,1.0,2
5042,12060,0.35109,2
5043,10301,1.0,2
5044,8013,1.0,2
5045,12083,0.294804,2
5046,7137,0.3812159999999999,2
5046,8495,0.0120238787519999,2
5046,10200,0.484116,2
5046,11025,0.062012,2
5046,13528,0.025652814,2
5046,15292,0.023219897304,2
5047,11749,0.0432004103999999,2
5047,12724,0.07548,2
5048,9869,1.0,2
5049,8904,1.0,2
5050,7749,1.0,2
5052,8610,1.0,2
5052,11748,0.199764,2
5053,9451,1.0,2
5055,7059,0.0454974861888,2
5055,7415,0.0894208123008,2
5055,8081,0.1690464,2
5056,8057,1.0,2
5056,9149,0.248238,2
5057,7429,0.2567399999999999,2
5058,7886,0.2936438762399999,2
5058,8785,0.0629771427503999,2
5058,10757,1.0,2
5058,13600,0.2383079999999999,2
5059,8461,1.0,2
5061,8406,0.0037705636223999,2
5061,8492,1.0,2
5061,10193,0.056976,2
5061,11445,0.0493424,2
5062,13004,0.198195,2
5063,7361,1.0,2
5063,11127,0.095868,2
5064,7540,0.05864,2
5064,7838,0.0062592190895999,2
5064,7940,1.0,2
5064,8169,0.0653936,2
5064,8772,0.0267445437408,2
5064,9159,0.0185056438847999,2
5064,9601,0.0539888,2
5064,10078,0.0276321157055999,2
5064,10209,0.0479344,2
5064,10417,0.0124841613888,2
5064,10502,0.0325132083408,2
5064,12554,0.0319759009536,2
5064,13044,0.0224428038912,2
5064,13186,0.02318414496,2
5064,14354,0.031930117008,2
5064,14754,0.0045602125872,2
5064,15159,0.0379339118496,2
5064,15404,0.27783,2
5064,15500,0.051264919128,2
5065,10211,1.0,2
5066,6703,0.004872122112,2
5066,7770,0.223824,2
5066,8071,1.0,2
5066,8554,0.0265058933472,2
5066,8569,0.0042894183024,2
5066,10315,0.02827102,2
5066,10494,0.074464,2
5066,10706,0.0573056,2
5066,11048,0.0977519999999999,2
5066,12171,0.0243826159104,2
5066,15059,0.014117627256,2
5066,15366,0.0226439999999999,2
5067,10014,1.0,2
5067,13903,0.0479579999999999,2
5067,14643,0.1688579999999999,2
5069,7055,0.3180024999999999,2
5069,10873,0.327415,2
5070,7742,1.0,2
5070,11349,0.1202939999999999,2
5070,15357,0.279672,2
5071,9842,0.265368,2
5071,11010,0.27327,2
5071,11201,1.0,2
5071,12356,0.0511619999999999,2
5071,14454,0.43785,2
5072,9365,0.3264249999999999,2
5073,11998,0.062994,2
5073,13925,0.474408,2
5073,14495,0.527514,2
5073,15147,0.369222,2
5073,15213,0.116388,2
5074,10494,1.0,2
5075,8674,1.0,2
5076,7540,0.0921584,2
5076,7838,0.008645569,2
5076,7940,0.0204022109087999,2
5076,8169,0.0418808,2
5076,8772,0.0171283258224,2
5076,9601,0.073528,2
5076,10078,0.036524952,2
5076,10417,0.0079953797664,2
5076,11103,1.0,2
5076,12554,0.0204787060608,2
5076,13044,0.086484,2
5076,13186,0.0364361136576,2
5076,14754,0.2995919999999999,2
5076,15159,0.0242944657488,2
5076,15404,0.0435525853056,2
5078,8037,1.0,2
5078,8794,0.0643504,2
5078,11039,0.1498496,2
5078,13115,0.5257919999999999,2
5078,13132,0.0302527778112,2
5078,13712,0.0222021809855999,2
5078,13960,0.0281371575743999,2
5079,7856,0.0089347574399999,2
5079,8455,1.0,2
5079,10856,0.0460792,2
5079,13091,0.0512607999999999,2
5080,9390,1.0,2
5080,13485,0.2336399999999999,2
5081,11141,0.1473239999999999,2
5081,15542,0.551238,2
5082,7870,0.348265,2
5083,6699,0.0154835649408,2
5083,7804,0.0055959092832,2
5083,9394,0.0524728,2
5083,11632,0.45405,2
5083,12853,0.0139686791423999,2
5083,14132,0.0118690325232,2
5083,14382,0.0177722225231999,2
5084,7787,1.0,2
5084,12073,1.0,2
5085,8399,1.0,2
5086,6708,0.524814,2
5086,7444,1.0,2
5086,8682,0.0003840776832,2
5086,9945,0.0140094823343999,2
5086,11084,0.024648957,2
5086,11129,0.2581259999999999,2
5086,11974,0.0051383425152,2
5086,12764,0.0223669933536,2
5086,12905,0.18978,2
5086,12979,0.0137842561056,2
5086,14224,0.549174,2
5086,15145,0.0107830248576,2
5086,15146,0.0249078516864,2
5086,15433,0.0987299999999999,2
5087,7335,1.0,2
5088,9452,1.0,2
5089,10237,1.0,2
5090,8112,1.0,2
5091,7886,0.1267619999999999,2
5091,8785,0.0037195130303999,2
5091,10757,0.546984,2
5091,13600,0.3147779999999999,2
5092,8554,0.6741600000000001,2
5092,8569,0.0121200411024,2
5092,10315,0.517752,2
5092,15059,0.362052,2
5093,11690,0.0285825,2
5094,12700,0.387245,2
5095,7832,0.0131585597376,2
5095,8012,0.0141278964959999,2
5095,8891,0.0224235438432,2
5095,9803,0.0429328,2
5095,11039,1.0,2
5095,13115,0.514566,2
5096,9615,1.0,2
5096,10074,0.2252399999999999,2
5096,11514,0.35343,2
5098,9177,1.0,2
5099,10563,1.0,2
5100,7169,1.0,2
5100,7687,0.0444808,2
5100,8018,0.0465944,2
5100,9252,0.0676704,2
5100,11719,0.41671,2
5100,11964,0.1166159999999999,2
5100,12668,0.016821044,2
5100,14409,0.0082349463168,2
5100,14789,0.0100068,2
5100,15446,0.5587559999999999,2
5101,10357,0.282222,2
5101,13142,0.504552,2
5102,8016,0.0151870065984,2
5102,8446,0.5520432,2
5102,8447,1.0,2
5102,8520,0.32976,2
5102,9437,0.007761324,2
5102,9485,0.0271252383264,2
5102,9687,0.27744,2
5102,11128,0.3019259999999999,2
5102,14016,0.011702476,2
5103,7797,1.0,2
5104,9072,1.0,2
5105,9166,0.245868,2
5105,9167,0.4473299999999999,2
5106,11110,1.0,2
5107,6710,0.0062037689184,2
5107,7540,1.0,2
5107,7838,0.0264050605103999,2
5107,7940,0.221382,2
5107,8169,0.1338744,2
5107,8183,0.0086871781151999,2
5107,8772,0.0547516843631999,2
5107,8837,0.0495216,2
5107,9098,0.007421329,2
5107,9159,0.0129861361535999,2
5107,9601,0.2245672,2
5107,9733,0.0138985389119999,2
5107,10078,0.1117531265759999,2
5107,10209,0.0521904,2
5107,10417,0.0255576939552,2
5107,10502,0.0228157935456,2
5107,10548,0.062148,2
5107,11103,0.0957008,2
5107,11740,0.0026091085391999,2
5107,12059,0.0254643038496,2
5107,12554,0.0654613686144,2
5107,13044,0.0079702270656,2
5107,13186,0.395364,2
5107,14754,0.0276099193727999,2
5107,15159,0.0776586651983999,2
5107,15404,0.472584,2
5107,15408,0.0227298201407999,2
5107,15500,0.035974604496,2
5108,8102,0.3937679999999999,2
5108,8406,0.0121448479967999,2
5108,8464,0.1164984,2
5108,8465,0.1109512,2
5108,8518,1.0,2
5108,9633,0.087144,2
5108,9649,0.0029164632432,2
5108,10072,0.0662216,2
5108,10464,0.01570164792,2
5108,11445,0.1686568,2
5108,12791,0.3111,2
5108,13845,0.4751579999999999,2
5109,7981,0.097015,2
5109,8482,0.557292,2
5111,8655,0.0190149121839999,2
5111,9136,1.0,2
5111,10988,0.3282839999999999,2
5111,11860,0.51069,2
5111,12694,0.019169783,2
5112,7154,0.3175099999999999,2
5112,13496,0.09792,2
5113,7990,1.0,2
5113,13117,0.348444,2
5114,11149,1.0,2
5115,7691,0.0546568,2
5115,15207,0.195018,2
5116,7555,0.0181078734816,2
5116,8233,0.0440568,2
5116,8970,1.0,2
5116,8986,0.4881,2
5116,9790,0.0036761875056,2
5116,10579,0.0096420950207999,2
5116,11421,0.0024158105711999,2
5116,14524,0.098022,2
5116,15189,0.0048667784688,2
5117,10205,1.0,2
5117,10767,1.0,2
5118,11076,1.0,2
5119,7924,0.1835519999999999,2
5119,11315,1.0,2
5119,12701,0.575166,2
5120,8054,0.0479656,2
5120,8161,0.323598,2
5120,8416,0.0086280521279999,2
5120,10115,1.0,2
5120,12036,0.040192056,2
5121,6725,1.0,2
5121,8535,0.224292,2
5121,9400,0.0469672,2
5121,13969,0.0182264673696,2
5122,14108,0.382745,2
5123,8218,0.136986,2
5123,11220,1.0,2
5124,9833,1.0,2
5124,12008,0.0300105000419999,2
5124,14336,0.5266019999999999,2
5125,8410,1.0,2
5125,10414,0.4526099999999999,2
5126,9682,1.0,2
5127,7981,0.1322849999999999,2
5127,8482,0.4726439999999999,2
5130,10549,0.40884,2
5130,12397,0.442086,2
5131,10958,0.403398,2
5132,11549,0.00361257408,2
5132,13574,0.246306,2
5133,8007,1.0,2
5133,8018,0.0497328,2
5133,8347,0.0580392,2
5133,9252,0.0446032,2
5133,10035,0.0014890537152,2
5133,10874,0.0239892264576,2
5133,11337,0.3670619999999999,2
5133,12668,0.017964358,2
5133,12739,0.0118093521024,2
5133,12803,0.0081842236704,2
5133,13033,0.4671179999999999,2
5133,13395,0.0027555851376,2
5133,14409,0.0054278526144,2
5133,14789,0.0106951381055999,2
5134,7166,1.0,2
5134,11480,0.37881,2
5134,13593,0.2368344,2
5135,7531,0.4742879999999999,2
5135,8681,1.0,2
5136,7706,0.221484,2
5136,8631,0.58317,2
5137,7134,1.0,2
5137,13367,0.0429324999999999,2
5138,6713,0.005660282616,2
5138,9148,0.018511518,2
5138,9323,0.0414096,2
5138,9499,0.017389851696,2
5138,11455,0.020386311,2
5138,11679,0.0205504250112,2
5138,11922,0.011664708568,2
5138,13484,0.0062990679168,2
5138,14047,0.044476,2
5138,14490,0.0201931429824,2
5138,15416,0.221958,2
5139,8055,0.0639925,2
5139,11296,1.0,2
5140,10356,1.0,2
5141,7155,0.0152894057472,2
5141,7352,0.09794,2
5141,7857,0.0451192,2
5141,9948,1.0,2
5141,10100,0.573474,2
5141,10565,0.0273233560319999,2
5141,11177,0.0766824,2
5141,11262,0.0579736,2
5141,12512,0.0191153065728,2
5141,13227,0.0304906760064,2
5141,13662,0.05007397968,2
5141,14114,0.0438435255263999,2
5141,14707,0.0454457843712,2
5143,9271,0.2837825,2
5143,10364,1.0,2
5146,10135,1.0,2
5146,10186,0.119448,2
5146,10187,0.54168,2
5146,12060,0.3562425,2
5147,7536,0.448332,2
5147,9612,0.555222,2
5147,10308,0.314118,2
5147,14496,0.063226047528,2
5148,10216,1.0,2
5149,7945,0.019788,2
5149,9940,0.3906675,2
5150,10195,0.4548179999999999,2
5150,10974,1.0,2
5151,9171,1.0,2
5152,10393,0.3970619999999999,2
5154,9653,1.0,2
5154,13828,0.370315,2
5156,11614,0.2436324999999999,2
5157,9586,0.52584,2
5157,9976,1.0,2
5157,12378,0.250242,2
5157,14331,0.5364,2
5158,8908,1.0,2
5158,10457,0.4257479999999999,2
5158,13253,0.1423799999999999,2
5158,14710,0.0598559999999999,2
5159,9476,0.133072,2
5159,11250,1.0,2
5159,11646,0.014682238296,2
5159,12297,0.0029046956159999,2
5159,12480,0.055512581664,2
5160,9168,1.0,2
5161,8048,0.156834,2
5161,8510,0.085404,2
5161,9109,0.3337139999999999,2
5161,11500,1.0,2
5162,14961,1.0,2
5163,11032,0.3610859999999999,2
5164,7481,0.0442142,2
5164,8992,0.0724855983168,2
5165,11255,1.0,2
5165,12375,0.348054,2
5165,14936,0.0895679999999999,2
5167,10798,0.2750924999999999,2
5167,11495,0.269244,2
5169,9012,0.0344619404112,2
5169,11274,0.396252,2
5169,12757,0.595518,2
5169,13945,0.468618,2
5169,14503,0.484008,2
5169,15080,0.035142831852,2
5170,7536,0.492,2
5170,9612,1.0,2
5170,10308,0.2704499999999999,2
5170,14496,0.081717133,2
5171,14003,0.52194,2
5172,10098,1.0,2
5172,11168,0.441462,2
5172,11518,0.43473,2
5175,7904,0.3615375,2
5175,8249,0.0614032,2
5175,9081,1.0,2
5175,10153,0.0159554133888,2
5175,10262,0.0117654292608,2
5175,11181,0.0278115969888,2
5175,11322,0.0280838587776,2
5175,14315,0.012867041,2
5176,8759,0.0336650995343999,2
5176,8991,1.0,2
5176,9046,0.0251182084608,2
5176,9225,0.0214828283088,2
5176,9706,0.0450528663167999,2
5176,10106,0.0737488,2
5176,11242,0.0462408,2
5176,11423,0.0409936,2
5176,11488,0.0175451708399999,2
5176,12653,0.0174713903328,2
5176,12877,0.0188409045216,2
5176,14388,0.1444679999999999,2
5176,14709,0.296982,2
5176,14776,0.0231592523328,2
5177,8113,1.0,2
5178,8067,0.1493249999999999,2
5179,8887,1.0,2
5180,12792,0.0012225,2
5181,7332,1.0,2
5181,12847,1.0,2
5182,8119,0.050388,2
5182,8685,0.015481612,2
5182,8767,0.257004,2
5182,8768,0.46263,2
5182,11879,0.028109248128,2
5182,12620,0.546504,2
5182,12891,0.0181248659279999,2
5182,14328,0.008049785328,2
5183,10990,1.0,2
5184,10211,1.0,2
5184,10409,0.0590674999999999,2
5185,14966,0.56598,2
5186,13472,0.0590039999999999,2
5187,8461,1.0,2
5188,10581,1.0,2
5189,7422,0.0265199499552,2
5189,8053,0.3482519999999999,2
5189,9126,0.0533416,2
5189,9434,0.0184047198719999,2
5189,9961,0.175026,2
5189,10781,1.0,2
5189,13739,0.378612,2
5190,9534,0.542256,2
5190,9535,1.0,2
5191,10448,1.0,2
5191,11364,0.0403896,2
5191,13475,0.0180849280752,2
5192,7433,0.58128,2
5192,10504,1.0,2
5193,7800,1.0,2
5193,7937,0.327948,2
5193,8425,0.071544,2
5193,12245,0.473394,2
5193,12714,0.3600299999999999,2
5193,15240,0.273372,2
5194,7783,0.4045859999999999,2
5194,8806,0.35895,2
5194,8808,0.0726599999999999,2
5194,8870,0.0043736411903999,2
5194,8987,0.0256047339647999,2
5194,9029,0.0238365605568,2
5194,9203,0.0115975780032,2
5194,10147,0.273198,2
5194,10251,0.5704199999999999,2
5194,10609,0.0015998660543999,2
5194,11023,0.3076859999999999,2
5194,11342,0.0471136,2
5194,11366,0.0002223509952,2
5195,8287,0.393084,2
5195,8602,0.456534,2
5195,8603,1.0,2
5195,12770,1.0,2
5196,9845,1.0,2
5197,7062,0.1348648,2
5197,11910,0.0584169578496,2
5197,14457,0.0362330468976,2
5199,12696,0.522762,2
5199,12987,0.42099,2
5201,7411,0.0457856,2
5201,8472,0.24974,2
5202,7491,1.0,2
5202,10436,0.0478352,2
5204,7564,0.0077434954127999,2
5204,7853,0.0526888,2
5204,8119,0.0711992,2
5204,8178,0.0038932777008,2
5204,8685,0.0218758118015999,2
5204,9307,0.0270359999999999,2
5204,11205,0.0419688,2
5204,11879,0.0397189009152,2
5204,12891,0.0256107794352,2
5204,14328,0.0113744993952,2
5204,14909,0.0154696424352,2
5205,11250,0.0467632,2
5206,7523,0.2180849999999999,2
5206,9756,0.17964,2
5206,11283,0.0291584601647999,2
5206,11414,0.0556232,2
5207,7587,0.579288,2
5208,10056,0.39624,2
5208,14256,0.014545655496,2
5209,9417,1.0,2
5210,9354,1.0,2
5211,8486,0.0408704,2
5211,8934,0.2406876983135999,2
5211,9626,0.3477625,2
5211,10401,0.546702,2
5211,10662,0.0180697029888,2
5211,15029,0.0110097500927999,2
5212,7422,0.497172,2
5212,8053,0.028686640896,2
5212,9126,1.0,2
5212,9434,0.039949889,2
5212,9961,0.0093361668816,2
5212,10781,0.0533416,2
5212,13739,0.0201957698592,2
5213,9400,0.0540776,2
5213,11008,0.0084811405824,2
5213,13969,0.0209857860768,2
5215,10642,1.0,2
5216,7344,0.0456456,2
5216,8095,0.5908439999999999,2
5216,8799,0.0049568382863999,2
5216,10650,0.539022,2
5217,6726,1.0,2
5218,10967,0.2264999999999999,2
5218,11124,1.0,2
5218,11937,0.542526,2
5219,11001,1.0,2
5220,7991,0.3606675,2
5220,9122,1.0,2
5220,11728,0.4709819999999999,2
5222,12401,0.436332,2
5223,9172,1.0,2
5223,11887,0.438492,2
5223,12976,0.1688999999999999,2
5223,13098,0.112014,2
5223,13771,0.278892,2
5225,8088,0.1946339999999999,2
5225,9233,0.219744,2
5225,11884,0.315138,2
5225,11955,0.413454,2
5225,15369,0.588642,2
5226,9076,1.0,2
5227,9937,1.0,2
5228,11629,0.2430649999999999,2
5228,11630,1.0,2
5229,7562,0.536142,2
5229,7883,0.5096459999999999,2
5231,10848,1.0,2
5231,13460,0.5214599999999999,2
5231,13982,0.1908719999999999,2
5231,14758,0.041874,2
5231,15126,0.096312,2
5232,7477,1.0,2
5233,9392,0.3736201295664,2
5233,10566,1.0,2
5233,11493,0.046572,2
5233,14078,0.414744,2
5233,14833,0.021183219,2
5233,15087,0.0129129624719999,2
5233,15216,0.01707620595,2
5234,6718,0.0117231789312,2
5234,9297,0.532308,2
5234,9783,0.0801552,2
5234,14685,0.014403489,2
5235,7332,0.0607032,2
5235,8568,0.0149385657168,2
5235,8993,0.0028430950752,2
5235,9439,0.3793499999999999,2
5235,9608,0.4349099999999999,2
5235,10326,0.0523576,2
5235,10797,0.3881975,2
5235,11776,0.0221497779648,2
5235,12563,0.0938099999999999,2
5235,12847,0.0287088500016,2
5236,9183,0.3230699999999999,2
5237,7778,1.0,2
5237,8195,0.286446,2
5237,8720,0.4559459999999999,2
5238,9319,0.0072984742656,2
5238,11009,1.0,2
5239,12893,0.154878,2
5239,13282,1.0,2
5240,8743,1.0,2
5241,11326,1.0,2
5241,15341,0.516906,2
5241,15342,0.012174,2
5242,7997,0.0905759999999999,2
5242,8208,0.4702775,2
5242,9306,0.100086,2
5242,11027,0.2145539999999999,2
5242,12826,0.527502,2
5243,10016,1.0,2
5243,10656,0.398166,2
5243,10913,0.0494664,2
5245,9928,1.0,2
5245,10222,1.0,2
5246,9563,0.12921,2
5247,8091,1.0,2
5247,8219,0.0429659999999999,2
5249,7782,0.258642,2
5249,10049,0.141156,2
5249,11978,0.279384,2
5250,9381,0.12585,2
5251,8141,0.262914,2
5251,8900,0.0490968,2
5251,10956,1.0,2
5251,12011,0.448968,2
5251,14421,0.405738,2
5251,15193,0.0170214677856,2
5251,15256,0.0201888005472,2
5251,15441,0.0028521313056,2
5251,15442,0.0009618063119999,2
5252,8037,1.0,2
5252,8794,0.0513104,2
5252,11039,0.1599984,2
5252,13115,0.4370759999999999,2
5252,13132,0.0235810283904,2
5252,13712,0.0172356002544,2
5252,13960,0.0218429351856,2
5254,7416,0.567822,2
5254,9668,0.237396,2
5254,11789,0.40665,2
5255,7493,0.0416752,2
5255,7949,0.4661819999999999,2
5256,6718,0.1462559999999999,2
5256,9297,0.08426,2
5256,9783,1.0,2
5256,10300,0.024202824388,2
5256,11215,0.0836296,2
5256,14685,0.179695,2
5258,7886,0.3860999999999999,2
5258,8785,0.0828059999999999,2
5258,10757,1.0,2
5258,13600,0.1812423850272,2
5259,8377,0.014484,2
5259,9347,0.0266194302528,2
5259,9590,0.596496,2
5259,14766,0.284298,2
5259,15343,0.394335,2
5260,7518,0.528558,2
5260,8044,0.546006,2
5260,8405,0.03198,2
5261,7144,1.0,2
5261,11661,0.113052,2
5261,14677,0.5382899999999999,2
5261,15099,0.249174,2
5263,9069,0.5855279999999999,2
5263,10629,0.0836352,2
5263,10905,0.0670064,2
5263,12709,0.019232679476,2
5265,8331,1.0,2
5265,15410,0.023595103,2
5266,8513,0.3566339999999999,2
5266,10980,1.0,2
5267,7598,1.0,2
5268,8486,0.43017,2
5268,10662,0.11307,2
5269,9335,0.0294419999999999,2
5269,9336,1.0,2
5269,12337,0.3926125,2
5270,10791,0.366264,2
5270,10792,1.0,2
5271,12680,0.550056,2
5272,7788,0.142404,2
5272,11198,0.0013799999999999,2
5272,12931,0.41853,2
5272,13693,0.110124,2
5273,15370,0.22085,2
5274,8908,0.364944,2
5274,10457,0.591324,2
5274,13253,0.0084770152992,2
5274,14710,0.0026668481663999,2
5275,9296,0.070212,2
5275,12436,0.572106,2
5275,13683,0.420696,2
5275,13694,0.501018,2
5276,7832,0.565626,2
5276,8012,0.148005205,2
5276,8891,0.39507,2
5276,9803,0.19101,2
5276,10361,0.123928,2
5276,12840,0.068940762,2
5276,13590,0.118074,2
5276,14039,0.09124009128,2
5277,7468,1.0,2
5277,11741,0.385415,2
5277,11855,0.0091679999999999,2
5277,12881,0.582474,2
5277,14428,0.283404,2
5277,15403,0.3508799999999999,2
5278,7770,0.0130697100672,2
5278,8071,0.0583928,2
5278,8554,0.453924,2
5278,8569,0.073458,2
5278,10315,0.4841525,2
5278,11048,0.0057080129855999,2
5278,15059,0.24177,2
5278,15366,0.0013222465631999,2
5279,7580,1.0,2
5279,8527,0.1556024999999999,2
5280,9393,1.0,2
5280,13916,0.2982775,2
5282,12885,0.1560059999999999,2
5283,8002,1.0,2
5283,12529,0.3299375,2
5284,9751,1.0,2
5285,9537,1.0,2
5286,8809,1.0,2
5286,8810,0.3078839999999999,2
5286,8868,0.503754,2
5286,8883,0.40286,2
5286,8886,0.0068903734031999,2
5286,10166,0.0118398000239999,2
5286,10453,0.0082466953823999,2
5286,11612,0.1525079999999999,2
5287,10019,1.0,2
5288,11504,0.230595,2
5289,8151,0.021953722,2
5289,8255,0.0994416,2
5289,11777,0.374652,2
5289,11799,0.0138464472672,2
5289,12064,0.0873719999999999,2
5289,12969,0.0177391696895999,2
5289,12970,0.0143123480064,2
5289,12972,0.0071413030655999,2
5289,12973,0.0048553611264,2
5289,13204,0.0324678812832,2
5289,14644,0.038411307,2
5289,15039,0.0309249454176,2
5289,15125,0.0158452234272,2
5289,15251,0.0537179999999999,2
5290,9339,1.0,2
5290,12221,0.4896479999999999,2
5290,14507,0.180162,2
5292,10718,1.0,2
5292,10719,0.388146,2
5292,12261,0.351558,2
5293,7911,1.0,2
5293,9157,0.2040808,2
5293,13377,0.143196,2
5294,9593,1.0,2
5294,12589,0.504684,2
5295,11475,0.561312,2
5296,9964,0.40817,2
5296,10240,1.0,2
5297,7443,0.31989,2
5298,7726,0.073948,2
5298,7955,0.0572856,2
5298,8364,0.189495,2
5298,10866,1.0,2
5298,11402,0.0261810086256,2
5298,12259,0.00715783572,2
5299,8635,1.0,2
5300,7575,0.024363283,2
5300,7827,0.028824081,2
5300,8305,0.132388398288,2
5300,9253,0.049944,2
5300,9840,1.0,2
5300,12044,0.0022500243072,2
5300,12166,0.355524,2
5300,12285,0.035425039,2
5300,12536,0.576348,2
5300,14439,0.1087259999999999,2
5300,14901,0.036896214,2
5300,15085,0.0238857150336,2
5300,15109,0.334536,2
5300,15222,0.0805141676736,2
5301,8639,0.355495,2
5301,9408,0.0706871999999999,2
5301,10333,0.1583888,2
5301,10472,0.0398743667711999,2
5301,11602,0.0373152073824,2
5303,8039,0.2188808,2
5303,9094,0.0866778718079999,2
5303,11550,0.1651176,2
5303,14411,0.1895344,2
5304,7087,0.2351475,2
5304,10512,0.0050939999999999,2
5305,8953,1.0,2
5305,13663,0.389076,2
5307,9392,0.3657793314096,2
5307,10566,1.0,2
5307,11493,0.0470296,2
5307,14078,0.504312,2
5307,14833,0.020237439,2
5307,15087,0.0123364295135999,2
5307,15216,0.017243991,2
5308,7157,0.1935659999999999,2
5308,11396,0.0299545619519999,2
5309,11549,0.028188,2
5309,13574,0.276972,2
5310,8759,0.0140268178608,2
5310,8991,0.1905624,2
5310,9706,0.0187716168576,2
5310,10106,0.0521815999999999,2
5310,11488,0.0073103278799999,2
5310,14388,0.331626,2
5310,14709,0.4841399999999999,2
5311,10195,0.200125,2
5311,11175,0.462588,2
5311,11246,0.3492899999999999,2
5312,7777,0.017957692,2
5312,9437,0.0687656,2
5312,14016,0.0058831721424,2
5312,14178,0.157536,2
5313,13915,0.3530125,2
5315,9188,1.0,2
5315,14896,0.0654479999999999,2
5316,7453,1.0,2
5317,9200,1.0,2
5318,9932,1.0,2
5318,11267,0.125526,2
5319,7098,1.0,2
5319,10523,0.0309809011103999,2
5319,10524,0.0556944,2
5319,12223,0.481548,2
5319,12228,0.0259075868256,2
5319,13202,0.0166157559072,2
5319,13924,0.0109683437472,2
5319,14665,0.0081807276384,2
5319,14880,0.0176630334048,2
5320,7788,0.182886,2
5320,12931,0.378048,2
5320,13693,0.069642,2
5321,9972,0.0208766257152,2
5322,7959,0.3312299999999999,2
5322,8667,0.1859519999999999,2
5322,9737,1.0,2
5324,11585,1.0,2
5325,8987,1.0,2
5325,9029,0.411144,2
5325,9203,0.340956,2
5325,11342,0.501972,2
5326,8190,1.0,2
5327,9703,0.23347,2
5328,10437,1.0,2
5329,10370,1.0,2
5329,13313,0.291025,2
5330,8313,0.1019872,2
5330,8407,0.3632039999999999,2
5330,8723,0.01034226249,2
5330,8998,0.051556,2
5330,11381,0.010915849,2
5330,14235,0.031547446,2
5331,8188,0.35475,2
5333,12012,0.3397,2
5334,12017,0.048228,2
5334,13028,0.5537219999999999,2
5335,7320,0.565908,2
5335,10573,0.317982,2
5336,9056,1.0,2
5337,14745,0.543366,2
5337,14746,0.541002,2
5339,7680,0.1525379999999999,2
5339,14835,0.461694,2
5340,8486,1.0,2
5340,10662,0.322416,2
5340,15029,0.149676,2
5341,9388,1.0,2
5342,10978,1.0,2
5342,11396,0.295404,2
5342,11424,0.331038,2
5343,8413,1.0,2
5343,11633,0.4904579999999999,2
5343,11837,0.0082065829392,2
5343,12005,0.0243168536592,2
5343,13279,0.108294,2
5343,14123,0.562512,2
5343,14444,0.258324,2
5343,14914,0.0541619999999999,2
5344,13452,0.358655,2
5345,8050,0.3408119999999999,2
5345,8057,0.415795,2
5345,9149,1.0,2
5345,13395,0.1163399999999999,2
5345,15318,0.165318,2
5346,11264,0.0047449981824,2
5346,12008,0.0167329561728,2
5348,7321,0.520176,2
5348,10718,0.204882,2
5348,12261,0.4153075,2
5349,10422,0.3686675,2
5349,10683,1.0,2
5350,7083,1.0,2
5350,13094,0.2121624999999999,2
5352,7579,0.581808,2
5352,7611,0.05096,2
5352,8103,0.0249261401088,2
5352,10658,0.509172,2
5352,13890,0.12891,2
5352,14345,0.3774959999999999,2
5354,8980,0.4017325,2
5354,11899,0.546468,2
5355,8039,1.0,2
5355,9094,0.3220769393279999,2
5355,11550,0.0448928,2
5355,14411,0.7042704,2
5356,7540,0.0835048,2
5356,7838,0.0094019507856,2
5356,7940,0.0184864596336,2
5356,8169,0.0400408,2
5356,8772,0.0163758063023999,2
5356,9601,0.0836872,2
5356,9733,0.1664399999999999,2
5356,10078,0.0428321132063999,2
5356,10417,0.0076441090464,2
5356,10548,0.1450859999999999,2
5356,12554,0.0195789902207999,2
5356,13186,0.0330147917472,2
5356,15159,0.0232271075088,2
5356,15404,0.0394630324032,2
5357,13966,0.1747979999999999,2
5357,15047,0.5165460000000001,2
5358,7315,0.348366,2
5358,10712,1.0,2
5359,8162,0.36474,2
5359,9541,1.0,2
5359,12124,0.07829,2
5360,9374,0.32057,2
5360,10890,1.0,2
5361,7684,0.575352,2
5361,11125,0.411384,2
5362,7163,0.0533591999999999,2
5362,8250,0.0141229796579999,2
5362,9205,0.0218427137279999,2
5362,10001,0.01618073,2
5362,10462,1.0,2
5363,11351,0.427825,2
5364,13472,0.404065,2
5365,7059,0.4772099999999999,2
5365,7415,1.0,2
5365,8081,0.444984,2
5366,8391,0.273534,2
5366,9325,0.2354075,2
5367,8258,0.40454,2
5367,8311,0.566418,2
5367,15371,0.2325119999999999,2
5368,9314,0.0256050461952,2
5368,9315,0.0206708936496,2
5368,9692,1.0,2
5368,10317,0.0494248,2
5368,10318,0.0494248,2
5369,10114,1.0,2
5369,14147,0.34579,2
5370,6728,1.0,2
5370,7133,0.3746075,2
5370,7452,0.0542272,2
5370,7709,0.0521696,2
5370,8500,0.0172328834448,2
5370,8960,0.0071519713151999,2
5370,10152,0.007341413904,2
5370,10633,0.0437944,2
5370,10634,0.0087099178608,2
5370,10704,0.0595128,2
5370,11692,0.0033006744419999,2
5370,12355,0.0220752423935999,2
5370,12910,0.03804918,2
5370,15076,0.0046323474623999,2
5372,7744,1.0,2
5373,14284,0.1035479999999999,2
5374,10637,1.0,2
5374,14669,0.348115,2
5375,9896,1.0,2
5376,7109,0.0209813554464,2
5376,8749,0.743924,2
5376,8934,0.4023659999999999,2
5376,9626,0.1933486952928,2
5376,10401,0.080391876088,2
5377,9445,0.400074,2
5377,10832,0.0678912,2
5377,11287,0.3951325,2
5379,8662,1.0,2
5379,8766,0.21816,2
5379,9730,0.36516,2
5380,7158,0.0150748170912,2
5380,8016,0.0259292478288,2
5380,8447,0.0230637896207999,2
5380,8596,0.0308174134032,2
5380,8968,1.0,2
5380,9189,0.014058802296,2
5380,9437,0.0631352,2
5380,9485,0.0011084015711999,2
5380,9635,0.0569424,2
5380,10461,0.0457688,2
5380,11382,0.0955776,2
5380,11973,0.006522054,2
5380,12544,0.0243285265152,2
5380,12861,0.0017399467007999,2
5380,13231,0.0190766150784,2
5380,14016,0.0342165004512,2
5380,14694,0.226164,2
5381,7167,1.0,2
5381,8031,0.0076710793104,2
5383,11527,0.20796,2
5383,11528,1.0,2
5384,9408,0.2422019999999999,2
5384,10930,0.3073379999999999,2
5385,7696,1.0,2
5386,9000,0.0634917681648,2
5386,10731,0.4434479999999999,2
5386,10732,0.2602079999999999,2
5387,7683,1.0,2
5388,7322,1.0,2
5388,9090,0.226962,2
5388,9748,0.428988,2
5388,13230,0.061386066096,2
5388,13830,0.428988,2
5389,10080,0.304626,2
5389,10182,0.4145675,2
5389,10708,1.0,2
5389,10806,0.1136048,2
5389,12056,0.0485407600032,2
5390,13446,0.347532,2
5391,10361,1.0,2
5392,10757,0.194418,2
5392,13600,0.537702,2
5393,7326,1.0,2
5394,9842,0.011008634,2
5394,10016,0.1205408,2
5394,10656,0.0441266117376,2
5394,10913,1.0,2
5394,11010,0.0109010052959999,2
5394,11201,0.040676,2
5394,12356,0.0018665402879999,2
5394,14454,0.017595461,2
5395,7881,0.485112,2
5395,11517,1.0,2
5395,14532,0.184206,2
5396,10852,0.049398,2
5396,11008,0.2293319999999999,2
5396,11494,1.0,2
5396,11502,0.573846,2
5396,12516,0.188532,2
5396,14752,0.4258079999999999,2
5397,8235,1.0,2
5398,8100,1.0,2
5399,9165,1.0,2
5399,10901,0.003807832,2
5399,10902,0.04128,2
5399,13325,0.0129895776,2
5399,14853,0.284448,2
5399,14971,0.01019227968,2
5400,10510,0.056816,2
5401,7604,1.0,2
5401,9634,0.016972838,2
5401,9930,0.073578,2
5401,11036,0.0268715774831999,2
5404,11295,1.0,2
5405,13981,0.0346225,2
5406,9896,1.0,2
5407,9529,0.555978,2
5407,12450,0.4194475,2
5407,15140,0.149382,2
5408,9331,1.0,2
5409,8888,1.0,2
5410,11032,0.4302059999999999,2
5411,9562,1.0,2
5411,14118,0.015114,2
5412,7423,1.0,2
5412,7425,0.38814,2
5412,10939,0.2800259999999999,2
5413,10529,1.0,2
5414,13983,0.282648,2
5415,8669,1.0,2
5416,9261,0.0450117340128,2
5416,9500,1.0,2
5418,8254,1.0,2
5418,11217,0.310314,2
5419,7109,0.3196739999999999,2
5419,8749,1.0,2
5419,8934,0.0264087290976,2
5420,8953,1.0,2
5420,13663,0.4753739999999999,2
5421,10965,1.0,2
5422,8259,0.425155,2
5422,8292,0.571716,2
5424,11076,1.0,2
5425,10835,0.4019459999999999,2
5425,13580,0.1584959999999999,2
5426,10879,1.0,2
5427,7985,0.4084649999999999,2
5428,10237,1.0,2
5429,6713,0.0175998306816,2
5429,9323,1.0,2
5429,11455,0.0526016495231999,2
5429,11679,0.4962719999999999,2
5429,11922,0.023585170736,2
5429,14047,0.0690552,2
5429,14490,0.4876439999999999,2
5429,15416,0.0091911919968,2
5430,8282,1.0,2
5431,10793,0.13488,2
5434,8098,0.238155,2
5434,11327,1.0,2
5435,8633,1.0,2
5436,9098,0.0957721801247999,2
5436,11103,1.0,2
5436,13044,0.137922,2
5436,14005,0.07329208542,2
5436,14754,0.35103,2
5438,12365,0.1475879999999999,2
5438,13247,1.0,2
5439,7692,0.1745352,2
5439,8126,0.0909880197072,2
5439,9242,0.574452,2
5439,9700,0.0292019999999999,2
5439,9744,0.020631164,2
5439,9745,0.0818421917808,2
5439,10041,0.0057845855231999,2
5439,10762,0.0121324345824,2
5439,10862,0.26463,2
5439,11024,0.2183192,2
5439,11836,0.038905795584,2
5439,12161,0.5037839999999999,2
5439,12396,0.0730775491776,2
5439,14741,0.5625479999999999,2
5439,15026,0.036028551,2
5439,15174,0.381636,2
5440,8290,1.0,2
5441,7486,1.0,2
5441,9648,0.202974,2
5441,15518,0.300084,2
5442,7081,0.315948,2
5443,8470,1.0,2
5443,10580,0.4051875,2
5445,10494,1.0,2
5446,10159,0.6604760000000001,2
5446,11169,0.535692,2
5446,13500,0.128244,2
5447,7507,0.3444479999999999,2
5447,9498,0.3632819999999999,2
5449,11547,1.0,2
5450,9049,0.40692,2
5450,10756,0.1810919999999999,2
5450,14921,0.519582,2
5451,9357,0.489486,2
5451,9561,0.4240725,2
5453,11573,1.0,2
5454,9070,1.0,2
5455,11702,0.222264,2
5456,7081,0.0438864,2
5456,8482,1.0,2
5456,11737,0.0251982009839999,2
5456,11828,0.021740257,2
5456,12418,0.0285558145439999,2
5456,12470,0.009000662,2
5457,7596,1.0,2
5458,7097,0.0023595349151999,2
5458,7332,0.0547768,2
5458,8993,0.0025655262048,2
5458,12847,0.0431832,2
5458,12880,0.551538,2
5459,8098,0.01830886225,2
5459,9689,0.065312,2
5459,10144,0.022096597,2
5459,11327,0.07742,2
5460,10139,1.0,2
5460,12928,0.01418075689,2
5460,14565,0.0015507059999999,2
5461,9468,0.577656,2
5463,10161,1.0,2
5464,10361,1.0,2
5466,10789,0.0402432,2
5466,11180,0.041736,2
5466,12210,0.009111463,2
5466,13708,0.018938461248,2
5468,9109,1.0,2
5468,11500,0.2296439999999999,2
5469,8110,0.476664,2
5469,10503,1.0,2
5470,7692,0.0457424,2
5470,8122,0.0198539999999999,2
5470,10497,1.0,2
5470,10591,0.548472,2
5470,11836,0.0050439229632,2
5472,7873,1.0,2
5472,9950,0.046496,2
5472,10549,0.008365932,2
5472,15298,0.007929056,2
5473,8717,1.0,2
5473,13425,0.23565,2
5474,9690,1.0,2
5475,7095,0.119874,2
5475,8145,1.0,2
5475,10534,0.551874,2
5476,9820,0.579948,2
5477,7953,0.552528,2
5477,12255,0.4927739999999999,2
5477,12514,0.22482,2
5478,8101,0.028880011,2
5478,9798,0.0105377591232,2
5478,10319,0.0268570065312,2
5478,10340,0.5315759999999999,2
5478,10465,0.0730784,2
5478,10766,0.0449064,2
5478,10869,0.0449064,2
5478,11228,0.0820688,2
5478,11230,0.033380459,2
5478,11631,0.0940024,2
5478,11986,0.0406251595008,2
5478,12435,0.0237536954496,2
5478,12596,0.012997235856,2
5478,13602,0.017124461,2
5478,13755,0.019753872,2
5478,13978,0.0673584,2
5479,8555,0.41106,2
5479,9400,0.0581792,2
5479,11171,0.41064,2
5479,11350,1.0,2
5479,13969,0.0225774857856,2
5479,15208,0.333558,2
5480,10845,0.0015541531799999,2
5482,10494,1.0,2
5483,10811,0.2821225,2
5484,8227,0.054645626448,2
5484,10225,0.0384107749776,2
5484,10403,1.0,2
5484,10492,0.0980472,2
5484,11461,0.0155695031712,2
5484,12555,0.0046662623423999,2
5484,14126,0.0406050713136,2
5485,10384,1.0,2
5486,9144,1.0,2
5486,9916,0.0034533943968,2
5487,9141,0.039522088,2
5487,9243,0.00021035736,2
5487,9487,1.0,2
5487,10170,0.123016,2
5487,11219,0.310542,2
5487,11449,0.049781623,2
5487,11516,0.0632275176479999,2
5487,11900,0.146454,2
5487,12238,0.395305,2
5488,9255,1.0,2
5489,11211,0.486168,2
5489,12693,0.362502,2
5489,13674,0.428082,2
5490,9604,1.0,2
5490,12740,0.052194,2
5491,7933,0.585912,2
5492,10233,1.0,2
5492,10341,0.0089394411456,2
5494,7720,0.506454,2
5494,10623,1.0,2
5495,13635,1.0,2
5496,7464,1.0,2
5496,13075,0.066127762,2
5496,14342,0.0971402048639999,2
5498,11122,1.0,2
5498,13292,0.137016,2
5498,15086,0.0169379999999999,2
5500,10675,1.0,2
5501,7682,0.212028,2
5501,8216,0.0556144,2
5501,8321,0.04858,2
5501,8666,0.0161227304,2
5501,8719,0.47046,2
5501,10826,0.0456806147952,2
5501,12225,0.00191881284,2
5501,12576,0.01561254324,2
5502,9217,0.442362,2
5503,7783,0.0626424,2
5503,8806,0.0261685334592,2
5503,8808,0.0341983651776,2
5503,8869,0.32313,2
5503,8870,0.0066145385903999,2
5503,9560,1.0,2
5503,9564,0.0506639999999999,2
5503,10147,0.0350085822336,2
5503,10251,0.0310500836927999,2
5503,11023,0.0626424,2
5504,10780,1.0,2
5505,9172,0.46923,2
5505,11887,0.5951879999999999,2
5505,12976,0.3624719999999999,2
5505,13771,0.472464,2
5506,9439,0.00996485688,2
5506,9476,1.0,2
5506,11250,0.133072,2
5506,12297,0.0218279999999999,2
5506,12480,0.417162,2
5507,9719,0.2915999999999999,2
5507,11256,1.0,2
5507,12499,0.121452,2
5508,7059,0.269142,2
5508,7415,0.528972,2
5508,8081,1.0,2
5509,8399,0.0644808,2
5510,7564,0.0084086026415999,2
5510,8178,0.0042276805776,2
5510,11205,0.0455736,2
5511,7136,1.0,2
5512,9170,0.0471779999999999,2
5512,9812,1.0,2
5513,10955,1.0,2
5514,6717,1.0,2
5514,7059,0.0675256,2
5514,7415,0.0138919066367999,2
5514,8081,0.0145850133,2
5514,8374,0.456628,2
5514,8471,0.038854207,2
5514,9786,0.5193544,2
5514,10299,0.5379944,2
5514,10962,0.0534008,2
5514,12827,0.3210174322992,2
5517,8067,0.327756,2
5518,13333,0.2601475,2
5519,9335,0.5727599999999999,2
5519,9336,1.0,2
5519,12337,0.16623,2
5520,15153,0.163068,2
5521,8363,1.0,2
5521,12025,0.1524179999999999,2
5521,12904,0.2212559999999999,2
5522,8400,0.351165,2
5523,11345,1.0,2
5523,11638,0.47217,2
5524,8391,0.3095759999999999,2
5524,9325,0.2203899999999999,2
5525,11585,0.3561225,2
5526,9833,0.4615259999999999,2
5526,12008,0.3962974999999999,2
5526,14336,0.122454,2
5527,8406,1.0,2
5527,8464,0.0673152,2
5527,8465,0.0559232,2
5527,9633,0.0580232,2
5527,9649,0.0014699972352,2
5527,10193,0.00037602482,2
5527,11445,0.059316,2
5529,9056,1.0,2
5530,10079,1.0,2
5530,13345,0.4003379999999999,2
5530,13568,0.0093539999999999,2
5531,10718,1.0,2
5531,10719,0.367518,2
5531,12261,0.3721859999999999,2
5532,8332,0.046252,2
5532,9698,1.0,2
5532,15319,0.3401575,2
5533,7867,0.0439736,2
5533,8085,0.0439736,2
5533,9161,0.0013187533775999,2
5533,10702,0.012161744,2
5533,11043,0.0884704,2
5533,11615,0.0528728,2
5533,13475,0.0146025771936,2
5534,9144,0.384036,2
5534,9916,0.577572,2
5535,8596,1.0,2
5535,8968,0.111555,2
5536,9063,1.0,2
5536,15278,0.1144999999999999,2
5537,9087,1.0,2
5538,14643,0.413604,2
5539,9433,0.286242,2
5539,11314,1.0,2
5539,12691,0.38283,2
5539,13706,0.227562,2
5539,14383,0.170076,2
5540,8456,1.0,2
5540,12458,0.508728,2
5541,6710,0.125274,2
5541,7540,0.0495216,2
5541,7838,0.0050478422928,2
5541,7940,0.0109631908512,2
5541,8183,0.175422,2
5541,8837,1.0,2
5541,9601,0.0552567999999999,2
5541,10078,0.0282810933215999,2
5541,12059,0.514206,2
5541,13186,0.0195790578624,2
5541,15404,0.0234031158144,2
5541,15408,0.4589879999999999,2
5542,6707,0.0594535999999999,2
5544,9141,0.338154,2
5544,9243,0.235146374952,2
5544,9487,0.0297268241088,2
5544,10170,1.0,2
5544,11219,0.0486538832832,2
5544,11449,0.421554,2
5544,11516,0.530856,2
5544,11900,0.0541286336448,2
5544,12238,0.0405448078464,2
5545,10456,1.0,2
5545,12144,0.2973539999999999,2
5547,11250,1.0,2
5547,15080,0.023208,2
5548,9701,1.0,2
5549,8578,1.0,2
5549,14101,0.006,2
5549,15219,0.338784,2
5550,7616,0.147522,2
5550,8073,0.4221575,2
5550,10543,1.0,2
5551,7955,1.0,2
5552,8328,0.235885,2
5552,9818,0.35247,2
5554,7985,0.46818,2
5554,10674,1.0,2
5556,7789,0.314005,2
5557,8302,0.0378409397183999,2
5557,8662,0.15363172272,2
5557,8766,0.281724,2
5557,9458,0.0718087999999999,2
5557,9730,0.33908,2
5557,11222,1.0,2
5557,13262,0.0252665007504,2
5557,14150,0.0398922298991999,2
5558,10071,1.0,2
5558,13609,0.019584,2
5559,15421,0.40272,2
5561,7878,0.1337879999999999,2
5561,10421,1.0,2
5561,12341,0.2428139999999999,2
5561,13773,0.39385,2
5563,9521,1.0,2
5563,12580,0.441114,2
5563,13357,0.392352,2
5563,14186,0.235386,2
5563,14363,0.177528,2
5564,12935,0.1543425,2
5566,8630,1.0,2
5566,12628,0.2270125,2
5567,9194,1.0,2
5568,7440,0.0412504,2
5568,9849,1.0,2
5568,13495,0.011051910294,2
5569,9452,1.0,2
5570,10629,1.0,2
5571,7072,1.0,2
5571,7811,0.0128430589055999,2
5571,8144,0.495594,2
5571,8148,0.0595232,2
5571,8324,0.118308,2
5571,9051,0.063092,2
5571,9478,0.0033691127999999,2
5571,9805,0.0221951298624,2
5571,10901,0.0051892784639999,2
5571,10902,0.056256,2
5571,13325,0.01770207552,2
5571,13784,0.0007041250943999,2
5571,14971,0.013889944,2
5572,9777,0.498738,2
5572,9996,0.1395464,2
5572,11698,0.0121824007199999,2
5572,13022,0.251706,2
5573,7526,1.0,2
5575,10065,1.0,2
5575,10308,0.241464,2
5575,10413,0.08811,2
5575,11422,0.200418,2
5575,12232,0.0129175653504,2
5575,14992,0.0298021872384,2
5575,15435,0.0283612384512,2
5576,12289,0.040452,2
5577,7402,0.016222953,2
5577,11440,0.067064,2
5577,14140,0.0137516585472,2
5578,14108,0.016673290788,2
5579,7884,1.0,2
5579,10832,0.042768,2
5579,12030,0.210438,2
5579,13822,0.40668,2
5580,7476,1.0,2
5580,14071,0.3483179999999999,2
5582,7155,0.0146574125568,2
5582,7352,0.1124544,2
5582,7857,0.0616384,2
5582,9948,0.0800192,2
5582,10100,0.0458889307008,2
5582,10565,0.3414599999999999,2
5582,11177,0.06848,2
5582,12512,0.238884,2
5582,13227,0.381042,2
5582,13662,0.0574947859967999,2
5582,14114,0.0018599662848,2
5582,14707,0.567936,2
5583,9565,0.0165691126656,2
5583,9866,1.0,2
5583,11737,0.0104404760064,2
5583,11828,0.0030605743871999,2
5583,12418,0.02702124744,2
5583,12470,0.0301619881727999,2
5583,14027,0.515778,2
5584,10957,0.073536,2
5584,11205,0.059192,2
5584,11247,1.0,2
5585,7482,0.250002,2
5585,8946,0.042738,2
5585,9915,1.0,2
5586,9654,1.0,2
5586,10010,0.4961339999999999,2
5587,8331,0.049224,2
5587,15410,0.0339179999999999,2
5588,14640,0.4884299999999999,2
5588,14975,0.2140979999999999,2
5589,7079,0.0141373198439999,2
5589,10107,0.0111383959248,2
5589,10982,0.54735,2
5590,7832,1.0,2
5590,8012,0.1694416,2
5590,8891,0.4632059999999999,2
5590,9803,0.3579775,2
5590,12840,0.067332703,2
5590,13590,0.054873252696,2
5590,14039,0.0792519029184,2
5591,7894,1.0,2
5591,8697,0.542004,2
5592,7416,0.09258,2
5592,8480,0.00903838728,2
5592,8778,0.054808,2
5592,9668,0.3413925,2
5592,10350,0.0656255999999999,2
5592,10946,0.030968931552,2
5592,11789,0.2580419999999999,2
5592,12054,0.0147797445119999,2
5592,15198,0.018584515872,2
5593,7953,1.0,2
5593,12255,0.2441225,2
5594,7999,0.0440525666688,2
5594,9446,0.170585,2
5595,8631,0.40747,2
5596,8258,0.554916,2
5596,8311,0.3823979999999999,2
5596,15371,0.1079538655392,2
5597,7920,0.060904,2
5597,10431,0.061510157,2
5597,10432,0.04024111054,2
5597,15120,0.018571579,2
5597,15406,0.034819060416,2
5598,10123,1.0,2
5599,11021,0.2654875,2
5600,7543,0.1997648,2
5600,8117,0.0784430771183999,2
5600,10040,0.015247689856,2
5600,10238,0.046380303,2
5600,11532,0.0988919999999999,2
5600,15322,0.034168692,2
5601,8305,0.03276474516,2
5601,10775,1.0,2
5601,12044,0.000556857504,2
5601,14305,0.261678,2
5601,15222,0.019926415,2
5602,7688,1.0,2
5602,8332,0.3033479999999999,2
5603,7170,1.0,2
5603,8560,0.156816,2
5603,8726,0.23775,2
5604,8226,0.304764,2
5604,8408,1.0,2
5604,9214,0.163516,2
5604,9906,0.4686432,2
5605,8991,0.0409936,2
5605,11423,1.0,2
5605,12653,0.426198,2
5605,12877,0.4596059999999999,2
5605,14388,0.0059222634048,2
5605,14709,0.0121743613152,2
5605,14776,0.564948,2
5606,9726,0.0952019999999999,2
5606,12473,0.416892,2
5607,8208,0.00325448256,2
5607,8795,0.4116575,2
5607,9306,0.16736,2
5607,12826,0.0138212582399999,2
5608,7862,1.0,2
5608,9503,0.0167043714048,2
5609,8729,0.41953,2
5609,12633,0.042861410496,2
5610,13452,0.262785,2
5611,13784,0.0071238294144,2
5612,7056,0.489252,2
5612,11154,1.0,2
5612,12366,0.1987139999999999,2
5612,12483,0.528936,2
5613,12458,0.0020478352416,2
5614,7778,0.0206229420144,2
5614,8195,0.0203136124752,2
5614,8720,0.0442152,2
5614,10491,0.0170077130496,2
5614,11264,0.110964,2
5614,12008,0.391308,2
5615,9045,1.0,2
5616,8912,1.0,2
5617,11013,0.1935,2
5618,10431,1.0,2
5618,10432,1.0,2
5620,9080,0.492354,2
5620,9430,1.0,2
5620,14862,0.336288,2
5621,10897,0.0833375,2
5622,8106,1.0,2
5622,10635,0.285456,2
5623,9686,1.0,2
5624,10974,0.0059744556527999,2
5625,8583,0.0717539999999999,2
5625,14309,0.42175,2
5626,10689,1.0,2
5626,12291,0.1198379999999999,2
5627,7826,0.219144,2
5627,10989,1.0,2
5628,7881,0.283302,2
5628,11517,1.0,2
5629,10454,0.354402,2
5629,11252,1.0,2
5629,13608,0.0482339999999999,2
5629,13638,0.4234225,2
5629,15007,0.3983339999999999,2
5630,10385,0.0469136,2
5630,10833,1.0,2
5630,11452,1.0,2
5630,14026,0.00263185296,2
5631,12893,0.036762,2
5631,13282,0.472224,2
5632,8524,1.0,2
5632,10088,0.52998,2
5633,10702,0.1836499999999999,2
5633,11043,0.0662224,2
5634,9330,1.0,2
5634,11044,0.546042,2
5635,9935,1.0,2
5636,7712,1.0,2
5637,9390,0.184128,2
5637,10676,0.4239525,2
5637,13485,0.2769479999999999,2
5638,9127,1.0,2
5638,11309,0.0876359999999999,2
5639,9972,0.0310036316159999,2
5640,10233,0.0770336,2
5640,10341,0.1160459999999999,2
5641,8809,0.3944339999999999,2
5641,8810,0.518172,2
5641,8868,0.5064479999999999,2
5641,8882,0.0530202760559999,2
5641,8883,0.177618,2
5641,8886,0.047525778,2
5641,9595,0.0140550371231999,2
5641,10166,0.0130828376448,2
5641,10453,0.0105518996351999,2
5641,11612,0.3627959999999999,2
5642,10872,0.1693974999999999,2
5643,9396,1.0,2
5644,11149,1.0,2
5645,6718,0.0123235305599999,2
5645,9297,1.0,2
5645,9783,0.08426,2
5645,14685,0.015141101,2
5646,10861,1.0,2
5647,11891,0.252342,2
5647,14030,0.0587377600655999,2
5647,15487,0.0178403694659999,2
5648,9212,0.138285,2
5648,10422,1.0,2
5649,7816,1.0,2
5649,11113,0.0539504,2
5649,11721,0.0197555143104,2
5649,14792,0.023844037,2
5650,7881,1.0,2
5650,11517,0.554838,2
5650,14532,0.3926675,2
5651,8593,1.0,2
5652,13552,0.0254159999999999,2
5653,10818,0.587916,2
5653,13925,0.013536,2
5654,9392,1.0,2
5654,10566,0.4353719999999999,2
5654,14078,0.114984,2
5656,8658,0.576618,2
5656,12233,0.098912,2
5656,13873,0.504276,2
5657,8117,0.0390520035359999,2
5657,10238,0.023089912,2
5657,10841,0.0567168,2
5657,12571,0.573828,2
5657,13594,0.524838,2
5657,14225,0.240642,2
5657,15322,0.017010499,2
5660,8798,1.0,2
5660,13571,0.0544679999999999,2
5661,8110,0.140394,2
5661,15392,0.4690319999999999,2
5662,9336,1.0,2
5662,12337,0.5457599999999999,2
5665,14572,0.4447079999999999,2
5666,8176,1.0,2
5666,8695,0.2040899999999999,2
5666,14527,0.407094,2
5668,8660,0.3918325,2
5668,12265,0.2555625,2
5670,10499,0.51681,2
5671,8422,0.1559279999999999,2
5671,8914,0.0542224,2
5671,9031,0.0030282125952,2
5671,12726,0.0067438567775999,2
5672,15092,0.330372,2
5673,10905,1.0,2
5673,12709,0.0931799999999999,2
5674,10320,0.4335659999999999,2
5674,11485,1.0,2
5674,14080,0.091848,2
5675,15205,0.453288,2
5676,8479,1.0,2
5677,8451,1.0,2
5678,10853,0.29864,2
5679,10460,1.0,2
5680,9220,0.478554,2
5680,10092,0.120048,2
5680,11628,1.0,2
5680,12025,0.526182,2
5682,7651,0.4999319999999999,2
5682,7717,1.0,2
5682,9208,0.442008,2
5682,10362,0.1014659999999999,2
5682,11081,0.114792,2
5683,7153,1.0,2
5683,11191,0.3090975,2
5684,11197,1.0,2
5684,12432,0.18666,2
5685,7573,0.5830919999999999,2
5685,9321,1.0,2
5686,10231,0.40563,2
5687,12107,0.349206,2
5688,8346,1.0,2
5689,7322,0.368676,2
5689,9090,0.5028239999999999,2
5689,9748,1.0,2
5689,13230,0.193686,2
5689,13830,0.564546,2
5690,7973,0.302845,2
5691,7422,0.046002331,2
5691,8053,0.310032,2
5691,9126,0.40849,2
5691,9434,0.43176,2
5691,9961,0.0074608683072,2
5691,10781,0.0426272,2
5691,13739,0.0161391694464,2
5692,8201,1.0,2
5693,8085,1.0,2
5693,13475,0.332076,2
5694,8151,0.22077,2
5694,8255,1.0,2
5694,11777,0.0372559943232,2
5694,11799,0.139242,2
5694,12064,0.0261257188895999,2
5694,12969,0.0308086517375999,2
5694,12970,0.0248570904384,2
5694,12972,0.0124027179935999,2
5694,12973,0.0084325891584,2
5694,13204,0.326502,2
5694,14644,0.38627,2
5694,15039,0.310986,2
5694,15125,0.1593419999999999,2
5694,15251,0.09801,2
5695,7886,0.1019219999999999,2
5695,8785,1.0,2
5696,8486,0.0419496,2
5696,8934,0.349956,2
5696,9626,0.4258739999999999,2
5696,10401,0.428928,2
5696,10662,0.0185468410512,2
5696,15029,0.0113004671471999,2
5697,7691,1.0,2
5698,13345,0.5006039999999999,2
5698,13568,0.565968,2
5698,15459,0.010986,2
5699,7770,0.016666830336,2
5699,8071,0.074464,2
5699,10494,1.0,2
5699,11048,0.0072790049279999,2
5699,15366,0.0016861628159999,2
5700,9440,0.56334,2
5700,11182,1.0,2
5700,11974,0.241026,2
5700,12122,0.478164,2
5700,12979,0.1294379999999999,2
5700,14778,0.297258,2
5701,7422,0.0463149525696,2
5701,8053,0.0167314190879999,2
5701,9126,0.0931568,2
5701,9961,0.008408949,2
5701,10781,0.048044,2
5701,13739,0.018190035,2
5702,10159,0.452406,2
5702,11169,1.0,2
5702,13500,0.0092258274335999,2
5703,10397,1.0,2
5704,8512,0.3612479999999999,2
5704,9587,0.1329672,2
5704,9709,0.020192399,2
5704,12088,0.172512,2
5704,14285,0.0783945358416,2
5705,11349,1.0,2
5705,15357,0.350922,2
5706,7482,1.0,2
5706,9915,0.10884,2
5707,8461,1.0,2
5709,10976,0.3435025,2
5710,7893,1.0,2
5711,9422,0.420276,2
5712,9151,0.283248,2
5712,10238,0.014287661858,2
5712,10845,0.3365475,2
5712,15322,0.0141602709168,2
5713,11226,1.0,2
5713,14887,0.149394,2
5715,10360,1.0,2
5715,10387,0.0532199999999999,2
5716,8005,0.5251439999999999,2
5716,10992,0.0737759999999999,2
5716,11285,1.0,2
5717,8111,1.0,2
5717,8192,0.0043937324543999,2
5717,13703,0.3363549999999999,2
5717,14942,0.0875039999999999,2
5718,10387,1.0,2
5719,9852,1.0,2
5720,9672,0.08205,2
5720,10391,1.0,2
5721,8659,1.0,2
5721,15057,0.2856674999999999,2
5722,10470,1.0,3
5723,7809,1.0,3
5723,12420,0.3788519999999999,3
5723,13348,0.305436,3
5723,14162,0.488772,3
5725,8531,1.0,3
5727,8676,0.514914,3
5728,12445,0.1838459999999999,3
5729,7547,1.0,3
5729,12035,0.135474,3
5730,8809,0.36582,3
5730,8810,0.546786,3
5730,8868,0.4778339999999999,3
5730,8882,0.027694637,3
5730,8883,0.149004,3
5730,8886,0.024824638,3
5730,9595,0.0073415149823999,3
5730,10166,0.0196080700175999,3
5730,10453,0.01217478708,3
5730,11612,0.39141,3
5731,7321,1.0,3
5731,12261,0.1741924999999999,3
5732,7499,0.198684,3
5732,10983,1.0,3
5732,13952,0.47718,3
5733,8002,0.7215616,3
5733,12529,0.2380702303999999,3
5734,11805,1.0,3
5735,7071,0.0747839999999999,3
5737,10625,1.0,3
5738,9529,0.4449025,3
5738,12450,0.2304179999999999,3
5738,15140,0.0195483675312,3
5740,10156,0.0088319999999999,3
5740,10977,1.0,3
5741,9373,0.546828,3
5743,11021,0.2356174999999999,3
5744,10694,1.0,3
5744,11015,0.49566,3
5745,7097,0.0031989414815999,3
5745,12880,0.585108,3
5746,8004,0.290454,3
5746,11572,1.0,3
5746,14593,0.562896,3
5747,11213,0.55449,3
5747,14925,0.2083199999999999,3
5748,10048,0.2126939999999999,3
5748,11596,1.0,3
5749,9169,0.194568,3
5749,15454,0.2630949999999999,3
5750,7436,1.0,3
5751,8080,1.0,3
5752,7062,0.041804,3
5752,11179,0.0184559682048,3
5752,11910,0.018107486,3
5752,14457,0.011231146248,3
5753,11614,0.2231,3
5755,11066,0.3652979999999999,3
5755,11412,1.0,3
5755,11577,0.0709199999999999,3
5755,12019,0.322884,3
5755,14228,0.481026,3
5755,15058,0.4733639999999999,3
5756,9357,0.1858199999999999,3
5756,9561,1.0,3
5757,9034,1.0,3
5757,10911,0.038874,3
5760,8390,1.0,3
5761,7114,1.0,3
5761,12099,0.37731,3
5762,8632,0.375702,3
5763,8145,0.194622,3
5763,10534,1.0,3
5763,11368,0.389994,3
5764,7880,1.0,3
5764,8616,0.3948239999999999,3
5764,8688,0.059007660912,3
5764,10217,0.208428,3
5765,10521,1.0,3
5766,10581,0.389225,3
5766,12783,0.34353,3
5767,9101,1.0,3
5767,15339,0.159714,3
5768,8759,0.0116909287776,3
5768,8991,0.0737488,3
5768,9706,0.0156455753471999,3
5768,10106,1.0,3
5768,11488,0.0060929373599999,3
5768,14388,0.0173047752815999,3
5768,14709,0.0252631998239999,3
5769,7886,0.2464651146719999,3
5769,8785,0.0049545288239999,3
5769,10619,0.0447376,3
5769,10757,1.0,3
5769,13600,0.2318339999999999,3
5770,7540,0.0465032,3
5770,7838,0.0055481772192,3
5770,7940,0.0102949714224,3
5770,9098,0.1595875,3
5770,9601,0.0517536,3
5770,10078,0.0264881135231999,3
5770,11740,0.0561059999999999,3
5770,13186,0.0183856911648,3
5770,15404,0.0219766682688,3
5771,9144,1.0,3
5771,9916,0.004625139312,3
5772,8598,1.0,3
5772,12272,0.591966,3
5772,14201,0.0560939999999999,3
5774,9244,0.4760039999999999,3
5775,7496,0.027906,3
5775,8968,0.066408,3
5775,14694,0.431058,3
5776,9439,0.015917059948,3
5777,7932,0.5217539999999999,3
5777,10122,1.0,3
5777,11760,0.2533559999999999,3
5777,12735,0.4774739999999999,3
5777,13117,0.048822,3
5777,14750,0.1211819999999999,3
5777,15536,1.0,3
5778,10620,0.429774,3
5778,11070,1.0,3
5779,11162,0.4733325,3
5780,9640,1.0,3
5780,14090,0.381072,3
5781,8278,0.2016925,3
5782,7581,0.0611511999999999,3
5782,7856,0.0155408668799999,3
5782,8526,0.023268,3
5782,9784,1.0,3
5782,13091,0.0891616,3
5783,15104,0.3820499999999999,3
5784,8390,1.0,3
5785,7934,0.175974,3
5785,8027,1.0,3
5785,14964,0.1537549999999999,3
5786,8813,1.0,3
5786,14550,0.125082,3
5786,15385,0.2620679999999999,3
5788,10979,1.0,3
5789,8639,0.21762,3
5789,9408,1.0,3
5789,10472,0.5640959999999999,3
5789,11602,0.527892,3
5791,8486,1.0,3
5791,8934,0.0146805142176,3
5791,9626,0.0178652439503999,3
5791,10401,0.0223439294208,3
5791,10662,0.442122,3
5791,15029,0.2693819999999999,3
5792,10853,0.3195,3
5793,7687,0.0710584,3
5793,9049,0.0528232,3
5793,9105,0.2964,3
5793,9162,1.0,3
5793,9199,0.0219819520944,3
5793,10717,0.309012,3
5793,11286,0.0688744,3
5793,11759,0.487716,3
5793,12123,0.0366111515616,3
5793,13092,0.0028468544496,3
5793,13093,0.0036340888416,3
5793,14083,0.0940499999999999,3
5793,14671,0.384054,3
5793,14921,0.0289520789808,3
5794,11211,1.0,3
5794,12693,0.4987199999999999,3
5794,13674,0.5643,3
5794,15082,0.0807239999999999,3
5795,10123,1.0,3
5796,7505,1.0,3
5796,8999,0.011595659112,3
5796,9583,0.1025576,3
5796,9871,0.0650464,3
5796,10327,0.0376228453296,3
5796,12987,0.0132048865872,3
5796,15270,0.0583858365648,3
5796,15390,0.0510395854176,3
5797,7163,1.0,3
5797,8250,0.2646775,3
5797,10462,0.0533591999999999,3
5798,7452,0.057336,3
5798,9738,0.15357,3
5798,10152,0.00776229102,3
5798,10970,1.0,3
5798,12355,0.0233407975679999,3
5798,14459,0.25095,3
5799,7573,1.0,3
5799,9321,0.4167675,3
5800,11118,1.0,3
5801,8098,0.01374143727,3
5801,9689,1.0,3
5801,11327,0.0581064,3
5802,9355,0.0006758179919999,3
5802,11943,0.015902691174,3
5803,11349,0.513558,3
5803,15357,0.005705036,3
5804,11220,1.0,3
5805,9858,1.0,3
5806,8280,1.0,3
5806,11614,0.0488056,3
5807,10348,1.0,3
5808,11162,0.5068199999999999,3
5809,11608,1.0,3
5810,6703,0.08502,3
5810,7770,0.0128263686144,3
5810,8071,0.0573056,3
5810,8238,0.0438376,3
5810,10036,0.0240321230208,3
5810,10706,1.0,3
5810,11048,0.0056017370111999,3
5810,12171,0.425484,3
5810,14908,0.0072684494304,3
5810,15366,0.0012976280064,3
5813,7429,0.1530875,3
5814,8743,1.0,3
5815,7072,0.0585779999999999,3
5815,7746,0.4342319999999999,3
5815,8324,1.0,3
5816,10253,1.0,3
5816,10254,0.075756,3
5817,10853,1.0,3
5818,10352,0.0679504,3
5818,10435,1.0,3
5819,11339,0.4658219999999999,3
5819,12384,0.383118,3
5819,14619,0.109302,3
5819,15239,0.091014,3
5820,8914,0.04054,3
5820,9031,0.00226407792,3
5820,10673,0.44883,3
5820,12726,0.005042122,3
5820,12745,0.179946,3
5820,14151,0.347448,3
5820,14558,0.099912,3
5820,14606,0.046632,3
5821,7904,0.011648518634,3
5821,8249,0.0308006049023999,3
5821,8795,0.016829217,3
5821,9081,0.0412472,3
5821,10153,0.0068419205472,3
5821,10262,0.0050451925152,3
5821,11181,0.0494016,3
5821,11322,0.012394367424,3
5821,14315,0.0253372091472,3
5822,6728,0.0521696,3
5822,7133,0.0660488,3
5822,7709,1.0,3
5822,8500,0.0199052301456,3
5822,8960,0.0043362358175999,3
5822,10704,0.0687416,3
5822,12910,0.023069195,3
5822,15076,0.0887939999999999,3
5823,11234,1.0,3
5824,9000,0.558462,3
5824,10731,0.571788,3
5824,10732,0.388548,3
5825,9814,1.0,3
5826,14276,0.3395575,3
5827,7560,1.0,3
5828,10443,1.0,3
5828,11487,0.1932239999999999,3
5828,12386,0.307758,3
5828,13157,0.244248,3
5829,9270,1.0,3
5830,10123,1.0,3
5831,9694,0.1017299999999999,3
5831,10311,1.0,3
5831,10600,0.47097,3
5832,8489,1.0,3
5832,9044,0.382932,3
5832,9397,0.317556,3
5832,12594,0.5598719999999999,3
5832,13931,0.08142,3
5832,14206,0.2891999999999999,3
5835,9999,1.0,3
5835,11614,0.0613432,3
5836,9691,1.0,3
5836,10140,0.2457625,3
5837,8470,0.5398919999999999,3
5837,10209,0.0612488,3
5837,10580,1.0,3
5837,11543,0.0120122371536,3
5838,7488,1.0,3
5838,7693,1.0,3
5838,11138,0.47667,3
5839,8420,1.0,3
5839,9618,0.0211558957728,3
5839,10894,0.0520224,3
5839,12301,0.0179057282592,3
5839,13645,0.40317,3
5840,7831,1.0,3
5841,7505,0.1025576,3
5841,8664,0.0091211318399999,3
5841,8999,0.0274888485,3
5841,9246,0.005570849952,3
5841,9412,0.0191188850999999,3
5841,9583,1.0,3
5841,9871,0.1542,3
5841,10327,0.366846,3
5841,10571,0.021905926,3
5841,10735,0.0010760821199999,3
5841,11006,0.003483912864,3
5841,12987,0.0312276108144,3
5841,15270,0.569298,3
5841,15390,0.0296909606447999,3
5842,8866,0.596094,3
5842,15031,0.59178,3
5843,7616,1.0,3
5843,8073,0.483048,3
5843,9582,0.380154,3
5843,10543,0.1511039999999999,3
5844,8705,1.0,3
5844,12335,0.012702,3
5845,11504,0.225876,3
5846,7834,1.0,3
5847,8179,0.2527025,3
5847,10260,0.4344599999999999,3
5848,9550,0.1172579999999999,3
5848,10074,1.0,3
5848,12002,0.532632,3
5848,13012,0.24624,3
5848,15069,0.412992,3
5849,7109,0.0216219821423999,3
5849,8749,1.0,3
5849,8934,0.3738359999999999,3
5849,9626,0.2023079043936,3
5849,10401,0.085593767,3
5850,7896,0.0027523481999999,3
5850,8103,0.0131342065919999,3
5850,8173,1.0,3
5850,8394,0.400134,3
5850,8646,0.096068,3
5850,8908,0.035966451,3
5850,10061,0.0423371675999999,3
5850,10457,0.0766376,3
5850,12092,0.022873022,3
5850,12501,0.4108725,3
5850,13253,0.2581859999999999,3
5850,14231,0.018971316504,3
5850,14597,0.03612176,3
5850,14710,0.325572,3
5850,15279,0.01718272248,3
5851,7776,0.0497576,3
5851,8362,0.1669324999999999,3
5851,13741,0.0009392244576,3
5851,14654,0.0276823887744,3
5852,12280,0.277416,3
5852,14959,0.4456859999999999,3
5853,8004,0.1085905266191999,3
5853,11572,0.38766,3
5853,14593,0.442524,3
5854,7154,0.017463950928,3
5854,11114,0.0079569831839999,3
5854,11275,0.3587675,3
5854,12926,0.280945,3
5854,13496,0.010079419968,3
5855,8412,0.041844,3
5855,10489,0.516726,3
5855,10690,0.2917782916272,3
5855,11579,1.0,3
5855,12205,0.126423903,3
5855,15250,0.1497269033567999,3
5856,7988,1.0,3
5857,8659,1.0,3
5857,15057,0.2692299999999999,3
5859,7157,0.0254641099536,3
5859,7516,0.0865368,3
5859,8251,0.0868696,3
5859,8942,0.0314113004735999,3
5859,9202,1.0,3
5859,9436,0.325386,3
5859,9454,0.322965,3
5859,9787,0.0647024,3
5859,10039,0.1669752,3
5859,10407,0.0231438266928,3
5859,11396,0.0212016949319999,3
5859,11881,0.0048525979968,3
5859,13557,0.0659198052576,3
5859,14362,0.043060424568,3
5859,15017,0.052886420014,3
5860,11749,0.0944999999999999,3
5860,12724,0.034505470656,3
5863,7712,1.0,3
5864,10431,0.203916,3
5864,10432,0.36771,3
5865,7973,1.0,3
5866,9289,0.2866725,3
5866,12253,0.3773825,3
5868,8279,0.2347259999999999,3
5868,12717,0.557928,3
5868,14180,0.278286,3
5868,15121,0.4127399999999999,3
5869,9672,0.1039559999999999,3
5869,10391,1.0,3
5870,8638,1.0,3
5870,13579,0.0069024999999999,3
5871,8101,0.021234491,3
5871,9798,0.110946,3
5871,10319,0.398718,3
5871,10340,0.0358061088383999,3
5871,10465,1.0,3
5871,11228,0.0603424,3
5871,11230,0.0499592,3
5871,11631,0.0939816,3
5871,11986,0.52266,3
5871,12435,0.291792,3
5871,12596,0.009556426,3
5871,13602,0.201078,3
5871,13755,0.0302620607999999,3
5871,13978,1.0,3
5873,8710,1.0,3
5873,14678,0.018828209,3
5874,10561,1.0,3
5874,12051,0.025195638,3
5874,13020,0.0108110089728,3
5876,8131,0.449292,3
5876,8132,1.0,3
5877,7710,1.0,3
5877,9865,0.0196619999999999,3
5878,9792,1.0,3
5879,7687,0.0869912,3
5879,8900,0.0494952,3
5879,9049,0.0482544,3
5879,9199,0.0200806825248,3
5879,9252,0.0482192,3
5879,14409,0.0058678908864,3
5879,14921,0.0264479471135999,3
5879,15193,0.0171595898784,3
5879,15256,0.0203526242208,3
5879,15441,0.0028752751584,3
5879,15442,0.0009696109679999,3
5880,9323,0.0885296,3
5880,11679,0.0439347616512,3
5880,11922,0.26641,3
5880,14490,0.0431709282623999,3
5880,15416,0.0097183866384,3
5881,7166,0.437532,3
5881,11480,1.0,3
5881,13593,1.0,3
5882,8495,0.024486,3
5882,10840,0.096834,3
5882,11551,0.127572,3
5882,12134,0.3296459999999999,3
5882,12203,0.583164,3
5882,12489,0.580824,3
5882,14557,0.1512,3
5883,8781,0.2007175,3
5884,7053,0.07368,3
5885,7880,0.4932419999999999,3
5885,8616,1.0,3
5885,10217,0.4270139999999999,3
5886,8619,1.0,3
5886,12324,0.3761775,3
5887,8470,0.021319258,3
5888,8496,0.473124,3
5888,10908,1.0,3
5889,8141,0.57414,3
5889,10956,0.323916,3
5889,12011,0.4750919999999999,3
5889,14421,0.530016,3
5891,11606,1.0,3
5892,11213,0.036733854,3
5892,14925,0.0138007833599999,3
5893,11441,1.0,3
5894,8625,0.0800099999999999,3
5894,8973,1.0,3
5895,7773,0.176346,3
5895,9018,0.4881075,3
5897,6717,0.1757936,3
5897,8471,0.08499270105,3
5897,9786,0.0317419955903999,3
5897,10299,0.028695668296,3
5897,12827,0.0792315818687999,3
5898,8287,0.342954,3
5898,8602,0.419335,3
5898,8603,1.0,3
5898,12770,1.0,3
5899,10071,0.452466,3
5900,7514,0.596046,3
5900,7515,1.0,3
5900,8510,0.055776,3
5902,7448,1.0,3
5904,10150,0.424315,3
5905,9982,0.0544144,3
5906,8018,0.1119,3
5906,9684,0.1218704,3
5906,12966,0.4042379999999999,3
5906,15350,0.23201,3
5907,9858,1.0,3
5908,8658,1.0,3
5908,12233,1.0,3
5908,13873,0.452136,3
5909,14059,0.051888,3
5910,7929,1.0,3
5910,8927,0.4517879999999999,3
5910,12611,0.1197599999999999,3
5910,15490,0.191016,3
5911,8660,1.0,3
5911,10352,0.023826,3
5912,9307,0.2416249999999999,3
5913,11250,0.0663784,3
5913,11646,0.22119,3
5916,11607,1.0,3
5918,7422,1.0,3
5918,7722,0.0411359999999999,3
5918,9126,0.470892,3
5919,12215,0.021852,3
5919,14815,0.403476,3
5919,14816,1.0,3
5920,11225,0.018276,3
5921,9804,0.560862,3
5921,14015,0.39324,3
5922,9452,1.0,3
5923,8037,0.0643504,3
5923,8794,1.0,3
5923,13115,0.0338349255167999,3
5923,13132,0.459576,3
5923,13712,0.3289319999999999,3
5923,13960,0.4252439999999999,3
5924,10620,0.0571905419088,3
5924,11070,0.1330712,3
5925,7747,1.0,3
5925,9716,0.4859099999999999,3
5925,10598,0.2654579999999999,3
5925,14378,0.292675,3
5926,7491,1.0,3
5926,10436,0.1401768,3
5927,8232,0.3468175,3
5928,7880,0.0560339999999999,3
5928,8616,0.217866,3
5928,10217,1.0,3
5929,9496,1.0,3
5929,13531,0.06336,3
5930,9948,0.52419,3
5930,10100,1.0,3
5930,11262,0.0213627309264,3
5930,14114,0.1075559999999999,3
5932,8897,0.205008,3
5932,11319,1.0,3
5932,12649,0.16503,3
5932,13620,0.4816919999999999,3
5932,14141,0.018807182,3
5933,8382,0.0173583656927999,3
5933,9834,1.0,3
5934,6710,0.424398,3
5934,9887,0.5055959999999999,3
5934,10078,1.0,3
5934,15408,0.002088,3
5935,10677,1.0,3
5936,8909,0.480978,3
5936,9195,0.0838019999999999,3
5937,12297,1.0,3
5937,12480,0.281538,3
5938,7427,0.04882926,3
5938,7946,0.015965422,3
5938,8517,0.0044313318,3
5938,10000,0.01861404,3
5938,10385,1.0,3
5938,10833,0.0469136,3
5938,11452,0.0469136,3
5938,14026,0.0561,3
5939,8053,0.268968,3
5939,9126,0.4256,3
5939,9434,0.390696,3
5940,9105,1.0,3
5940,9162,0.296586,3
5940,10717,0.012969851664,3
5940,11759,0.1790699999999999,3
5940,12123,0.0088273388063999,3
5940,14083,0.402696,3
5940,14671,0.538644,3
5941,8188,0.3704475,3
5941,12635,0.2421299999999999,3
5942,10016,1.0,3
5942,10656,0.366072,3
5942,10913,0.1205408,3
5943,9673,0.19584,3
5943,10531,1.0,3
5943,13277,0.436494,3
5943,13440,0.057069155,3
5943,15272,0.00498604416,3
5944,8415,1.0,3
5944,11299,0.13476,3
5945,8270,1.0,3
5945,10401,0.3187439999999999,3
5946,9510,0.2861,3
5946,11503,0.4092925,3
5948,7120,1.0,3
5948,8000,0.1170784,3
5948,11192,0.4058039999999999,3
5948,14629,0.2200679999999999,3
5949,10821,0.529932,3
5949,15195,0.2937075,3
5950,7836,0.4134719999999999,3
5950,10722,0.036162,3
5950,12583,0.33561,3
5951,7061,0.0045770120639999,3
5951,8504,0.0224916540624,3
5951,11157,0.0191699947152,3
5953,10269,0.157716,3
5953,10426,0.41853,3
5953,14044,0.16425,3
5954,7536,1.0,3
5954,9612,0.260094,3
5954,10308,0.054956738,3
5954,14496,0.393762,3
5955,7873,0.366402,3
5955,8979,1.0,3
5956,7933,0.553836,3
5958,9566,1.0,3
5958,11497,0.2911875,3
5959,7980,0.569964,3
5959,8807,0.0489,3
5959,8873,0.138378,3
5959,8874,0.192066,3
5959,8875,0.428568,3
5959,8917,0.318186,3
5959,8987,0.0262195049664,3
5959,9029,0.0244088776224,3
5959,9203,0.0118760364575999,3
5959,10423,0.295116,3
5959,10709,0.340914,3
5959,11342,0.0482448,3
5959,11385,0.0444839999999999,3
5959,14661,0.384606,3
5960,9673,1.0,3
5960,10531,0.316728,3
5960,13277,0.075068238,3
5960,13440,0.3318359999999999,3
5960,15272,0.028992,3
5961,8040,0.3804375,3
5961,9539,0.0090359999999999,3
5962,11010,1.0,3
5962,11201,0.316614,3
5962,12356,0.433758,3
5962,14454,0.5240819999999999,3
5963,11624,1.0,3
5964,7778,0.466422,3
5964,8195,0.459426,3
5964,8720,1.0,3
5964,10208,0.0281830783104,3
5964,10491,0.0198938952576,3
5964,11264,0.037631921964,3
5964,11333,0.0260917210944,3
5964,12008,0.0173017614816,3
5965,8486,0.016261899,3
5965,9848,0.081498,3
5965,10662,0.164064,3
5965,15029,0.36117,3
5967,7062,1.0,3
5967,8016,0.0172984672224,3
5967,9437,0.0088403866559999,3
5967,9485,0.0308964800304,3
5967,11179,0.0304674409728,3
5967,11910,0.433152,3
5967,14016,0.0133294798799999,3
5967,14457,0.268662,3
5968,8192,0.31206,3
5969,8865,1.0,3
5970,7536,1.0,3
5970,9612,0.3410939999999999,3
5970,10308,0.0384869822399999,3
5970,14496,0.312762,3
5971,10498,1.0,3
5972,8151,0.0296972739359999,3
5972,8255,0.1345168,3
5972,11777,0.0290178464256,3
5972,11799,0.0187303882655999,3
5972,12064,0.0192141752112,3
5972,12969,0.2290319999999999,3
5972,12970,0.184788,3
5972,12972,0.0922019999999999,3
5972,12973,0.062688,3
5972,13204,0.0439200042336,3
5972,14644,0.051959804,3
5972,15039,0.0418328415648,3
5972,15125,0.0214341759455999,3
5972,15251,0.013183992,3
5973,11359,1.0,3
5974,8016,0.019020061,3
5974,8447,0.0131886867935999,3
5974,8596,0.0176224818143999,3
5974,8968,0.0955776,3
5974,9437,0.046312,3
5974,9485,0.0008130534719999,3
5974,11382,1.0,3
5974,14016,0.025099066,3
5974,14694,0.0216162123264,3
5975,8639,0.255102,3
5975,9408,1.0,3
5975,10472,1.0,3
5975,11602,0.5653739999999999,3
5976,10757,0.1705799999999999,3
5976,13600,0.513864,3
5977,9060,1.0,3
5977,13920,0.468306,3
5978,9248,1.0,3
5978,12870,0.482196,3
5978,15514,0.184194,3
5979,8739,1.0,3
5980,7771,0.3666,3
5980,9607,1.0,3
5981,8639,0.056306426456,3
5981,10333,1.0,3
5982,8086,0.11479097136,3
5982,11646,0.2606975,3
5984,9085,1.0,3
5986,7557,0.367932,3
5986,7570,0.580314,3
5987,7497,0.1261824999999999,3
5988,10437,1.0,3
5989,10804,1.0,3
5989,14097,0.3497025,3
5991,7330,0.0290873238912,3
5991,7502,0.0035884518047999,3
5991,7807,0.0717784,3
5991,10195,0.3662175,3
5991,11175,0.0639659999999999,3
5991,11246,0.01584903,3
5991,12216,0.0334118237184,3
5991,12440,0.0340080228864,3
5992,7832,0.0373978336176,3
5992,8891,0.02612108,3
5992,9803,0.012629122776,3
5992,10361,1.0,3
5992,13590,0.0078067695024,3
5993,9319,0.034104,3
5993,11009,1.0,3
5994,11250,1.0,3
5995,9102,1.0,3
5996,8342,1.0,3
5996,11192,0.0080441593823999,3
5997,10370,1.0,3
5997,13313,0.2997375,3
5998,11162,1.0,3
5999,7539,0.5822579999999999,3
5999,9896,0.0492464,3
6000,8606,1.0,3
6000,9119,0.36096,3
6001,7448,1.0,3
6002,10905,1.0,3
6002,12709,0.22891,3
6003,7505,1.0,3
6003,8999,0.007701726456,3
6003,9583,0.0630952,3
6003,9871,0.0440136,3
6003,10327,0.0231462217392,3
6003,12987,0.0090080874576,3
6003,15270,0.0359199711695999,3
6003,15390,0.4705739999999999,3
6004,11548,1.0,3
6007,10239,0.434388,3
6008,8789,1.0,3
6008,9576,0.2817179999999999,3
6009,8999,0.3896625,3
6009,9871,1.0,3
6009,12696,0.0055047296639999,3
6009,12987,0.0298511300976,3
6011,9271,0.41969,3
6011,10364,0.534408,3
6012,7048,1.0,3
6012,8948,0.0022614374016,3
6012,9763,0.030038508576,3
6012,11096,0.007055051184,3
6012,12937,0.02121883,3
6012,13667,0.0002536531776,3
6012,14408,0.049938,3
6013,10399,1.0,3
6013,11818,0.528204,3
6013,13793,0.25899,3
6015,7550,0.472452,3
6015,11243,0.208472,3
6015,11658,0.4657139999999999,3
6015,12672,0.286194,3
6015,13002,0.080718691,3
6015,13654,0.056507586432,3
6015,13921,0.18423,3
6015,14088,0.122686605888,3
6016,7099,1.0,3
6016,9234,0.1917275,3
6017,7152,0.1279199999999999,3
6017,9191,1.0,3
6018,7572,0.497532,3
6018,10312,1.0,3
6018,11501,0.0039308789376,3
6020,9352,0.044624,3
6020,9355,0.0153899999999999,3
6020,10808,0.01246326,3
6020,11943,0.3621425,3
6020,12909,0.017084476896,3
6020,15036,0.01437651408,3
6021,10804,1.0,3
6021,14097,0.1534575,3
6022,8682,0.4440359999999999,3
6022,8683,1.0,3
6022,13796,0.384378,3
6022,14670,0.427344,3
6022,15145,0.0778439999999999,3
6023,9355,0.529212,3
6023,10179,0.0292199999999999,3
6023,11943,0.256536,3
6023,13648,0.502884,3
6024,8273,0.4402379999999999,3
6024,10508,1.0,3
6024,10766,0.2618759999999999,3
6024,13003,0.290292,3
6024,14546,0.0663,3
6025,7332,0.175048,3
6025,8568,0.285318,3
6025,8993,0.008198548128,3
6025,9439,0.01986185556,3
6025,9608,0.022770843816,3
6025,10326,1.0,3
6025,10797,0.020325089426,3
6025,11776,0.4230479999999999,3
6025,12563,0.004911666,3
6025,12847,0.1185136,3
6026,6717,0.1118696,3
6026,8374,0.0882808,3
6026,8471,0.281676,3
6026,9786,0.046992,3
6026,10299,0.1173224,3
6026,12827,0.0255549046896,3
6027,8650,1.0,3
6029,7886,0.302939929,3
6029,8785,0.0649708462511999,3
6029,10757,1.0,3
6029,13600,0.1820699810495999,3
6030,12392,0.064794,3
6031,7523,0.0121305855719999,3
6031,9756,0.0522344,3
6031,11026,0.052252,3
6031,11283,0.524214,3
6031,11414,1.0,3
6032,9202,0.0447376,3
6032,9436,0.0145569887136,3
6032,9454,1.0,3
6032,11881,0.108468,3
6033,7764,0.176604,3
6033,10547,1.0,3
6033,12251,0.311706,3
6034,10028,0.342108,3
6034,11225,1.0,3
6034,11712,0.169758,3
6034,12188,0.41421,3
6035,7755,0.16311,3
6035,8822,0.4333625,3
6036,8152,1.0,3
6037,14831,0.169536,3
6038,10381,1.0,3
6039,8010,1.0,3
6039,15246,0.372615,3
6040,7062,0.0789672,3
6040,11179,0.385824,3
6040,11910,0.0342048006144,3
6040,14457,0.0212154858864,3
6042,8302,0.526968,3
6042,8662,0.0697883472864,3
6042,8766,0.222024,3
6042,9458,1.0,3
6042,9730,0.1540296,3
6042,11222,0.0718087999999999,3
6042,13262,0.351858,3
6042,14150,0.555534,3
6044,8913,0.2227799999999999,3
6044,9008,1.0,3
6044,11361,0.464766,3
6044,13055,0.177108,3
6045,15517,0.352548,3
6046,7709,0.0559144,3
6046,8500,0.1135211072927999,3
6046,8626,0.0446296,3
6046,9738,0.0422328,3
6046,10704,0.3952425,3
6046,10970,0.015133173642,3
6046,14609,0.0013513651343999,3
6046,15076,0.0049648632335999,3
6047,10433,1.0,3
6048,7106,0.0422592,3
6048,12921,0.2523899999999999,3
6048,13823,0.1061939999999999,3
6049,10701,0.4944,3
6050,8232,1.0,3
6050,10212,0.5717279999999999,3
6050,12812,0.005073372216,3
6051,10845,0.0097774999999999,3
6052,8821,0.379986,3
6052,10906,1.0,3
6052,12277,0.565284,3
6053,10973,1.0,3
6054,9645,1.0,3
6056,9128,1.0,3
6057,7878,1.0,3
6057,10421,0.187278,3
6057,12341,0.5087999999999999,3
6057,13773,0.374454,3
6058,9245,1.0,3
6058,14567,0.167358,3
6060,10892,1.0,3
6061,8340,0.549396,3
6061,9650,1.0,3
6061,9791,0.0411024,3
6061,10289,0.0059136077999999,3
6061,12985,0.287736,3
6061,13382,0.2191499999999999,3
6061,13414,0.532644,3
6061,13511,0.0372,3
6061,14885,0.0119931178224,3
6061,15306,0.349482,3
6062,7583,1.0,3
6062,15533,0.06327,3
6063,8674,1.0,3
6064,8912,1.0,3
6065,6717,0.2370544,3
6065,7415,0.0083227806144,3
6065,8081,0.02817254804,3
6065,8374,1.0,3
6065,8471,0.0389930535264,3
6065,9786,0.2654704,3
6065,10299,0.3997272,3
6065,10962,0.0634408,3
6065,12827,0.1070769983712,3
6066,7344,1.0,3
6066,8095,0.0269694288863999,3
6066,8796,0.031306732,3
6066,8799,0.153144,3
6066,10026,0.061768718,3
6066,10238,0.015947596,3
6066,10650,0.0246039826032,3
6066,11098,0.0121498414416,3
6066,11525,0.0339301996272,3
6066,12091,0.0079887615552,3
6066,13810,0.012994710912,3
6066,15322,0.0158054051952,3
6068,9598,0.4910279999999999,3
6068,9949,1.0,3
6068,12986,0.207996,3
6068,13502,0.096822,3
6068,13609,0.0361559999999999,3
6068,15302,0.372936,3
6069,7700,1.0,3
6070,13838,0.1034574999999999,3
6071,14060,0.546264,3
6071,14369,0.47286,3
6071,14679,0.2448359999999999,3
6071,15224,0.14205,3
6072,12151,0.408738,3
6072,12744,0.587832,3
6072,14103,0.150408,3
6075,9893,0.3536424999999999,3
6076,8104,1.0,3
6077,10555,0.405792,3
6077,10800,0.549126,3
6078,13642,0.3097375,3
6079,10521,1.0,3
6080,11690,0.36557,3
6081,9096,0.401244,3
6081,9123,0.16335,3
6081,9781,1.0,3
6082,14801,0.0596759999999999,3
6082,15384,0.3652375,3
6083,14706,0.2063025,3
6083,14708,1.0,3
6084,11627,0.1208279999999999,3
6085,10905,1.0,3
6085,12709,0.350745,3
6086,7064,0.020793236,3
6086,7460,0.061181629,3
6086,7475,1.0,3
6086,7599,0.6860008,3
6086,7600,0.6860008,3
6086,7958,0.6911096,3
6086,9551,0.0255213576575999,3
6086,9853,0.206252,3
6086,10466,0.026149953,3
6086,10611,0.0342594678815999,3
6086,10938,0.044300410128,3
6086,11214,0.0606595156128,3
6086,11398,0.279306,3
6086,13861,0.0118961277264,3
6087,9288,0.536532,3
6089,7850,1.0,3
6091,7963,1.0,3
6092,13287,0.40197,3
6092,14563,0.191214,3
6093,12458,0.0015074815775999,3
6094,9895,1.0,3
6094,12754,0.130902,3
6094,12831,0.0088872932256,3
6094,12889,0.381588,3
6094,14653,0.2621099999999999,3
6094,15378,0.4417199999999999,3
6096,8391,1.0,3
6096,13484,0.1559849999999999,3
6097,7137,0.13734,3
6097,8495,0.0094379265792,3
6097,8643,0.4024439999999999,3
6097,10200,1.0,3
6097,11025,0.0486752,3
6097,13528,0.020135713,3
6097,15292,0.0182260392384,3
6098,8723,1.0,3
6098,8998,0.574662,3
6098,11381,0.0285057524591999,3
6099,9007,0.388446,3
6099,9343,1.0,3
6100,9997,1.0,3
6100,10173,0.017670996,3
6101,6719,0.0175050464112,3
6101,7603,0.049608478,3
6101,7625,0.0312603850944,3
6101,7783,0.0190615029696,3
6101,7938,0.0309035231568,3
6101,7980,0.0274977991872,3
6101,8158,0.0281228485248,3
6101,8163,0.0379927530623999,3
6101,8174,0.034538043,3
6101,8549,0.0242342950176,3
6101,8773,0.0376389252576,3
6101,8805,0.0780176,3
6101,8806,0.016911427,3
6101,8871,0.0473252005776,3
6101,8872,0.040984457,3
6101,8875,0.0206761774464,3
6101,8876,0.0740416,3
6101,8877,0.0544016,3
6101,8878,0.0127315254528,3
6101,8917,0.0153508199328,3
6101,8922,0.0170935617456,3
6101,8924,0.0194284613232,3
6101,8944,0.0250282021152,3
6101,8987,0.543468,3
6101,9029,0.505938,3
6101,9203,0.246162,3
6101,9411,0.0242460638783999,3
6101,9425,0.0217385299296,3
6101,9629,0.0656904,3
6101,9931,0.0141662939519999,3
6101,10042,0.0228375176832,3
6101,10147,0.0128713412928,3
6101,10251,0.0268745397119999,3
6101,10423,0.0142378123967999,3
6101,10533,0.0378045624384,3
6101,10564,0.0546570800928,3
6101,10609,0.0337657140288,3
6101,10709,0.0164473277472,3
6101,10834,0.02634841268,3
6101,10966,0.0427592,3
6101,11023,0.0144961951295999,3
6101,11028,0.037007759,3
6101,11232,0.0663432,3
6101,11233,0.0663432,3
6101,11273,0.0160738100928,3
6101,11342,1.0,3
6101,11366,0.0352744256399999,3
6101,11392,0.0367821570528,3
6101,11600,0.083756,3
6101,14661,0.0185552395488,3
6102,7911,0.2040808,3
6102,9157,1.0,3
6102,13377,0.0292235542368,3
6103,7706,0.025614,3
6104,7619,0.0108393206736,3
6104,7620,0.0543112,3
6104,7621,0.0227377097472,3
6104,7622,0.0289669871424,3
6104,7623,0.0284006299488,3
6104,7624,0.0165094099536,3
6104,8803,0.0098682006912,3
6104,8804,0.0102247985664,3
6104,8881,0.015751484096,3
6104,9227,0.0714568,3
6104,9794,0.0008640746783999,3
6104,9898,0.041318941,3
6104,10166,0.0321527502144,3
6104,10236,0.03025785171,3
6104,10453,0.0352334136384,3
6104,10480,0.021415499352,3
6104,11165,0.018690276912,3
6104,11202,0.0157744477679999,3
6104,11208,0.0160074762432,3
6104,11521,0.0063801117984,3
6104,11524,0.0305322056928,3
6104,11537,0.0369738859392,3
6104,11538,0.0148143048863999,3
6104,11541,0.0522352,3
6104,11544,0.0387983560176,3
6104,11559,0.0341667,3
6104,11612,0.027050680464,3
6104,11619,0.0213210505248,3
6104,11620,0.0235882671456,3
6104,11625,0.0115269505248,3
6104,12945,0.369961477,3
6104,15252,0.0930152,3
6105,8627,1.0,3
6106,9723,0.0658139999999999,3
6106,10188,0.308096,3
6106,10540,0.445104,3
6106,11681,0.2258519999999999,3
6107,7495,0.049308,3
6107,7550,0.098493013,3
6107,10298,0.017223679,3
6107,11243,1.0,3
6107,11658,0.0970883290079999,3
6107,11727,0.003691295496,3
6107,11736,0.006337951704,3
6107,12169,0.01925871864,3
6107,12672,0.059663436,3
6107,12897,0.008050912,3
6107,13002,0.387192,3
6107,13654,0.271056,3
6107,13921,0.53142,3
6107,14088,0.588504,3
6108,10912,1.0,3
6108,14572,0.0696059999999999,3
6109,8149,0.0412952,3
6109,11026,0.159515,3
6109,11283,0.027368165,3
6109,11414,0.052208,3
6110,12391,0.1489199999999999,3
6110,14736,0.546792,3
6111,9026,1.0,3
6111,12550,0.2468579999999999,3
6111,14888,0.534786,3
6112,11567,1.0,3
6113,7619,0.0099322785792,3
6113,7620,0.0497664,3
6113,7621,0.0208350019584,3
6113,7622,0.0265430089728,3
6113,7623,0.0260240449535999,3
6113,7624,0.0151278907392,3
6113,8163,0.0078792705792,3
6113,8549,0.019589318,3
6113,8773,0.0015408857664,3
6113,8803,0.0092057231232,3
6113,8804,0.0095383816703999,3
6113,8805,0.063064,3
6113,8881,0.014694047,3
6113,8944,0.020231057,3
6113,9227,0.0682328,3
6113,9508,0.0099140391839999,3
6113,9794,0.0009288796175999,3
6113,9898,0.039589814,3
6113,10032,0.0111685457999999,3
6113,10166,0.031197589,3
6113,10236,0.028865524,3
6113,10453,0.034186736,3
6113,10480,0.019977822072,3
6113,11165,0.020092033,3
6113,11202,0.0153058366799999,3
6113,11208,0.0149328533952,3
6113,11273,0.01299295,3
6113,11366,5.473091520000112e-05,3
6113,11520,0.0412504,3
6113,11521,0.0068586152976,3
6113,11524,0.0328220977392,3
6113,11537,0.0354265919376,3
6113,11538,0.0142015664064,3
6113,11541,0.0561528,3
6113,11544,0.0371936066976,3
6113,11559,0.032753522092,3
6113,11612,0.026247087,3
6113,11618,0.0194546786496,3
6113,11619,0.0229201129872,3
6113,11620,0.0253573691184,3
6113,11621,0.006130634,3
6113,11622,0.0051478024176,3
6113,11623,0.0412504,3
6113,11625,0.0123914629872,3
6113,12945,0.50628,3
6113,15252,0.090252,3
6114,9945,1.0,3
6114,12764,0.254844,3
6114,14186,0.170544,3
6114,14363,0.26076,3
6115,10860,0.0265655755199999,3
6115,11060,1.0,3
6115,11594,0.0292430508479999,3
6115,12699,0.05755431,3
6115,14830,0.5350739999999999,3
6116,10766,1.0,3
6116,10869,0.4339816,3
6116,11631,0.042348,3
6116,13003,0.1852275,3
6117,8976,1.0,3
6117,9553,0.3811275,3
6117,9769,0.07536864,3
6118,9467,0.4001099999999999,3
6118,10812,0.031319816,3
6118,11111,0.422905,3
6119,7561,1.0,3
6119,13098,0.1076579999999999,3
6120,8548,0.3910099999999999,3
6120,10754,0.391146,3
6121,7616,0.50745,3
6121,9582,0.195312,3
6121,10543,0.335946,3
6122,7880,1.0,3
6122,8616,0.218772,3
6122,8688,0.211866,3
6122,10217,0.032376,3
6123,7153,0.1720700089536,3
6123,8082,0.0309155903136,3
6123,8919,0.0249447177792,3
6123,9019,0.0872288,3
6123,10015,0.0264811702464,3
6123,10285,0.0244148177471999,3
6123,10496,0.0578976,3
6123,11191,1.0,3
6124,7726,1.0,3
6124,7955,0.092476,3
6124,8364,0.01401277626,3
6124,10866,0.073948,3
6124,11402,0.0421813060752,3
6124,12259,0.01153228524,3
6125,7572,0.130482,3
6125,11501,1.0,3
6126,11149,1.0,3
6127,7097,0.0272279999999999,3
6127,12880,0.4101575,3
6128,11087,0.0112910049168,3
6128,15212,0.268345,3
6129,10261,1.0,3
6129,10917,0.2436779999999999,3
6129,11206,0.560886,3
6130,10494,1.0,3
6131,8102,0.0664116508224,3
6131,8406,0.059316,3
6131,8464,0.2429536,3
6131,8465,0.2429536,3
6131,8492,0.0493424,3
6131,8518,0.1686568,3
6131,9633,0.169592,3
6131,9649,0.0063862783296,3
6131,10072,0.1400352,3
6131,10193,0.0672032,3
6131,10464,0.0410049374976,3
6131,11445,1.0,3
6131,12791,0.05246913048,3
6131,13845,0.0801386277744,3
6133,8486,0.1818699999999999,3
6135,8387,1.0,3
6136,7522,1.0,3
6137,10144,1.0,3
6138,7083,1.0,3
6138,13094,0.0079923440839999,3
6139,8432,0.1605599999999999,3
6139,10442,1.0,3
6141,7881,0.45903,3
6141,11517,1.0,3
6141,14532,0.158124,3
6142,15321,0.055194,3
6143,10934,0.3448325,3
6143,12921,0.2215919999999999,3
6144,8674,1.0,3
6144,13802,0.23886,3
6145,11504,1.0,3
6146,9275,1.0,3
6147,6701,0.0165731465599999,3
6147,7860,1.0,3
6147,8662,0.0040681344672,3
6147,8766,0.0408792,3
6147,11222,0.0132127297488,3
6147,11341,0.273348,3
6147,12804,0.52899,3
6148,8381,1.0,3
6149,7781,1.0,3
6149,8234,0.5377259999999999,3
6150,11160,0.2088125,3
6151,15075,0.072798,3
6152,7800,0.3279359999999999,3
6152,7937,0.588804,3
6152,8425,0.4066525,3
6152,12245,0.460362,3
6152,12714,0.0556079999999999,3
6152,13454,0.026244,3
6153,10892,1.0,3
6154,9198,0.366222,3
6154,11238,1.0,3
6154,13416,0.1044,3
6155,14804,0.283725,3
6156,7894,1.0,3
6156,8697,0.469836,3
6157,7404,1.0,3
6157,11722,0.124926,3
6157,13563,0.42939,3
6157,14197,0.1718999999999999,3
6158,8270,0.0464384,3
6158,8749,0.2396544,3
6158,8934,0.521712,3
6158,9626,0.59763,3
6158,10401,0.357155,3
6160,11617,1.0,3
6161,10179,0.300012,3
6161,11427,1.0,3
6162,10470,1.0,3
6163,8214,1.0,3
6167,8691,0.2481479999999999,3
6167,10620,1.0,3
6167,11070,0.4550039999999999,3
6168,11157,1.0,3
6169,7627,0.27336,3
6169,7782,1.0,3
6169,10049,0.48537,3
6169,13377,0.295242,3
6169,14035,0.27336,3
6171,8761,1.0,3
6171,12828,0.528486,3
6172,9062,0.1166225,3
6172,10590,1.0,3
6173,8723,1.0,3
6173,8998,0.51855,3
6173,11381,0.0437008869359999,3
6174,15421,0.401125,3
6175,9019,0.100924,3
6175,9972,0.0598032,3
6175,10008,0.1153859999999999,3
6175,10285,0.0282480220559999,3
6175,11406,1.0,3
6175,13839,0.377814,3
6177,9957,0.54516,3
6178,7832,1.0,3
6178,8012,0.14062,3
6178,8891,0.4353539999999999,3
6178,9803,0.3463724999999999,3
6178,12840,0.055879576,3
6178,13590,0.07779,3
6178,14039,0.066352641264,3
6179,8635,0.12346,3
6180,9212,0.1565975,3
6180,10422,1.0,3
6181,10197,0.370206,3
6182,7581,0.7098568000000001,3
6182,7856,0.02121956088,3
6182,8526,0.0012977773536,3
6182,9784,0.0557752,3
6182,13091,0.1217416,3
6183,11435,0.0413574999999999,3
6183,11711,0.0473724999999999,3
6184,8037,0.0616224,3
6184,8794,1.0,3
6184,13115,0.0324005649408,3
6184,13132,0.490938,3
6184,13712,0.3602939999999999,3
6184,13960,0.4566059999999999,3
6185,7514,0.033245062,3
6185,7515,0.055776,3
6185,7680,0.0825336,3
6185,8048,0.013394250936,3
6185,8510,1.0,3
6185,9109,0.0285005104559999,3
6185,11500,0.085404,3
6185,11903,0.0375640125696,3
6185,14835,0.0297975182759999,3
6187,10437,1.0,3
6189,9413,0.48249,3
6189,10002,0.033234,3
6189,10035,1.0,3
6189,10874,0.1395839999999999,3
6189,12803,0.39126,3
6189,13289,0.233766,3
6190,7322,0.7844512,3
6190,9090,0.273066,3
6190,9748,0.4750919999999999,3
6190,13230,0.061335707736,3
6190,13830,0.4750919999999999,3
6191,9910,0.5266259999999999,3
6191,10243,0.102618,3
6191,10871,0.3373379999999999,3
6191,13053,0.5639219999999999,3
6191,13400,0.103362,3
6192,7750,1.0,3
6192,11552,0.0304319999999999,3
6194,9750,1.0,3
6194,14074,0.0426719999999999,3
6194,14610,0.3008639999999999,3
6195,10619,1.0,3
6196,7713,0.4618739999999999,3
6196,9922,1.0,3
6196,9923,0.4401719999999999,3
6196,11740,0.0385559999999999,3
6197,11076,1.0,3
6198,7171,1.0,3
6199,9207,0.404916,3
6199,10624,1.0,3
6199,12818,0.542658,3
6200,7464,1.0,3
6200,13075,0.0742793195199999,3
6200,14342,0.109114660992,3
6201,8512,0.133518,3
6201,12088,0.2562419999999999,3
6201,14398,0.340015,3
6202,10160,1.0,3
6202,13629,0.231816,3
6203,8887,1.0,3
6203,10651,0.275316,3
6205,6717,0.5889288,3
6205,7059,0.096472,3
6205,7415,0.019846992,3
6205,8081,0.0311154727,3
6205,8374,0.4748819999999999,3
6205,8471,0.0492647551776,3
6205,9786,0.6751624,3
6205,10299,1.0,3
6205,10962,0.0972608,3
6205,12827,0.2660179611024,3
6205,13981,0.001965793,3
6206,10676,1.0,3
6206,13485,0.0798779999999999,3
6207,7061,0.0067003939199999,3
6207,8504,0.032926053,3
6207,11157,0.028063399,3
6207,11355,1.0,3
6207,12403,0.521466,3
6208,9180,1.0,3
6208,9181,0.268968,3
6208,9802,0.0431068784976,3
6209,8486,0.226944,3
6209,9848,0.005839821,3
6209,10662,0.39498,3
6209,15029,0.592086,3
6210,7153,0.1757922383904,3
6210,8082,0.0306835335215999,3
6210,8919,0.023663566,3
6210,9019,0.0819688,3
6210,10015,0.0262823988383999,3
6210,10285,0.0229425753071999,3
6210,10496,0.054924,3
6210,11191,1.0,3
6211,8375,0.094026,3
6211,8376,0.1985699999999999,3
6211,9173,0.40119,3
6211,9242,0.0243824735615999,3
6211,9700,0.0005180124768,3
6211,10336,0.062306205552,3
6211,10862,0.0116024399904,3
6211,11037,0.030630971,3
6211,11489,0.407205,3
6211,12161,0.0214674468288,3
6211,14741,0.0225183216383999,3
6211,15174,0.016428891,3
6212,7154,0.017614151628,3
6212,11114,0.0079695639359999,3
6212,11275,0.37315,3
6212,12926,0.2665625,3
6212,13496,0.010166109168,3
6213,11171,0.2932439999999999,3
6213,11350,0.1583939999999999,3
6213,14319,0.365142,3
6213,15208,0.3966825,3
6214,10479,1.0,3
6214,15020,0.318708,3
6215,8055,0.414755,3
6215,9042,0.131244,3
6215,11296,1.0,3
6216,9034,0.3262079999999999,3
6216,10911,1.0,3
6217,9535,0.3441059999999999,3
6218,8789,1.0,3
6218,9576,0.1990152862991999,3
6219,12887,0.216324,3
6220,8728,1.0,3
6220,8905,0.4940219999999999,3
6220,14699,0.5542379999999999,3
6221,9024,1.0,3
6222,8378,1.0,3
6223,10470,0.251226,3
6223,15413,0.0138239999999999,3
6224,9948,0.5875199999999999,3
6224,10100,0.594456,3
6224,11262,0.0277959818736,3
6224,14114,0.0628967697696,3
6225,7758,1.0,3
6225,14324,0.347334,3
6225,14877,0.0816179999999999,3
6227,7747,1.0,3
6227,9716,0.4218725,3
6227,10598,0.1920419999999999,3
6227,14378,0.3323099999999999,3
6228,7907,0.025635861576,3
6228,8101,0.05420301624,3
6228,9573,0.074724,3
6228,9798,0.019919440248,3
6228,10029,0.0041687025119999,3
6228,10319,0.0400021541232,3
6228,10340,0.0499694197823999,3
6228,10465,0.1094552,3
6228,10766,0.0664304,3
6228,10869,0.0664304,3
6228,11228,0.1540296,3
6228,11230,0.062649614,3
6228,11435,0.0411618659616,3
6228,11631,1.0,3
6228,11986,0.0608474591424,3
6228,12435,0.0355777560288,3
6228,12596,0.024393667752,3
6228,12873,0.010165304,3
6228,13003,0.007844014,3
6228,13602,0.0256486370159999,3
6228,13755,0.0322999779839999,3
6228,13978,0.0939816,3
6228,14334,0.019527174576,3
6228,15156,0.012671098,3
6229,8600,0.432456,3
6230,9293,1.0,3
6231,12510,0.051882,3
6232,11191,1.0,3
6234,8498,0.526488,3
6234,9825,0.0236929500672,3
6234,10424,0.0186312633504,3
6235,10235,1.0,3
6236,12253,0.50013,3
6237,7999,0.0910117211328,3
6237,9446,0.51318,3
6238,8231,0.3060925,3
6238,9691,0.0230608776575999,3
6238,10140,0.038138946,3
6238,12465,1.0,3
6240,8161,0.385032,3
6240,10115,1.0,3
6240,12036,0.0282167627376,3
6241,7789,0.592698,3
6243,9025,0.3087999999999999,3
6243,14322,0.36271,3
6244,9529,0.1450125,3
6245,7072,0.0595232,3
6245,7746,0.0411008,3
6245,8144,0.0294993407808,3
6245,8148,1.0,3
6245,8324,0.0411008,3
6245,9805,0.372882,3
6245,12998,0.0211792364256,3
6245,13784,0.0005909812271999,3
6246,12281,0.38614,3
6247,8629,0.549822,3
6247,10397,0.147066,3
6248,10077,0.453114,3
6248,10714,1.0,3
6248,13220,0.176034,3
6248,13764,0.032478,3
6248,14316,0.21987,3
6248,14511,0.2467379999999999,3
6250,7620,0.0211722746496,3
6250,7622,0.002786582904,3
6250,7623,0.115704,3
6250,12938,0.30327,3
6251,8743,1.0,3
6252,8196,1.0,3
6252,11659,0.559302,3
6252,14968,0.282048,3
6253,9012,0.335532,3
6253,11274,1.0,3
6253,12757,0.43983,3
6253,13945,0.186996,3
6253,14503,0.513936,3
6253,15080,0.3611824999999999,3
6254,8317,0.263202,3
6254,9130,1.0,3
6255,10681,1.0,3
6256,7536,1.0,3
6256,9612,0.1242599999999999,3
6256,14496,0.529596,3
6258,9652,1.0,3
6259,7413,1.0,3
6259,10011,1.0,3
6260,13108,0.063606,3
6261,9377,1.0,3
6262,9768,1.0,3
6263,9166,0.444796,3
6263,9167,1.0,3
6264,7999,0.186024,3
6264,9446,0.4227225,3
6265,9948,0.56394,3
6265,10100,0.437556,3
6265,11262,0.1071288,3
6265,14114,0.0156926785343999,3
6266,8897,1.0,3
6266,11319,0.513342,3
6266,12649,0.011504571,3
6266,13620,0.0788699999999999,3
6266,14141,0.269784,3
6267,6726,1.0,3
6268,7692,0.0470392,3
6268,9621,0.3102325,3
6268,9622,0.4024675,3
6268,11836,0.0046053209664,3
6269,11136,1.0,3
6271,11149,0.0405656,3
6273,9683,0.4075325,3
6273,14171,0.3366539999999999,3
6275,11265,0.392904,3
6275,11486,0.1420832,3
6276,8912,1.0,3
6277,9843,1.0,3
6278,8572,1.0,3
6279,10339,1.0,3
6280,9364,0.291455,3
6281,11504,0.012897186,3
6282,8928,0.25254,3
6282,9156,1.0,3
6282,14279,0.1243439999999999,3
6282,14573,0.3141719999999999,3
6283,6706,1.0,3
6283,12800,0.0953649999999999,3
6284,11527,0.0785639999999999,3
6284,11528,1.0,3
6285,7493,1.0,3
6285,7949,0.288612,3
6286,7338,1.0,3
6287,8999,1.0,3
6287,9322,0.0147924999999999,3
6288,9201,1.0,3
6289,9346,1.0,3
6290,7881,0.422988,3
6290,11517,1.0,3
6290,14532,0.122082,3
6291,7830,1.0,3
6291,12675,0.189588,3
6292,8098,0.02496267455,3
6292,8604,0.044182284,3
6292,9187,0.0154785169,3
6292,9432,0.0153188185632,3
6292,10144,0.189775,3
6292,11017,0.086928,3
6292,11327,0.105556,3
6292,11564,0.026934814656,3
6293,11587,0.4213019999999999,3
6294,8299,1.0,3
6295,10549,0.3327225,3
6295,12397,0.560856,3
6296,9067,0.159055,3
6297,9019,0.0701504,3
6297,9972,1.0,3
6297,10008,0.0069004520352,3
6297,10285,0.0196346760575999,3
6297,11406,0.0598032,3
6297,13839,0.0225944862048,3
6298,12768,0.480426,3
6298,14164,0.560124,3
6299,9337,0.57411,3
6300,7519,0.300606,3
6300,8165,0.3859139999999999,3
6300,9415,0.0549646680959999,3
6300,9497,0.393498,3
6300,9560,0.1246259999999999,3
6300,9564,1.0,3
6300,9779,0.286164,3
6300,11144,0.1138799999999999,3
6300,13462,0.134676,3
6300,13463,0.0839159999999999,3
6300,13800,0.0424572799104,3
6301,10008,1.0,3
6301,11406,0.106362,3
6302,8711,1.0,3
6302,13992,0.1032049999999999,3
6303,11539,1.0,3
6303,12184,0.097452,3
6304,7499,0.1267449741216,3
6304,10983,1.0,3
6304,13952,0.370386,3
6305,7627,0.149472,3
6305,7782,0.530352,3
6305,10049,1.0,3
6305,13377,0.41913,3
6305,14035,0.149472,3
6306,10971,1.0,3
6307,7099,0.394266,3
6307,9234,0.587268,3
6308,10470,1.0,3
6310,7543,1.0,3
6310,11532,0.0197551406015999,3
6311,8659,1.0,3
6311,15057,0.3010325,3
6312,9373,1.0,3
6313,8113,1.0,3
6313,9904,0.045648,3
6313,14229,0.018137959,3
6313,14300,0.023923843,3
6314,9513,1.0,3
6314,10778,0.0584824,3
6315,11438,1.0,3
6316,8067,0.483444,3
6317,12099,0.1785625,3
6317,15179,0.40173,3
6318,6718,0.0122313307775999,3
6318,9783,0.0836296,3
6318,10300,0.289405,3
6318,11215,1.0,3
6318,14685,0.015027821,3
6319,7865,1.0,3
6319,11011,0.411372,3
6320,7783,1.0,3
6320,8163,0.0177218306784,3
6320,8773,0.0232890859584,3
6320,8806,0.0354365821152,3
6320,8808,0.4005472590336,3
6320,8869,0.020241639,3
6320,8870,0.0774725718144,3
6320,9560,0.0626424,3
6320,9564,0.0031737145535999,3
6320,10147,0.558864,3
6320,10251,0.4956719999999999,3
6320,10609,0.030498183,3
6320,11023,1.0,3
6320,11366,0.0282186011711999,3
6321,8208,0.019446,3
6321,8795,0.20052,3
6321,9306,1.0,3
6321,12826,0.0825839999999999,3
6322,15114,0.3304275,3
6324,7495,1.0,3
6324,9707,0.015783516,3
6324,10298,0.3493079999999999,3
6324,11048,0.0127286248608,3
6324,11243,0.049308,3
6324,11727,0.074862,3
6324,11736,0.128538,3
6324,12169,0.39058,3
6324,12672,0.0011274767279999,3
6324,12897,0.1632779999999999,3
6324,13002,0.019091663,3
6324,13654,0.013365229248,3
6324,13921,0.026203257,3
6324,14028,0.0101069960928,3
6324,14088,0.029017955232,3
6324,15366,0.017454948,3
6325,13054,0.1908774999999999,3
6326,9021,1.0,3
6326,9701,0.40979,3
6327,8179,0.4418819999999999,3
6327,10723,1.0,3
6328,8390,1.0,3
6331,13187,0.169392,3
6331,13200,1.0,3
6332,9476,0.561012,3
6332,12480,0.3147179999999999,3
6333,10206,0.3074274999999999,3
6334,9490,0.0746368,3
6334,11891,0.0381300874416,3
6334,14030,0.3887219999999999,3
6334,15487,0.016758147,3
6335,7710,0.31701,3
6335,9865,1.0,3
6336,8789,1.0,3
6336,9576,0.1091039999999999,3
6337,8312,1.0,3
6338,7536,1.0,3
6338,9612,0.2383259999999999,3
6338,10308,0.05318604792,3
6338,14496,0.41553,3
6339,12099,0.2473199999999999,3
6339,15179,0.3329725,3
6342,9661,0.0542392,3
6342,14944,0.014436305,3
6344,8357,1.0,3
6344,8961,0.0628559999999999,3
6344,12681,0.476928,3
6344,13161,0.166182,3
6345,8279,0.4286475,3
6345,12717,0.021408,3
6346,14659,0.5607599999999999,3
6346,15238,0.484326,3
6348,9098,0.0938559958847999,3
6348,11103,1.0,3
6348,13044,0.070915079,3
6348,14005,0.077106,3
6348,14754,0.180488393,3
6349,9490,0.0569376,3
6349,11891,0.0191119793328,3
6349,14030,0.1862125,3
6349,15487,0.2355525,3
6351,7315,0.4201625,3
6351,7316,0.582282,3
6352,8620,1.0,3
6352,9272,0.100572,3
6352,13215,0.1881179999999999,3
6352,14075,0.289446,3
6353,7935,0.341676,3
6354,8307,1.0,3
6355,8086,1.0,3
6355,9217,0.041264,3
6355,11646,0.013352717392,3
6356,10365,1.0,3
6356,14077,0.11046,3
6357,13552,0.4628939999999999,3
6358,10437,1.0,3
6359,8991,0.0486504,3
6359,14388,0.0070284259871999,3
6359,14709,0.0144482930928,3
6360,9074,1.0,3
6361,6708,1.0,3
6361,7444,0.448848,3
6361,11129,0.4821419999999999,3
6361,12905,0.4137959999999999,3
6361,14224,0.325158,3
6361,15433,0.322746,3
6362,12401,0.527748,3
6362,13569,0.013427202656,3
6363,10404,0.3797759999999999,3
6364,8606,0.28014,3
6364,9119,1.0,3
6364,15004,0.0030930577007999,3
6365,7800,1.0,3
6365,7937,0.317454,3
6365,8425,0.06105,3
6365,12245,0.4629,3
6365,12714,0.3705239999999999,3
6365,15240,0.283866,3
6366,11160,0.2821,3
6367,10967,0.58929,3
6367,11094,0.346068,3
6367,11124,0.260742,3
6367,11160,0.204516,3
6367,11937,0.3629819999999999,3
6368,6719,0.030339053,3
6368,7418,0.0016998690672,3
6368,7519,0.009465977,3
6368,7653,0.437292,3
6368,7663,0.0974642604096,3
6368,7882,0.1578912953184,3
6368,7938,0.053560763,3
6368,8076,0.0079862573231999,3
6368,8124,0.0027657777504,3
6368,8158,0.0487414074239999,3
6368,8165,0.013877083,3
6368,8333,0.54543,3
6368,8922,0.283668,3
6368,8923,0.3575399999999999,3
6368,8924,0.2677139999999999,3
6368,9411,0.217812,3
6368,9423,0.009248653,3
6368,9424,0.014660949744,3
6368,9425,0.0376763592479999,3
6368,9497,0.014269236,3
6368,9560,0.01252192,3
6368,9564,0.0248427983519999,3
6368,9629,0.113852,3
6368,9779,0.0087192097919999,3
6368,10533,0.065521371,3
6368,10660,0.1359129399264,3
6368,10720,1.0,3
6368,10907,0.1157493111264,3
6368,11163,0.0531664482384,3
6368,11392,0.063749378,3
6368,11478,0.426312,3
6368,13462,0.000886068288,3
6368,13852,0.1478229233376,3
6368,13854,0.5529419999999999,3
6369,9072,1.0,3
6371,10798,0.0560324999999999,3
6372,8555,0.1769039999999999,3
6372,11171,1.0,3
6372,11350,0.487524,3
6372,14319,0.0360119999999999,3
6372,15208,0.5677139999999999,3
6373,13251,0.3350775,3
6374,11379,1.0,3
6375,7479,0.2415475,3
6377,8761,0.0333775,3
6377,9646,0.0419336,3
6378,13484,0.023286,3
6378,15416,0.5762459999999999,3
6379,9784,0.011868,3
6380,9289,0.5374199999999999,3
6380,13257,0.135942,3
6380,14684,0.3714359999999999,3
6381,9662,1.0,3
6381,13121,0.390768,3
6382,8702,0.1303019999999999,3
6382,10146,0.2866559999999999,3
6383,8233,0.111192,3
6383,9022,0.1098224,3
6383,9023,0.0598417864704,3
6383,9764,0.0442619415168,3
6383,9790,0.0404619869519999,3
6383,9855,0.080600637696,3
6383,9965,0.159436,3
6383,10162,0.534552,3
6383,10215,0.0322230944448,3
6383,10396,0.0361164541824,3
6383,10604,0.0020482440191999,3
6383,10772,0.0871658933039999,3
6383,10891,0.070525558,3
6383,10904,0.0441775979136,3
6383,11083,0.006580468512,3
6383,11278,1.0,3
6383,11421,0.482502,3
6383,11724,0.4768619999999999,3
6383,15189,0.0031281343199999,3
6384,7783,0.0743459999999999,3
6384,8806,0.0399889365888,3
6384,8808,0.3798825,3
6384,8870,0.462348,3
6384,10147,0.1492559999999999,3
6384,10251,0.0564248,3
6384,11023,0.1104539999999999,3
6385,9225,0.3035,3
6385,11242,1.0,3
6386,7555,0.022035175344,3
6386,8155,0.0487367654399999,3
6386,8233,0.053612,3
6386,9022,0.0746032,3
6386,9023,0.0406509852672,3
6386,9764,0.0300674769024,3
6386,9790,0.0419231621951999,3
6386,9855,0.0835113117696,3
6386,9965,0.1651936,3
6386,10162,0.0359783430912,3
6386,10215,0.478758,3
6386,10396,0.536604,3
6386,10579,0.011733308,3
6386,10604,0.0304319999999999,3
6386,10772,0.0903136538303999,3
6386,10891,0.0730723977984,3
6386,10904,0.0300101816448,3
6386,11083,0.119488,3
6386,11278,0.0673056,3
6386,11421,0.0324750866112,3
6386,11724,0.0320954830271999,3
6386,15189,0.005922303,3
6387,7460,0.053787191,3
6387,7475,1.0,3
6387,7599,0.7613312,3
6387,7600,0.7613312,3
6387,7958,0.5665015999999999,3
6387,9853,0.2349472,3
6387,10611,0.0301188541536,3
6387,10938,0.038946244,3
6387,11214,0.0533281809888,3
6387,11398,0.2908939928832,3
6389,7555,0.0315963008928,3
6389,8155,0.02949839424,3
6389,8233,0.0768744,3
6389,9022,1.0,3
6389,9023,0.5174519999999999,3
6389,9764,0.4304759999999999,3
6389,9790,0.0375968896847999,3
6389,9855,0.0748933384704,3
6389,9965,0.1481463999999999,3
6389,10162,0.0252317096832,3
6389,10215,0.0314439499584,3
6389,10396,0.1061208,3
6389,10579,0.0168244236863999,3
6389,10604,0.036375291918,3
6389,10772,0.0809937109295999,3
6389,10891,0.0655316711616,3
6389,10904,0.37482,3
6389,11083,0.0929376,3
6389,11278,0.0472016,3
6389,11421,0.0227748664032,3
6389,11724,0.0225086493791999,3
6389,15189,0.0084920074704,3
6390,9022,1.0,3
6390,9023,0.520968,3
6390,9764,0.42696,3
6390,10904,0.378336,3
6391,8155,0.02007415344,3
6391,8233,0.0122113723008,3
6391,9022,1.0,3
6391,9023,0.5448959999999999,3
6391,9764,0.403032,3
6391,9790,0.0386572923935999,3
6391,9855,0.0770056700928,3
6391,9965,0.1523248,3
6391,10162,0.0587057835648,3
6391,10215,0.0357168788256,3
6391,10396,0.1210224,3
6391,10604,0.041483150604,3
6391,10772,0.0832781007071999,3
6391,10891,0.0673799613312,3
6391,10904,0.4022639999999999,3
6391,11083,0.0632456,3
6391,11278,0.1098224,3
6391,11421,0.0529895276448,3
6391,11724,0.0523701293088,3
6391,15189,0.0029886125759999,3
6392,7064,0.024474301,3
6392,7460,0.06673769,3
6392,7475,0.7613312,3
6392,7599,1.0,3
6392,7600,1.0,3
6392,7958,0.5876504,3
6392,9551,0.0300394507392,3
6392,9853,0.2284272,3
6392,10466,0.0307793279279999,3
6392,10611,0.0373706582688,3
6392,10938,0.048323444,3
6392,11214,0.0661681622304,3
6392,11398,0.382086,3
6392,13861,0.0140021211888,3
6393,8154,0.313305,3
6393,11190,0.526326,3
6394,7876,0.120623474136,3
6394,8352,0.084069406,3
6394,9100,0.0128261527679999,3
6394,11078,0.375052,3
6394,12117,0.094006784,3
6394,13572,0.148398,3
6394,13637,0.141630137,3
6394,15024,0.53508,3
6395,8664,0.1187399999999999,3
6395,9003,0.1558264,3
6395,9246,0.072522,3
6395,9583,0.076816,3
6395,10327,0.028179642,3
6395,10571,0.285174,3
6395,11006,0.063896615,3
6395,11969,0.0137551079808,3
6395,15270,0.043731195,3
6395,15391,0.0385090665792,3
6396,10388,1.0,3
6396,10389,1.0,3
6397,10388,1.0,3
6397,10389,1.0,3
6398,9981,0.48612,3
6398,10653,0.0347175,3
6399,9227,0.0422632,3
6399,9794,0.0333415752768,3
6399,9898,0.4263975,3
6399,10032,0.0228699513408,3
6399,10236,0.012394079568,3
6399,11165,0.053400996,3
6399,11521,0.0416284719168,3
6399,11524,0.087235207,3
6399,11537,0.381558,3
6399,11538,0.0146769693119999,3
6399,11541,0.149244,3
6399,11544,0.0384386770079999,3
6399,11559,0.0338499588599999,3
6399,11619,0.1159139999999999,3
6399,11620,0.13248,3
6399,11622,0.0297099369935999,3
6399,11623,0.0025289160144,3
6399,11625,0.0784744,3
6399,12945,0.04700668,3
6400,9894,1.0,3
6401,7066,0.451224,3
6401,10171,0.549714,3
6401,10697,0.192342,3
6402,7066,0.4474919999999999,3
6402,10171,0.553446,3
6402,10697,0.18861,3
6403,7603,0.047584761,3
6403,7783,0.0389408686752,3
6403,8163,0.0508079999999999,3
6403,8549,0.310626,3
6403,8609,0.0041823076223999,3
6403,8773,0.038795630016,3
6403,8803,0.0331031407488,3
6403,8804,0.0086781534144,3
6403,8805,1.0,3
6403,8806,0.033687602014,3
6403,8808,0.0376548576095999,3
6403,8870,0.0076057250303999,3
6403,8871,0.0453946274496,3
6403,8872,0.039312547,3
6403,8876,0.0492664,3
6403,8877,0.0072256072895999,3
6403,8885,0.0214198139424,3
6403,8944,0.320802,3
6403,8987,0.0424000690368,3
6403,9029,0.0394720685088,3
6403,9203,0.0192049684512,3
6403,9299,0.017689304178,3
6403,9508,0.1572059999999999,3
6403,9794,0.0089358692544,3
6403,9900,0.0118449671807999,3
6403,10032,0.0033700334784,3
6403,10147,0.0355422032447999,3
6403,10245,0.0004425108048,3
6403,10251,0.0546315510864,3
6403,10609,0.0486664,3
6403,10998,0.0060245909904,3
6403,11023,0.0328047687072,3
6403,11165,0.0199371540959999,3
6403,11202,0.0762928,3
6403,11273,0.206028,3
6403,11342,0.0780176,3
6403,11366,0.0450540030336,3
6403,11521,0.0133404874943999,3
6403,11524,0.016134417,3
6403,11541,0.0186678232031999,3
6403,11619,0.008779205,3
6403,11620,0.0105896031935999,3
6403,11622,0.0070055953632,3
6403,11625,0.0174502966272,3
6403,12945,0.031928042,3
6403,15252,0.004731989016,3
6404,6719,0.289926,3
6404,7418,0.019242,3
6404,7653,0.0386310749472,3
6404,7882,0.013023318672,3
6404,7938,0.49389,3
6404,8076,0.0904019999999999,3
6404,8158,0.4515599999999999,3
6404,8333,0.048184159,3
6404,8922,0.236766,3
6404,8923,0.163596,3
6404,8924,0.27231,3
6404,9411,0.3456479999999999,3
6404,9423,0.104682,3
6404,9424,0.15222,3
6404,9425,0.3543719999999999,3
6404,9629,1.0,3
6404,10533,0.552048,3
6404,10660,0.006090269904,3
6404,10720,0.0883416,3
6404,11392,0.536484,3
6404,11478,0.0376610841792,3
6404,13852,0.0098472614687999,3
6404,13854,0.0488477809871999,3
6405,6719,0.266478,3
6405,7143,0.0379638826848,3
6405,7151,0.035552085,3
6405,7501,0.0161994861216,3
6405,7603,0.024317686,3
6405,7653,0.049786568784,3
6405,7663,0.0491643760128,3
6405,7882,0.0796458822912,3
6405,7938,0.470442,3
6405,8076,0.0669539999999999,3
6405,8158,0.4281119999999999,3
6405,8163,0.0276228055872,3
6405,8326,0.0317372221872,3
6405,8333,0.062098296,3
6405,8543,0.0169920336959999,3
6405,8727,0.0371600795376,3
6405,8773,0.0363004198272,3
6405,8871,0.0231984412176,3
6405,8872,0.0200902585439999,3
6405,8876,0.0567128,3
6405,8922,0.260214,3
6405,8923,0.187044,3
6405,8924,0.2957579999999999,3
6405,8987,0.0357006303072,3
6405,9029,0.0332352695952,3
6405,9203,0.0161704802448,3
6405,9411,0.3690959999999999,3
6405,9423,0.081234,3
6405,9424,0.128772,3
6405,9425,0.3309239999999999,3
6405,9629,1.0,3
6405,9816,0.0355777012512,3
6405,9967,0.0646872,3
6405,10042,0.02150270496,3
6405,10190,0.0299503029744,3
6405,10455,0.0365941959119999,3
6405,10533,0.575496,3
6405,10609,0.0475371527039999,3
6405,10660,0.0685592324352,3
6405,10720,0.113852,3
6405,10907,0.0583879940352,3
6405,10966,0.04026,3
6405,11163,0.0268190128512,3
6405,11233,0.0121622285952,3
6405,11342,0.0656904,3
6405,11366,0.0439839962496,3
6405,11392,0.559932,3
6405,11478,0.057222398,3
6405,13852,0.0745670439168,3
6405,13854,0.062953553,3
6406,8809,0.1047479999999999,3
6406,8883,0.326862,3
6406,8886,0.3345479999999999,3
6407,7625,0.0207904988544,3
6407,8163,1.0,3
6407,8609,0.0370800078768,3
6407,8773,0.4795439999999999,3
6407,8805,0.02472,3
6407,8806,0.0219811140576,3
6407,8878,0.0084674185728,3
6407,8882,0.0062900940815999,3
6407,9595,0.0324470304144,3
6407,9900,0.0196224402527999,3
6407,10251,0.0032739775775999,3
6407,10609,0.3406679999999999,3
6407,11232,0.0441232,3
6407,11233,0.0441232,3
6407,11366,0.443538,3
6408,7783,0.411564,3
6408,8163,0.0048072903743999,3
6408,8549,0.0293904381168,3
6408,8805,0.0946168,3
6408,8806,0.3560425,3
6408,8808,0.079638,3
6408,8869,0.0184784312544,3
6408,8870,0.028079034,3
6408,8944,0.0303532586736,3
6408,9508,0.0148743286607999,3
6408,9560,5.232454080000209e-05,3
6408,10147,0.280176,3
6408,10251,0.577398,3
6408,10609,0.0016562285183999,3
6408,11023,0.314664,3
6408,11273,0.0194937100704,3
6408,11366,0.0002301843072,3
6409,7519,0.0124143534144,3
6409,7783,0.569592,3
6409,8163,0.0264884357568,3
6409,8165,0.0171423957599999,3
6409,8549,0.0105535013184,3
6409,8773,0.0318641184768,3
6409,8803,0.0091067587487999,3
6409,8804,0.0094358411136,3
6409,8805,0.0232993917792,3
6409,8806,0.1350479999999999,3
6409,8808,0.2376659999999999,3
6409,8869,0.00491885568,3
6409,8870,0.0339968076672,3
6409,8881,0.014536081104,3
6409,8944,0.0109911018816,3
6409,9497,0.0175627253087999,3
6409,9508,0.0039559503744,3
6409,9560,0.011153365,3
6409,9564,0.028895994,3
6409,9779,0.0116139315599999,3
6409,10147,0.438204,3
6409,10251,0.021124029,3
6409,10480,0.019763054298,3
6409,10609,0.0642256,3
6409,11023,0.4726919999999999,3
6409,11144,0.0020654009712,3
6409,11208,0.0147723205968,3
6409,11273,0.0060554526047999,3
6409,11366,0.036624006,3
6409,13462,0.0032179818384,3
6409,13463,0.0004047002064,3
6410,7143,0.0137074956287999,3
6410,7151,0.0118499769216,3
6410,7519,0.026381119056,3
6410,7549,0.006186726624,3
6410,7783,0.0365823879552,3
6410,8163,0.4124279999999999,3
6410,8165,0.024948272928,3
6410,8202,0.0027497330639999,3
6410,8326,0.0089118450624,3
6410,8549,0.021044068056,3
6410,8727,0.0170557523135999,3
6410,8773,0.496128,3
6410,8803,0.0225323928384,3
6410,8804,0.0059069791391999,3
6410,8805,0.0486664,3
6410,8806,0.0200555261136,3
6410,8808,0.0296734932383999,3
6410,8869,0.0193755015792,3
6410,8870,0.029442183426,3
6410,8885,0.0145798752431999,3
6410,8944,0.021488596,3
6410,9415,0.022136097,3
6410,9497,0.021389288,3
6410,9508,0.014342068776,3
6410,9560,0.01137167,3
6410,9564,0.02946157596,3
6410,9779,0.030035648,3
6410,9816,0.0255882618047999,3
6410,9967,0.0154651734528,3
6410,10147,0.0281439148224,3
6410,10166,0.0178499490047999,3
6410,10172,0.0064595530799999,3
6410,10190,0.0075355952832,3
6410,10232,0.0117236988,3
6410,10251,0.0178046963712,3
6410,10453,0.0195602128127999,3
6410,10455,0.0126525900096,3
6410,10609,1.0,3
6410,11023,0.0303589273152,3
6410,11144,0.0253748916,3
6410,11202,0.0519304,3
6410,11232,0.0136814891712,3
6410,11233,0.0248986422912,3
6410,11273,0.016474809,3
6410,11366,0.57024,3
6410,11612,0.015017479,3
6410,13462,0.026422844,3
6410,13463,0.023864946,3
6410,13800,0.02134453944,3
6410,15252,0.0516384,3
6411,6719,0.0174050638656,3
6411,7603,0.0238086972,3
6411,7938,0.0307270133184,3
6411,8076,0.0043731139007999,3
6411,8158,0.0279622209023999,3
6411,8163,0.37572,3
6411,8549,0.0262307504448,3
6411,8609,0.0019048215455999,3
6411,8773,0.45942,3
6411,8803,0.0350646977856,3
6411,8804,0.0091923853727999,3
6411,8805,0.0844448,3
6411,8806,0.0020499973775999,3
6411,8871,0.022712879,3
6411,8872,0.019669753,3
6411,8885,0.0226890647087999,3
6411,8922,0.0169959294528,3
6411,8923,0.0122168162688,3
6411,8924,0.0193174929215999,3
6411,8944,0.0270900607295999,3
6411,8987,0.0323185202496,3
6411,9029,0.0300867162336,3
6411,9203,0.0146385648864,3
6411,9299,0.015128166,3
6411,9411,0.0241075790591999,3
6411,9423,0.0053058149568,3
6411,9424,0.0084107689344,3
6411,9425,0.0216143672447999,3
6411,9508,0.0132752292288,3
6411,9629,0.0653152,3
6411,9794,0.0130927332096,3
6411,9900,0.0053947606751999,3
6411,10032,0.0049377344256,3
6411,10533,0.0375886363392,3
6411,10609,0.567804,3
6411,11165,0.029211689664,3
6411,11202,0.0808136,3
6411,11273,0.0173979932544,3
6411,11342,0.0594672,3
6411,11366,0.533532,3
6411,11392,0.0365720705663999,3
6411,11521,0.0195463293695999,3
6411,11524,0.023639962752,3
6411,11541,0.0273518805888,3
6411,11619,0.012863190528,3
6411,11620,0.0155157652223999,3
6411,11622,0.0102645180288,3
6411,11625,0.0255679746048,3
6411,13854,0.0004910396736,3
6411,15252,0.0050003927424,3
6412,8163,0.0212971220351999,3
6412,8773,0.0256192561152,3
6412,8803,0.0079602086016,3
6412,10166,0.345672,3
6412,10453,0.3787919999999999,3
6412,10609,0.0516384,3
6412,11202,0.1695899999999999,3
6412,11366,0.029446281,3
6412,11612,0.29082,3
6412,12945,0.045692783,3
6412,15252,1.0,3
6413,8163,0.018016505,3
6413,8202,0.0629459999999999,3
6413,8549,0.481734,3
6413,8773,0.021672855552,3
6413,8805,0.5744279999999999,3
6413,8806,0.0042364800672,3
6413,8944,0.4919099999999999,3
6413,9508,0.328314,3
6413,10172,0.1478699999999999,3
6413,10609,0.043684,3
6413,11273,0.3771359999999999,3
6413,11366,0.024910364,3
6414,6715,0.3107939999999999,3
6414,7498,1.0,3
6414,8202,0.5196299999999999,3
6414,8549,0.0720899999999999,3
6414,8692,0.107226,3
6414,9508,0.239502,3
6414,9616,0.520014,3
6414,10165,0.46512,3
6414,10172,0.38001,3
6414,10229,0.144,3
6414,11273,0.116232,3
6415,7625,0.0302965147392,3
6415,8163,0.0658056,3
6415,8609,0.563478,3
6415,8692,0.0030387658752,3
6415,8773,0.0315566806464,3
6415,8805,0.001626714432,3
6415,8809,0.0340258344384,3
6415,8810,0.0612619133183999,3
6415,8868,0.0457215298176,3
6415,8878,0.0123389666304,3
6415,8881,0.020297160576,3
6415,8882,0.0955859999999999,3
6415,8883,0.0113874687936,3
6415,8886,0.019558503932,3
6415,9595,0.493074,3
6415,9900,0.2981879999999999,3
6415,10166,0.003574050144,3
6415,10453,0.0016520193216,3
6415,10480,0.011738476,3
6415,10609,0.023339249,3
6415,11232,0.0642976,3
6415,11233,0.0642976,3
6415,11366,0.0291872842128,3
6415,11612,0.0450386701056,3
6416,7783,0.0244942786944,3
6416,8163,0.116022,3
6416,8549,0.245412,3
6416,8773,0.0203146555392,3
6416,8805,0.541806,3
6416,8806,0.0058074961536,3
6416,8808,0.0102203985312,3
6416,8944,0.255588,3
6416,9508,0.091992,3
6416,10147,0.0188441742528,3
6416,10609,0.0409464,3
6416,11023,0.0203272686144,3
6416,11273,0.1408139999999999,3
6416,11366,0.023349275,3
6416,12945,0.024365434,3
6418,7519,0.0279373574016,3
6418,8163,0.0083746838784,3
6418,8165,0.038577381,3
6418,8549,0.0074815702752,3
6418,8773,0.0016377697728,3
6418,8805,0.0204844936128,3
6418,8869,0.548346,3
6418,8870,0.161226,3
6418,8944,0.0079279954655999,3
6418,9497,0.0395232935232,3
6418,9508,0.0007509735072,3
6418,9560,0.26733,3
6418,9564,0.065027769,3
6418,9779,0.0261360818399999,3
6418,11144,0.0046479943968,3
6418,11273,0.002892814,3
6418,11366,5.817215040000119e-05,3
6418,13462,0.0072417713376,3
6418,13463,0.0009107404896,3
6419,10403,0.532518,3
6420,7692,1.0,3
6420,8122,0.0009081696095999,3
6420,8480,0.010183654248,3
6420,8778,0.0617528,3
6420,9242,0.0927882444096,3
6420,9548,0.0470648,3
6420,9555,0.0353706136128,3
6420,9621,0.012956798316,3
6420,9622,0.016808975,3
6420,9700,0.0047168472095999,3
6420,10497,0.0457424,3
6420,10591,0.0250884256128,3
6420,10862,0.042744307824,3
6420,10946,0.0348930491232,3
6420,11836,0.110268,3
6420,12052,0.015916762,3
6420,12054,0.0166525070592,3
6420,12161,0.0813736098432,3
6420,14741,0.0908654531904,3
6420,15026,0.0410209483008,3
6420,15174,0.0616436785728,3
6420,15198,0.0209393864352,3
6421,8523,0.543384,3
6421,10372,0.1211519999999999,3
6421,11938,0.2465939999999999,3
6421,12766,1.0,3
6421,14282,0.05415,3
6422,9141,0.321276,3
6422,9243,0.105132738,3
6422,9487,0.123016,3
6422,10170,1.0,3
6422,11219,0.0382016346719999,3
6422,11449,0.404676,3
6422,11516,0.5139779999999999,3
6422,11900,0.0271428090912,3
6422,12238,0.04862884,3
6423,6719,0.0151127135183999,3
6423,7603,0.04524105708,3
6423,7938,0.0266800830576,3
6423,8076,0.0037971488111999,3
6423,8158,0.0242794302335999,3
6423,8163,0.0025031272511999,3
6423,8174,0.0007544163743999,3
6423,8549,0.0153034247664,3
6423,8803,0.0187283398272,3
6423,8804,0.0049097276736,3
6423,8805,0.0492664,3
6423,8871,0.0431587946064,3
6423,8872,0.037376276,3
6423,8876,1.0,3
6423,8877,0.146664,3
6423,8879,0.0070282852415999,3
6423,8885,0.0121184137055999,3
6423,8922,0.0147574645392,3
6423,8923,0.0106077889632,3
6423,8924,0.0167732643024,3
6423,8944,0.0158047596528,3
6423,8987,0.0402392402687999,3
6423,9029,0.0374604590207999,3
6423,9203,0.0182262283392,3
6423,9411,0.0209324676287999,3
6423,9423,0.0046070075951999,3
6423,9424,0.0073030206816,3
6423,9425,0.0187676266271999,3
6423,9508,0.0077449736784,3
6423,9629,0.0567128,3
6423,10245,0.008982,3
6423,10533,0.0326379895488,3
6423,10564,0.0234551217888,3
6423,10998,0.122286,3
6423,11028,0.0158812271279999,3
6423,11202,0.0431632,3
6423,11273,0.0101502578592,3
6423,11342,0.0740416,3
6423,11392,0.0317553115296,3
6423,11600,0.0110631493439999,3
6423,13854,0.0004263668304,3
6423,15252,0.0026687751888,3
6424,9141,0.134574,3
6424,9243,0.029881078,3
6424,9487,0.313278,3
6424,10170,0.0984128,3
6424,11219,0.512742,3
6424,11449,0.0400010904384,3
6424,11516,0.0503727134976,3
6424,11900,0.570438,3
6424,12238,0.427284,3
6425,8375,0.349104,3
6425,8376,0.4536479999999999,3
6425,9173,0.054024566352,3
6425,10336,0.46269,3
6425,11037,0.046726070256,3
6425,11489,0.122214,3
6426,9141,0.2618835005616,3
6426,9243,0.30363,3
6426,9487,0.0308305651584,3
6426,10170,1.0,3
6426,11219,0.0504603758976,3
6426,11449,0.3264726639216,3
6426,11516,0.4111216415424,3
6426,11900,0.0561384008064,3
6426,12238,0.0420502148352,3
6427,7603,0.0441059999999999,3
6427,8871,0.163962,3
6427,8872,0.2478539999999999,3
6427,10245,0.41241,3
6427,10997,0.46656,3
6427,10998,0.376956,3
6428,8729,0.03295659868,3
6428,12633,0.545616,3
6429,7555,0.0173913973632,3
6429,8155,0.02146665072,3
6429,8233,0.0423136,3
6429,9022,0.1210224,3
6429,9023,0.0659446216704,3
6429,9764,0.0487758999168,3
6429,9790,0.0035307314112,3
6429,10215,0.2865359999999999,3
6429,10396,1.0,3
6429,10579,0.0092605852415999,3
6429,10604,0.3427725,3
6429,10904,0.0486829547135999,3
6429,11083,0.0676328,3
6429,11421,0.0023202239423999,3
6429,15189,0.0046742141375999,3
6430,8929,0.130393965,3
6430,10101,1.0,3
6430,10602,0.233127862,3
6430,10832,0.0471208,3
6430,13625,0.085664,3
6431,8929,0.3196199999999999,3
6431,10101,0.4079656,3
6431,10602,0.57144,3
6431,10832,0.0411104,3
6431,13625,0.1617376,3
6432,7519,0.223992,3
6432,7783,0.0315686113344,3
6432,8163,0.023305481,3
6432,8165,0.3093,3
6432,8549,0.0195219623664,3
6432,8773,0.028035201024,3
6432,8805,0.0534510134496,3
6432,8806,0.0074847923135999,3
6432,8808,0.0142158991799999,3
6432,8869,0.0683923451808,3
6432,8870,0.0262242251712,3
6432,8944,0.0206868375791999,3
6432,9415,0.0081000354239999,3
6432,9497,0.316884,3
6432,9508,0.0019595453904,3
6432,9560,0.20124,3
6432,9564,0.52137,3
6432,9779,0.2095499999999999,3
6432,10147,0.0242866679328,3
6432,10609,0.056508,3
6432,11023,0.0261981032543999,3
6432,11144,0.037266,3
6432,11273,0.007548336,3
6432,11366,0.032223122,3
6432,13462,0.058062,3
6432,13463,0.0121257635904,3
6432,13800,0.0062568461376,3
6433,8929,0.4901939999999999,3
6433,10101,0.085664,3
6433,10602,0.2309912794224,3
6433,13625,1.0,3
6436,7143,0.0321039633215999,3
6436,7151,0.0300644390399999,3
6436,7501,0.0136990126271999,3
6436,7625,0.453906,3
6436,7653,0.0441902825472,3
6436,7663,0.0055008307584,3
6436,7783,0.0201621024144,3
6436,7882,0.0220106684928,3
6436,8326,0.0268384197023999,3
6436,8333,0.0765152,3
6436,8543,0.0143692264319999,3
6436,8727,0.0314242312992,3
6436,8808,0.0250914249167999,3
6436,8870,0.0050680972031999,3
6436,8878,0.174618,3
6436,8922,0.0109741160448,3
6436,8923,0.0166264468992,3
6436,8924,0.009753392544,3
6436,9411,0.0059351310335999,3
6436,9816,0.0300861011904,3
6436,9967,0.0547024,3
6436,10147,0.0236836514784,3
6436,10190,0.0253273206048,3
6436,10251,0.0150553626623999,3
6436,10455,0.0309456947039999,3
6436,10660,0.0160057555968,3
6436,10720,0.0390264247296,3
6436,10907,0.0104966611967999,3
6436,11023,0.0218595539376,3
6436,11163,0.0074931347519999,3
6436,11232,1.0,3
6436,11233,1.0,3
6436,11478,0.0433501456512,3
6436,13852,0.0192597940224,3
6436,13854,0.0315776700096,3
6437,7625,0.471192,3
6437,8163,0.0441232,3
6437,8609,0.0362302830528,3
6437,8773,0.025617781,3
6437,8805,0.001090725504,3
6437,8878,0.191904,3
6437,8882,0.0061459503935999,3
6437,8987,0.0360554062176,3
6437,9029,0.0335655459216,3
6437,9203,0.0163311747984,3
6437,9595,0.0317034748224,3
6437,9900,0.0191727727488,3
6437,10609,0.019410579,3
6437,11232,1.0,3
6437,11233,1.0,3
6437,11342,0.0663432,3
6437,11366,0.0240084564,3
6438,11026,0.00837262332,3
6439,7926,1.0,3
6439,9761,0.043092,3
6439,10630,0.0167724664079999,3
6439,13045,0.455592,3
6440,8227,0.5573400000000001,3
6440,10225,0.391758,3
6440,10403,0.0980472,3
6440,10492,1.0,3
6440,11461,0.158796,3
6440,12555,0.0475919999999999,3
6440,14126,0.414138,3
6441,11026,0.008435919,3
6442,7143,0.3331439999999999,3
6442,7151,0.2958599999999999,3
6442,8326,0.2368859999999999,3
6442,8543,0.00894,3
6442,8727,0.40035,3
6442,9816,0.571614,3
6442,9967,0.3684239999999999,3
6442,10190,0.209262,3
6442,10455,0.31197,3
6442,11232,0.216606,3
6442,11233,0.441756,3
6443,8876,0.44187,3
6443,8877,0.379055,3
6444,7653,0.0313528123392,3
6444,7663,0.0039028153824,3
6444,7783,0.0333189524591999,3
6444,7882,0.0156164731007999,3
6444,8163,0.0283555797984,3
6444,8333,0.0542872,3
6444,8773,0.0341101891584,3
6444,8806,0.023345564,3
6444,8808,0.042723058,3
6444,8869,0.281814,3
6444,8870,0.4282325,3
6444,8922,0.0077860873728,3
6444,8923,0.0117963914112,3
6444,8924,0.006919989,3
6444,9411,0.0042109495295999,3
6444,9560,0.000798,3
6444,10147,0.0391385006112,3
6444,10251,0.0378597559008,3
6444,10609,0.0687528,3
6444,10660,0.0113560136447999,3
6444,10720,0.0276890777855999,3
6444,10907,0.0074473352447999,3
6444,11023,0.0361240818768,3
6444,11366,0.039205597,3
6444,11478,0.0307567388831999,3
6444,13852,0.0136647396864,3
6444,13854,0.0224042188655999,3
6445,7143,0.275136,3
6445,7151,0.2378519999999999,3
6445,7501,0.0243512180352,3
6445,7783,0.0195355857456,3
6445,8163,0.0205474929024,3
6445,8326,0.178878,3
6445,8543,0.025542583,3
6445,8609,0.0020782088591999,3
6445,8727,0.342342,3
6445,8773,0.0247174938624,3
6445,8808,0.0243117346032,3
6445,8870,0.0049106112767999,3
6445,9816,0.5136059999999999,3
6445,9900,0.0058858214064,3
6445,9967,0.310416,3
6445,10147,0.0229477062816,3
6445,10190,0.151254,3
6445,10251,0.0145875326976,3
6445,10455,0.253962,3
6445,10609,0.0498208,3
6445,11023,0.0211802907024,3
6445,11163,0.0133197160319999,3
6445,11232,0.274614,3
6445,11233,0.499764,3
6445,11366,0.028409812992,3
6446,6719,0.0172377156816,3
6446,7143,0.586884,3
6446,7151,0.5496,3
6446,7501,0.250428,3
6446,7625,0.0248297475744,3
6446,7938,0.0304315757424,3
6446,8076,0.0043310667887999,3
6446,8158,0.0276933665663999,3
6446,8326,0.4906259999999999,3
6446,8543,0.2626799999999999,3
6446,8609,0.0020200503791999,3
6446,8727,0.574458,3
6446,8803,0.0198318241344,3
6446,8804,0.0051990115871999,3
6446,8878,0.0095520236832,3
6446,8885,0.0128324374512,3
6446,8922,0.0168325150608,3
6446,8923,0.0120993526368,3
6446,8924,0.0191317568975999,3
6446,9411,0.0238757867711999,3
6446,9423,0.0052548000048,3
6446,9424,0.0083299001184,3
6446,9425,0.0214065469728,3
6446,9629,0.0646872,3
6446,9816,0.549996,3
6446,9900,0.0057211072464,3
6446,9967,1.0,3
6446,10190,0.4630019999999999,3
6446,10455,0.5657099999999999,3
6446,10533,0.0372272248512,3
6446,11163,0.1369799999999999,3
6446,11202,0.04586,3
6446,11232,0.0547024,3
6446,11233,0.188016,3
6446,11392,0.0362204332704,3
6446,13854,0.0004863183696,3
6446,15252,0.00284983212,3
6447,7143,0.5199299999999999,3
6447,7151,0.4826459999999999,3
6447,7501,0.183474,3
6447,8326,0.423672,3
6447,8543,0.1957259999999999,3
6447,8727,0.587136,3
6447,9816,1.0,3
6447,9967,0.55521,3
6447,10190,0.396048,3
6447,10455,0.498756,3
6447,11163,0.0700259999999999,3
6447,11232,0.0298199999999999,3
6447,11233,0.25497,3
6449,7783,0.265776,3
6449,8806,0.438864,3
6449,8808,0.035171077,3
6449,8870,0.0421287798816,3
6449,10147,0.1343879999999999,3
6449,10251,0.4316099999999999,3
6449,11023,0.168876,3
6450,7143,0.0269145,3
6450,7151,0.025204656,3
6450,7501,0.011484628,3
6450,8163,0.030233136384,3
6450,8326,0.022500108,3
6450,8543,0.012046505,3
6450,8549,0.023653548648,3
6450,8727,0.02634464388,3
6450,8773,0.036968241,3
6450,8803,0.41217,3
6450,8804,0.092022,3
6450,8805,0.076148,3
6450,8876,0.0429464,3
6450,8877,0.0062986908096,3
6450,8885,0.259032,3
6450,8944,0.024428431,3
6450,9299,0.017719844,3
6450,9508,0.011970922,3
6450,9794,0.013078679328,3
6450,9816,0.025222817,3
6450,9900,0.0095226037919999,3
6450,9967,0.04586,3
6450,10032,0.014410398,3
6450,10166,0.0123997686,3
6450,10190,0.02123327172,3
6450,10453,0.0168199637999999,3
6450,10455,0.0259434605999999,3
6450,10609,0.0518464,3
6450,10998,0.0052517434704,3
6450,11163,0.0062819027999999,3
6450,11165,0.02918033352,3
6450,11202,1.0,3
6450,11233,0.00862241376,3
6450,11273,0.015688620144,3
6450,11366,0.0429318261504,3
6450,11476,0.0064123048031999,3
6450,11520,0.053224,3
6450,11521,0.0195253481279999,3
6450,11524,0.023614587,3
6450,11541,0.027322521,3
6450,11612,0.0050792206799999,3
6450,11618,0.025101716,3
6450,11619,0.01284938304,3
6450,11620,0.0154991104319999,3
6450,11621,0.00791015088,3
6450,11622,0.0102535,3
6450,11623,0.053224,3
6450,11625,0.02554053,3
6450,12945,0.0146116777679999,3
6450,15252,0.062142,3
6451,7143,0.0268243548576,3
6451,7151,0.025120237,3
6451,7501,0.0114461623392,3
6451,8163,0.030363286,3
6451,8326,0.0224247482064,3
6451,8543,0.012006157,3
6451,8549,0.0236985272928,3
6451,8727,0.0262564071312,3
6451,8773,0.037127384,3
6451,8803,0.433896,3
6451,8804,0.1137479999999999,3
6451,8805,0.0762928,3
6451,8876,0.0431632,3
6451,8877,0.0063304875648,3
6451,8885,0.2807579999999999,3
6451,8944,0.0244748828256,3
6451,9299,0.017762664,3
6451,9508,0.0119936859168,3
6451,9794,0.0130959895968,3
6451,9816,0.0251383371744,3
6451,9900,0.0094895546928,3
6451,9967,0.0457064,3
6451,10032,0.014462815,3
6451,10166,0.01242243864,3
6451,10190,0.0211621546128,3
6451,10453,0.0168507151199999,3
6451,10455,0.025856568,3
6451,10609,0.0519304,3
6451,10998,0.0052782550752,3
6451,11163,0.006260863,3
6451,11165,0.029218955,3
6451,11202,1.0,3
6451,11233,0.0085935345024,3
6451,11273,0.0157184529984,3
6451,11366,0.0431166416352,3
6451,11476,0.0063617576207999,3
6451,11520,0.0534176,3
6451,11521,0.0195511908768,3
6451,11524,0.023645842416,3
6451,11541,0.0273586834704,3
6451,11612,0.0050885068319999,3
6451,11618,0.0251930221823999,3
6451,11619,0.012866389824,3
6451,11620,0.0155196242592,3
6451,11621,0.007938924,3
6451,11622,0.0102670709904,3
6451,11623,0.0534176,3
6451,11625,0.0255743337984,3
6451,12945,0.014599041552,3
6451,15252,0.049664134968,3
6452,8803,0.0231776829696,3
6452,8804,0.0060761451647999,3
6452,8885,0.0149974185407999,3
6452,9299,0.019359295,3
6452,9794,0.0318111323904,3
6452,9898,0.019549084,3
6452,10032,0.27075,3
6452,10236,0.02183358927,3
6452,11165,0.070975014,3
6452,11202,0.0534176,3
6452,11476,0.0203709858095999,3
6452,11520,1.0,3
6452,11521,0.0474912962303999,3
6452,11524,0.057437509,3
6452,11537,0.025528706,3
6452,11541,0.0664562762112,3
6452,11544,0.0121430193168,3
6452,11559,0.0064282573776,3
6452,11618,0.4716239999999999,3
6452,11619,0.065424,3
6452,11620,0.065424,3
6452,11621,0.14862,3
6452,11622,0.124794,3
6452,11623,1.0,3
6452,11625,0.0621219581952,3
6452,12945,0.020884253,3
6452,15252,0.003307445808,3
6453,6719,0.0114378753072,3
6453,7603,0.56655,3
6453,7938,0.0201924997008,3
6453,7980,0.0048899437392,3
6453,8076,0.0028738263695999,3
6453,8158,0.0183755945087999,3
6453,8163,0.015789257,3
6453,8174,0.0170989621439999,3
6453,8549,0.0260896019904,3
6453,8773,0.01930666608,3
6453,8805,0.0839904,3
6453,8871,0.540474,3
6453,8872,0.46806,3
6453,8873,0.0434824,3
6453,8874,0.0434824,3
6453,8875,0.018362508814,3
6453,8876,0.0798536,3
6453,8877,0.017567978,3
6453,8922,0.0111690093936,3
6453,8923,0.0080283773856,3
6453,8924,0.0126946431792,3
6453,8944,0.0269442883007999,3
6453,8987,0.0475873624031999,3
6453,9029,0.0443011455312,3
6453,9203,0.0215545355088,3
6453,9411,0.0158424861503999,3
6453,9423,0.0034867582416,3
6453,9424,0.0055272032928,3
6453,9425,0.0142040522975999,3
6453,9508,0.0132037948223999,3
6453,9629,0.0429224,3
6453,9931,0.0094073858688,3
6453,10151,0.0050271234816,3
6453,10245,0.0007172450352,3
6453,10533,0.0247016695104,3
6453,10564,0.0372639223439999,3
6453,10609,0.023861395,3
6453,10834,0.017497144,3
6453,10998,0.0097649773296,3
6453,11028,0.0252310271399999,3
6453,11273,0.0173043741312,3
6453,11342,0.0875624,3
6453,11366,0.022421148768,3
6453,11392,0.0240336252768,3
6453,11600,0.0414656,3
6453,13854,0.0003226906032,3
6454,7102,0.1136928,3
6454,7602,0.39802,3
6454,13711,0.378672,3
6454,13821,0.0528958025856,3
6455,6719,0.0376446009216,3
6455,7519,0.0122559025679999,3
6455,7653,0.1224637995168,3
6455,7663,0.348024,3
6455,7882,0.563796,3
6455,7938,0.0664580241024,3
6455,8076,0.0094584041087999,3
6455,8124,0.009876,3
6455,8158,0.0604781835263999,3
6455,8165,0.0179671025519999,3
6455,8333,0.3458279999999999,3
6455,8922,0.0794413368672,3
6455,8923,0.10012922,3
6455,8924,0.0749734127855999,3
6455,9411,0.0609983377248,3
6455,9423,0.0114756997248,3
6455,9424,0.0181912598784,3
6455,9425,0.0467487068927999,3
6455,9497,0.018474836,3
6455,9560,0.016212529,3
6455,9564,0.032164765,3
6455,9629,0.1412672,3
6455,9779,0.0112890395519999,3
6455,10533,0.0812987085312,3
6455,10660,0.4853159999999999,3
6455,10720,0.2800504,3
6455,10907,0.413316,3
6455,11163,0.189846,3
6455,11392,0.0791000258303999,3
6455,11478,0.405065,3
6455,13462,0.001147220928,3
6455,13852,0.527844,3
6455,13854,0.1548516282768,3
6456,9794,0.424872,3
6456,9898,0.033461288,3
6456,10032,0.291432,3
6456,11165,0.5329259999999999,3
6456,11521,0.5304719999999999,3
6456,11524,0.1872418119264,3
6456,11537,0.0528730022303999,3
6456,11541,0.3203376,3
6456,11619,0.1307534795424,3
6456,11620,0.1446574127328,3
6456,11622,0.3785939999999999,3
6456,11623,0.032226,3
6456,11625,1.0,3
6456,12945,0.0558293295312,3
6457,7564,0.255168,3
6457,8065,0.0599933664287999,3
6457,8178,0.1634279999999999,3
6457,9831,0.0692924391072,3
6457,11205,1.0,3
6457,14788,0.0207084460032,3
6458,11026,0.2375025,3
6459,8163,0.0235509063168,3
6459,8773,0.0233315759232,3
6459,8876,0.3179925,3
6459,8877,1.0,3
6459,8879,0.1274939999999999,3
6459,8987,0.0295655287488,3
6459,9029,0.0275238367008,3
6459,9203,0.0133916066592,3
6459,10245,0.0004951453248,3
6459,10609,0.017678323,3
6459,10998,0.0067411869504,3
6459,11342,0.0544016,3
6459,11366,0.02186587248,3
6460,7603,0.3818879999999999,3
6460,8871,0.501744,3
6460,8872,0.585636,3
6460,10245,0.074628,3
6460,10997,0.1287779999999999,3
6460,10998,0.0391739999999999,3
6461,8470,0.019804104414,3
6461,8522,0.326802,3
6461,9368,0.538056,3
6462,7696,1.0,3
6463,11026,1.0,3
6463,11283,0.02739123,3
6463,11414,0.052252,3
6464,10810,0.155125,3
6466,8446,0.4146674999999999,3
6466,8447,1.0,3
6466,8520,0.2766119999999999,3
6466,9687,0.224292,3
6466,11128,0.248778,3
6467,9327,0.2012824999999999,3
6468,7519,0.0141288991824,3
6468,7625,0.0347307083712,3
6468,7653,0.5775359999999999,3
6468,7663,0.071892,3
6468,7882,0.287664,3
6468,8124,0.0007414347744,3
6468,8165,0.0179275620528,3
6468,8333,1.0,3
6468,8808,0.001017885,3
6468,8869,0.0152988929808,3
6468,8870,0.023247543374,3
6468,8878,0.0133609311936,3
6468,8922,0.143424,3
6468,8923,0.217296,3
6468,8924,0.12747,3
6468,9411,0.0775679999999999,3
6468,9415,0.00295225944,3
6468,9497,0.01874272853,3
6468,9560,0.0048061714992,3
6468,9564,0.0445288,3
6468,9779,0.0134858142528,3
6468,10660,0.2091839999999999,3
6468,10720,0.510048,3
6468,10907,0.1371839999999999,3
6468,11144,0.0058142144736,3
6468,11163,0.0142525745423999,3
6468,11232,0.0765152,3
6468,11233,0.0765152,3
6468,11392,0.0071282835456,3
6468,11478,0.566556,3
6468,13462,0.0067402353983999,3
6468,13463,0.0044799535104,3
6468,13800,0.0022528010495999,3
6468,13852,0.251712,3
6468,13854,0.4126979999999999,3
6469,10236,0.073926,3
6469,11538,0.2417639999999999,3
6469,11544,0.518862,3
6469,11559,0.4241625,3
6470,9758,0.4523,3
6471,9525,0.16032,3
6472,7619,0.0085668832176,3
6472,7620,0.0428307513071999,3
6472,7621,0.0252934008864,3
6472,7622,0.034050395,3
6472,7623,0.0763496,3
6472,7624,0.0165377814576,3
6472,8833,0.0020132160479999,3
6472,9227,0.1195304,3
6472,9299,0.016927426188,3
6472,9794,0.0133001136576,3
6472,10032,0.014913993,3
6472,10236,0.3378,3
6472,11165,0.029674383984,3
6472,11207,0.036274406,3
6472,11520,0.055084,3
6472,11521,0.0198559306176,3
6472,11524,0.024014405,3
6472,11541,0.0277851167328,3
6472,11544,0.0244609384416,3
6472,11559,0.0129491030112,3
6472,11618,0.025978936,3
6472,11619,0.013066935168,3
6472,11620,0.0157615249343999,3
6472,11621,0.00818658408,3
6472,11622,0.0104271013728,3
6472,11623,0.055084,3
6472,11625,0.0259729548288,3
6472,12936,0.0279795718799999,3
6472,12945,0.026614532064,3
6472,12949,0.018317389,3
6472,12952,0.026718453,3
6472,12953,0.0262765637279999,3
6473,9299,0.009151197234,3
6473,9794,0.0135186343776,3
6473,10032,0.021947645,3
6473,10236,0.0142348919999999,3
6473,11165,0.030161933784,3
6473,11476,0.0192867546384,3
6473,11520,0.0810624,3
6473,11521,0.0201821633376,3
6473,11524,0.024408961,3
6473,11541,0.0282416258928,3
6473,11618,0.0382309733376,3
6473,11619,0.013281624768,3
6473,11620,0.0160204866144,3
6473,11621,0.012047493888,3
6473,11622,0.0105984185328,3
6473,11623,0.0810624,3
6473,11625,0.0263996901888,3
6474,7959,0.562932,3
6474,8701,0.1732439999999999,3
6474,9737,0.0681785623584,3
6475,7052,0.0443288,3
6475,7330,0.509346,3
6475,7502,0.0467049198383999,3
6475,7807,0.1264928,3
6475,8435,0.018924186364,3
6475,10195,0.020913656,3
6475,10974,0.0126578915711999,3
6475,11175,0.0036529191551999,3
6475,11246,0.027839800352,3
6475,12216,0.5850719999999999,3
6475,12440,0.5955119999999999,3
6476,9758,0.2774575,3
6477,9327,0.239655,3
6477,11109,1.0,3
6478,9526,1.0,3
6479,11585,0.081585,3
6480,9455,0.536664,3
6481,8595,0.476334,3
6481,9445,0.098808,3
6481,11287,0.2572319999999999,3
6483,7517,0.0184565202335999,3
6483,7763,0.0236067631487999,3
6483,8274,0.0170649291743999,3
6483,9100,0.50559,3
6483,9418,0.0268450928639999,3
6483,10143,0.046976,3
6483,10736,0.0470832,3
6483,10882,0.161502,3
6483,11166,0.0220211074944,3
6483,11626,0.017194326,3
6483,11823,0.0068585155776,3
6483,13239,0.0155544059519999,3
6484,9575,1.0,3
6485,9575,1.0,3
6486,7463,0.0124454183856,3
6486,8304,0.0729928,3
6486,8390,0.1558808,3
6486,8420,0.0513424,3
6486,9618,0.0874307642064,3
6486,9725,0.1492648,3
6486,10894,1.0,3
6486,12301,0.0739988286096,3
6486,13175,0.0467710055939999,3
6486,13645,0.020699715408,3
6487,9575,1.0,3
6488,7463,0.0124938409536,3
6488,8304,0.0732768,3
6488,8390,0.1569328,3
6488,8420,0.0520224,3
6488,9618,0.086876367936,3
6488,9725,0.1475247999999999,3
6488,10894,1.0,3
6488,12301,0.073529603904,3
6488,13175,0.0462257896439999,3
6488,13645,0.020973871008,3
6489,7564,0.0116576794991999,3
6489,8065,1.0,3
6489,8178,0.318426,3
6489,9831,1.0,3
6489,11205,0.0631832,3
6489,14788,0.28497,3
6490,8957,0.5149739999999999,3
6490,9036,0.01329,3
6491,7062,0.0588888,3
6491,8016,0.293748,3
6491,8446,0.1288872,3
6491,8447,0.1288872,3
6491,8520,0.0634140490464,3
6491,9437,0.1501199999999999,3
6491,9485,0.524658,3
6491,9687,0.0566706707424,3
6491,10226,0.026392699272,3
6491,10669,0.080324,3
6491,11128,0.0598266027216,3
6491,11910,0.0255078014976,3
6491,14016,0.2263499999999999,3
6491,14368,0.0019894648319999,3
6491,14457,0.0158211827856,3
6492,10963,0.0801899999999999,3
6493,9917,0.3780799999999999,3
6493,11384,0.552678,3
6494,11043,1.0,3
6495,8626,1.0,3
6496,8500,0.0138333786047999,3
6496,8626,1.0,3
6496,10704,0.0477728,3
6497,9206,0.5667599999999999,3
6497,12727,1.0,3
6498,7508,0.50832,3
6498,9968,0.5326019999999999,3
6498,11459,0.0459659999999999,3
6498,13447,1.0,3
6499,9262,0.013920218,3
6500,9262,0.016495391,3
6502,8321,0.028732231008,3
6502,8666,0.22179,3
6502,9780,1.0,3
6503,7412,0.0414728,3
6503,8147,0.08995038624,3
6503,10696,0.4125,3
6503,11130,0.0332440714944,3
6503,15335,0.0118316921664,3
6504,7532,0.56286,3
6504,11069,1.0,3
6505,8321,0.32994,3
6505,8666,1.0,3
6505,9780,0.0870832,3
6506,9083,0.037075284224,3
6506,10419,0.480612,3
6507,9083,0.05984,3
6507,10419,0.342876,3
6508,7412,0.0670472,3
6508,8147,0.2442,3
6508,10696,1.0,3
6508,11130,0.090252,3
6508,15335,0.0191277615936,3
6509,8760,0.4274225,3
6510,7494,0.3549659999999999,3
6510,7833,0.1269479999999999,3
6510,8260,0.2482919999999999,3
6510,8975,0.30393,3
6510,9089,0.4759859999999999,3
6510,9659,0.006864,3
6510,10995,0.438168,3
6510,11121,0.508902,3
6511,7903,1.0,3
6511,7905,0.4774739999999999,3
6511,10242,0.220332,3
6511,12224,0.54948,3
6512,7903,1.0,3
6512,7905,0.4742759999999999,3
6512,10242,0.217134,3
6512,12224,0.552678,3
6513,8609,0.0020429385551999,3
6513,8833,0.0016475125823999,3
6513,9299,0.021321111114,3
6513,9794,0.0012012829344,3
6513,9900,0.0057859302383999,3
6513,10032,0.015338962,3
6513,10236,0.3853875,3
6513,11207,0.0296851099104,3
6513,11520,0.0566536,3
6513,11521,0.0006074398992,3
6513,11538,0.0229290911712,3
6513,11544,0.214338,3
6513,11559,0.113466,3
6513,11618,0.0267191974464,3
6513,11621,0.008419858,3
6513,11622,0.0070700293584,3
6513,11623,0.0566536,3
6513,12936,0.022897044,3
6513,12945,0.037920372,3
6513,12949,0.01499001,3
6513,12952,0.0218650094208,3
6513,12953,0.0215033897663999,3
6514,7402,0.0314625994719999,3
6514,8200,0.0285159667392,3
6514,8203,0.234084,3
6514,8906,0.0793768,3
6514,10084,0.0898152,3
6514,10132,1.0,3
6514,11284,0.1228799999999999,3
6514,13043,0.0413689656096,3
6514,13260,0.0374728773744,3
6514,14140,0.0266698012896,3
6515,9061,1.0,3
6516,12907,1.0,3
6517,9259,1.0,3
6518,7328,0.57153,3
6518,8698,0.1261943828639999,3
6518,9254,0.4591224,3
6518,9800,0.3374706531167999,3
6518,10007,0.0417832,3
6518,10545,0.7087248,3
6518,10570,0.2762155686528,3
6518,11303,0.4591224,3
6518,11417,0.4048533722015999,3
6518,11581,0.56301,3
6519,7328,0.361031386,3
6519,8698,0.1618767080639999,3
6519,9254,0.5889424,3
6519,9800,0.3369213480192,3
6519,10007,0.0489504,3
6519,10545,0.7075712000000001,3
6519,10570,0.2757659692032,3
6519,11303,0.5889424,3
6519,11417,0.4277279999999999,3
6519,11581,0.355649363,3
6520,9139,1.0,3
6520,9303,0.0533232,3
6520,9304,0.011647653,3
6520,10332,0.015652235,3
6521,7564,0.0317800516607999,3
6521,8065,0.4816979999999999,3
6521,8178,0.4371239999999999,3
6521,9831,0.556362,3
6521,11205,0.1245455999999999,3
6521,14788,0.166272,3
6522,8101,0.017175817,3
6522,10340,0.0238711644864,3
6522,10766,1.0,3
6522,10869,1.0,3
6522,11228,0.0488088,3
6522,11230,0.019852369,3
6522,11631,0.0664304,3
6522,12596,0.007729849656,3
6522,13003,0.080385327,3
6523,7064,0.18241186656,3
6523,7460,0.55614,3
6523,7475,0.3089352,3
6523,7599,0.1200016,3
6523,7600,0.1200016,3
6523,7958,0.1519108522847999,3
6523,9551,0.223890041,3
6523,9853,0.3036576,3
6523,10466,0.229404494,3
6523,10611,0.311418,3
6523,10938,0.40269,3
6523,11214,0.5513939999999999,3
6523,11398,0.1348379999999999,3
6523,13861,0.104360612832,3
6524,8095,0.006754561,3
6524,8926,0.024992499,3
6524,9099,1.0,3
6524,10380,0.3518318953344,3
6524,11432,0.0771379322,3
6524,11966,0.016509699,3
6524,12120,0.371538,3
6524,12551,0.2264325760319999,3
6524,12638,0.0674616,3
6526,7625,0.4885319999999999,3
6526,8877,0.039462293,3
6526,8878,0.209244,3
6526,8879,0.039147721,3
6526,8880,0.001552685,3
6526,11232,0.582858,3
6527,10501,1.0,3
6529,7936,0.053424,3
6529,8433,0.0245857248,3
6529,8604,0.038085234,3
6529,9432,0.0132048581088,3
6529,10144,0.019210809072,3
6529,11017,1.0,3
6529,11499,0.012888433,3
6529,11564,0.3098519999999999,3
6529,12131,0.0172100073599999,3
6530,7696,1.0,3
6531,11591,0.392205,3
6531,13872,0.061794,3
6532,14701,0.17326,3
6533,9513,0.0584824,3
6533,10778,1.0,3
6534,7168,1.0,3
6534,9818,0.2167425,3
6537,8194,1.0,3
6537,10265,0.3840875,3
6539,8194,1.0,3
6539,10265,0.3954525,3
6541,8355,0.3705839999999999,3
6541,14057,0.536418,3
6542,7619,0.1995779999999999,3
6542,7620,1.0,3
6542,7621,0.418656,3
6542,7622,0.533352,3
6542,7623,0.5229239999999999,3
6542,7624,0.303978,3
6542,12945,0.0251957329919999,3
6543,7619,0.112206,3
6543,7620,0.560982,3
6543,7621,0.331284,3
6543,7622,0.44598,3
6543,7623,1.0,3
6543,7624,0.216606,3
6543,9227,0.057804,3
6543,10236,0.0257908948799999,3
6544,9358,1.0,3
6544,10790,0.494916,3
6545,8957,0.489265,3
6545,9036,0.0083410698,3
6546,7519,0.1830659999999999,3
6546,7653,0.022611494736,3
6546,7663,0.023299511,3
6546,7882,0.037745015,3
6546,8124,0.000661178448,3
6546,8165,0.2683739999999999,3
6546,8333,0.028203094,3
6546,8869,0.0235266754608,3
6546,8870,0.0069173692848,3
6546,8922,0.0146679049439999,3
6546,8923,0.018487678,3
6546,8924,0.0138429555119999,3
6546,9411,0.011262622896,3
6546,9415,0.0082068792,3
6546,9497,0.275958,3
6546,9560,0.242166,3
6546,9564,0.480444,3
6546,9779,0.1686239999999999,3
6546,10660,0.032490936,3
6546,10720,0.051708,3
6546,10907,0.02767068,3
6546,11144,0.016162724448,3
6546,11163,0.01270981,3
6546,11392,0.002067492672,3
6546,11478,0.02711829162,3
6546,13462,0.0187369365119999,3
6546,13463,0.012453660672,3
6546,13800,0.0062624801279999,3
6546,13852,0.0353381,3
6546,13854,0.0285915249359999,3
6547,8067,1.0,3
6549,7064,0.075763756464,3
6549,7460,0.163733844768,3
6549,7475,0.7635232000000001,3
6549,7599,0.2964638421888,3
6549,7600,0.2284272,3
6549,7958,0.4722,3
6549,9551,0.0929914860672,3
6549,9853,1.0,3
6549,10466,0.095281883,3
6549,10611,0.0916849470816,3
6549,10938,0.118556446128,3
6549,11214,0.1623365692127999,3
6549,11398,0.0872788351392,3
6549,13861,0.0433456013808,3
6550,8500,0.0138414864528,3
6550,9286,0.0288875,3
6550,10704,0.0478008,3
6551,8877,0.229326,3
6551,8879,0.5528879999999999,3
6551,8880,0.195594,3
6551,10396,0.026539475,3
6551,10422,0.01835284752,3
6551,10604,0.079592,3
6551,10683,0.0567168,3
6551,10904,0.01064344,3
6552,8609,0.0211142085792,3
6552,8809,0.264954,3
6552,8810,0.5720639999999999,3
6552,8868,0.3769679999999999,3
6552,8882,0.027110079,3
6552,8883,0.0534304,3
6552,8886,0.0029612196287999,3
6552,9595,0.03720541,3
6552,9900,0.0029560631232,3
6552,10166,0.095154,3
6552,10453,0.0767459999999999,3
6552,11612,0.4922759999999999,3
6553,9526,1.0,3
6554,7625,0.0471550627679999,3
6554,8877,0.408834,3
6554,8878,0.020197067856,3
6554,8879,0.405575,3
6554,8880,0.016086,3
6554,11232,0.056259785592,3
6555,10403,1.0,3
6556,8067,1.0,3
6557,14447,0.175505,3
6558,7516,0.042482566,3
6558,8251,0.0416936,3
6558,9791,0.0705704,3
6558,10039,0.0661352,3
6558,10289,0.00889451679,3
6558,13557,0.0261093833376,3
6558,14362,0.0216935956608,3
6558,14885,0.023599447,3
6559,7516,0.0460863227519999,3
6559,8251,0.0449208,3
6559,9791,0.0830248,3
6559,10039,0.0662856,3
6559,10289,0.01046423823,3
6559,13557,0.0261687594528,3
6559,14362,0.0235338433632,3
6559,14885,0.027764323,3
6560,7143,0.0252768591264,3
6560,7151,0.023671052,3
6560,7501,0.0107858337888,3
6560,8163,0.015259041,3
6560,8326,0.0211310655696,3
6560,8543,0.0113135225279999,3
6560,8549,0.0276988931712,3
6560,8609,0.0469019999999999,3
6560,8692,0.004976260416,3
6560,8727,0.0247416762768,3
6560,8773,0.018658333,3
6560,8803,0.0309971831232,3
6560,8804,0.0081260661215999,3
6560,8805,0.0891712,3
6560,8881,0.03323847933,3
6560,8885,0.0200571269136,3
6560,8944,0.0286062993023999,3
6560,9299,0.020567797182,3
6560,9508,0.0140182476672,3
6560,9794,0.016475605,3
6560,9816,0.0236881077216,3
6560,9900,0.1328339999999999,3
6560,9967,0.0430696,3
6560,10032,0.0062135355839999,3
6560,10190,0.0199413109392,3
6560,10236,0.016786555,3
6560,10455,0.024364903,3
6560,10480,0.019222842,3
6560,10609,0.0230601102912,3
6560,11163,0.0058996738079999,3
6560,11165,0.036759343,3
6560,11202,0.071688,3
6560,11232,0.0121680364944,3
6560,11233,0.0221443429344,3
6560,11273,0.0183717639936,3
6560,11366,0.0216682284096,3
6560,11521,0.0245966677439999,3
6560,11524,0.0297480052799999,3
6560,11538,0.0099337573152,3
6560,11541,0.0344190004319999,3
6560,11544,0.0260163035568,3
6560,11559,0.022910538906,3
6560,11619,0.016186754,3
6560,11620,0.0195246951359999,3
6560,11622,0.0129166420319999,3
6560,11625,0.032174172672,3
6560,12945,0.0318634822656,3
6560,15252,0.004454835696,3
6562,8803,0.124848,3
6562,8804,0.0152085625919999,3
6562,8885,0.037538468,3
6562,10166,0.09291,3
6562,10453,0.1260299999999999,3
6562,11202,0.422352,3
6562,11612,0.0380579999999999,3
6562,15252,0.349464,3
6563,7696,1.0,3
6566,7064,0.07163356992,3
6566,7460,0.159140573,3
6566,7475,0.7491584,3
6566,7599,0.2908862201856,3
6566,7600,0.21204,3
6566,7958,0.3683791650815999,3
6566,9551,0.087922146816,3
6566,9853,1.0,3
6566,10466,0.09008768544,3
6566,10611,0.089112884,3
6566,10938,0.115230549,3
6566,11214,0.157782496,3
6566,11398,0.081017515,3
6566,13861,0.040982658624,3
6570,7493,0.0400592,3
6570,7949,0.0115615658304,3
6571,8534,0.024834823,3
6571,8740,0.189684,3
6571,12352,0.022283585,3
6571,13697,0.0106441102848,3
6571,14759,0.0234586374047999,3
6573,8149,1.0,3
6573,11026,0.006587203828,3
6576,7519,0.0134490172607999,3
6576,8163,0.216534,3
6576,8165,0.01857111432,3
6576,8202,0.0041858082863999,3
6576,8549,0.0320345402256,3
6576,8773,0.300234,3
6576,8805,0.0381985429152,3
6576,8806,0.063708,3
6576,8944,0.032711228,3
6576,9497,0.0190264758816,3
6576,9508,0.0218323556976,3
6576,9560,0.012082933,3
6576,9564,0.031304306,3
6576,9779,0.0125818849199999,3
6576,10172,0.0098331184079999,3
6576,10609,0.408618,3
6576,11144,0.0022375400783999,3
6576,11273,0.0250789405824,3
6576,11366,0.3743459999999999,3
6576,13462,0.0034861818288,3
6576,13463,0.0004384296048,3
6577,12364,1.0,3
6577,13558,0.116058,3
6577,15502,0.0492119999999999,3
6578,8163,0.0023784647423999,3
6578,8549,0.0145412728128,3
6578,8609,0.0042576509951999,3
6578,8803,0.018046602,3
6578,8804,0.004731007,3
6578,8805,0.0468128,3
6578,8885,0.0116772867359999,3
6578,8944,0.0150176398656,3
6578,9299,0.009445024872,3
6578,9508,0.0073592530368,3
6578,9794,0.0783865529568,3
6578,9898,0.034817914,3
6578,9900,0.0120583517184,3
6578,10032,0.0463537750464,3
6578,10236,0.0165667183344,3
6578,11165,0.174891188,3
6578,11202,0.041628,3
6578,11273,0.0096447475584,3
6578,11476,0.0081084043152,3
6578,11521,0.1170244102367999,3
6578,11524,0.141533105616,3
6578,11537,0.0311565000479999,3
6578,11538,0.0196181745695999,3
6578,11541,0.188136,3
6578,11544,0.0513795906863999,3
6578,11559,0.045246017,3
6578,11619,0.077012274624,3
6578,11620,0.0928933120991999,3
6578,11622,0.0614539510704,3
6578,11623,0.0051257128752,3
6578,11625,0.1590552,3
6578,12945,0.351006,3
6578,15252,0.002586847176,3
6579,10868,1.0,3
6579,13376,0.004981550016,3
6580,8352,0.0007595537664,3
6580,9100,0.3046649999999999,3
6580,10882,0.0682441559184,3
6580,13572,0.0062474370816,3
6580,15024,0.02252644,3
6581,8102,0.0665608,3
6581,8406,0.0148780528415999,3
6581,8464,0.139348,3
6581,8465,0.1297248,3
6581,8518,0.07294,3
6581,9633,0.1196712,3
6581,9649,0.0034099460928,3
6581,10072,0.32583,3
6581,10193,0.00082188148,3
6581,10464,0.215268,3
6581,11445,0.1904832,3
6581,12791,0.022691634,3
6581,13845,0.03465802452,3
6582,8743,1.0,3
6583,9299,0.011213422,3
6583,9794,0.025071610608,3
6583,10032,0.019884963,3
6583,11165,0.055938214,3
6583,11476,0.0139843669871999,3
6583,11520,0.073444,3
6583,11521,0.0374297674079999,3
6583,11524,0.045268771,3
6583,11541,0.052376818,3
6583,11618,0.0346379530559999,3
6583,11619,0.024632053,3
6583,11620,0.0297115367519999,3
6583,11621,0.010915247,3
6583,11622,0.019655789,3
6583,11623,0.073444,3
6583,11625,0.048960770304,3
6583,12945,0.0067821930432,3
6584,12978,1.0,3
6585,7564,0.34337,3
6585,8065,0.023449059,3
6585,8178,0.216684,3
6585,9831,0.027083702,3
6585,11205,0.5534399999999999,3
6585,14788,0.00809412096,3
6586,8245,0.0464608,3
6586,8367,0.2744649999999999,3
6586,9175,0.0624312,3
6586,11393,0.0280644921792,3
6587,7783,0.0248373513936,3
6587,8163,0.0508208,3
6587,8549,0.0172444645152,3
6587,8773,0.0243708097152,3
6587,8805,0.0555152,3
6587,8806,0.432522,3
6587,8808,0.0058902186912,3
6587,8944,0.0178093871903999,3
6587,9508,0.0087273225312,3
6587,10147,0.0173374090224,3
6587,10251,0.0644219999999999,3
6587,10609,0.0463688,3
6587,11023,0.0193060668336,3
6587,11273,0.0114376856256,3
6587,11366,0.026441345,3
6589,10868,1.0,3
6589,13376,0.01686,3
6590,7832,0.070096899,3
6590,8012,0.034186951,3
6590,8891,0.0542609147423999,3
6590,9803,0.1038896,3
6590,10361,1.0,3
6590,13590,0.014632674672,3
6592,9746,0.0163686415104,3
6592,11627,0.4261475,3
6593,8399,0.0478288,3
6594,7564,0.0462870940223999,3
6594,8065,0.0472618956096,3
6594,8178,0.0428885086848,3
6594,9831,0.0545875689024,3
6594,11205,1.0,3
6594,14788,0.0163138105344,3
6595,8991,0.050412,3
6595,14388,0.0072829208159999,3
6595,14709,0.014971456584,3
6596,11141,0.059010587464,3
6596,12499,0.382815,3
6597,7770,0.011649591552,3
6597,8071,0.052048,3
6597,10494,1.0,3
6597,11048,0.0050877960959999,3
6597,15366,0.001178575,3
6599,8876,0.4129049999999999,3
6599,8877,0.4002624999999999,3
6599,8879,0.0113375824415999,3
6600,8418,0.556698,3
6601,8609,0.0025963821551999,3
6601,9794,0.0357925768704,3
6601,9898,0.0124915862016,3
6601,9900,0.0073533714383999,3
6601,10032,0.0245511642624,3
6601,11165,0.060682286,3
6601,11521,0.0446886587903999,3
6601,11524,0.0991298335104,3
6601,11537,0.0279921020543999,3
6601,11541,0.1695936,3
6601,11619,0.0692236980864,3
6601,11620,0.0765847387008,3
6601,11622,0.0318939700607999,3
6601,11623,0.0027148213632,3
6601,11625,0.0842432,3
6601,12945,0.1555919999999999,3
6602,7064,0.020106189312,3
6602,7460,0.0517988795999999,3
6602,7475,0.6911096,3
6602,7599,0.5876504,3
6602,7600,0.5876504,3
6602,7958,1.0,3
6602,9551,0.0246780850176,3
6602,9853,0.2021984,3
6602,10466,0.025285911,3
6602,10611,0.029005473,3
6602,10938,0.037506547,3
6602,11214,0.0513568371599999,3
6602,11398,0.2245329907344,3
6602,13861,0.0115030577664,3
6603,7783,0.0305679521088,3
6603,8803,0.1696919999999999,3
6603,8804,0.1758239999999999,3
6603,8806,0.0072475399872,3
6603,8808,0.0127546786223999,3
6603,8881,0.27086,3
6603,10147,0.0235168311456,3
6603,10480,0.3682575,3
6603,11023,0.0253676779488,3
6603,11208,0.275262,3
6603,12945,0.027465487,3
6604,7519,0.0256409914176,3
6604,8163,0.1908959999999999,3
6604,8165,0.035406437,3
6604,8549,0.170538,3
6604,8773,0.037332,3
6604,8805,0.466932,3
6604,8869,0.0240561583584,3
6604,8870,0.0070730491103999,3
6604,8944,0.1807139999999999,3
6604,8987,0.0237669425759999,3
6604,9029,0.022125681,3
6604,9203,0.0107651565839999,3
6604,9299,0.0094043052,3
6604,9497,0.0362745987552,3
6604,9508,0.017118,3
6604,9560,0.023036506,3
6604,9564,0.059682684,3
6604,9779,0.0239877752399999,3
6604,9794,0.0095604100416,3
6604,10032,0.0036055699776,3
6604,10609,0.0424032,3
6604,11144,0.0042659433648,3
6604,11165,0.0213305905439999,3
6604,11273,0.06594,3
6604,11342,0.043732,3
6604,11366,0.024180000768,3
6604,11521,0.0142728734015999,3
6604,11524,0.017262075,3
6604,11541,0.0199725442847999,3
6604,11619,0.009392796,3
6604,11620,0.0113297258303999,3
6604,11622,0.0074952265248,3
6604,11625,0.0186699230208,3
6604,12945,0.020896808256,3
6604,13462,0.0066465197136,3
6604,13463,0.0008358803856,3
6605,7783,0.1143728,3
6605,8163,0.0172942608383999,3
6605,8773,0.054108,3
6605,8806,0.309834,3
6605,8808,0.0647530335552,3
6605,8870,0.029605043,3
6605,10147,0.0639188404992,3
6605,10251,0.0566913945216,3
6605,10609,0.1624919999999999,3
6605,11023,0.1143728,3
6605,11366,0.12822,3
6607,10641,1.0,3
6609,7603,0.5184,3
6609,8871,0.347952,3
6609,8872,0.275538,3
6609,8873,0.183222,3
6609,8874,0.1146959999999999,3
6612,11141,0.08837,3
6612,12499,0.3341925,3
6613,7620,0.29562,3
6613,7621,0.065922,3
6613,7622,0.180618,3
6613,7623,0.4180475,3
6613,12938,0.01566,3
6614,7564,0.095733204176,3
6614,8178,0.0604125392832,3
6614,10957,0.004352743,3
6614,11205,1.0,3
6614,11247,0.059192,3
6615,7783,0.017258373,3
6615,8163,0.028140827,3
6615,8549,0.0272041280784,3
6615,8609,0.0047760118991999,3
6615,8692,0.0044310324096,3
6615,8773,0.034409823,3
6615,8803,0.0381575084736,3
6615,8804,0.0100031811167999,3
6615,8805,0.0875784,3
6615,8808,0.0214777780799999,3
6615,8881,0.029596678398,3
6615,8885,0.0246903077327999,3
6615,8944,0.0280953258767999,3
6615,9299,0.2019825,3
6615,9508,0.0137678499504,3
6615,9794,0.031113065808,3
6615,9900,0.0135264330864,3
6615,10032,0.0259504128,3
6615,10147,0.0202727510399999,3
6615,10236,0.04068119619,3
6615,10251,0.012887101,3
6615,10480,0.017116675,3
6615,10609,0.0425276111136,3
6615,11023,0.018711359,3
6615,11165,0.069417532,3
6615,11202,0.0879416,3
6615,11207,0.0601726987008,3
6615,11273,0.0180436025952,3
6615,11366,0.0399606931488,3
6615,11476,0.0165341129711999,3
6615,11520,0.0958464,3
6615,11521,0.0464491426079999,3
6615,11524,0.056177095,3
6615,11538,0.0085022085312,3
6615,11541,0.064997953,3
6615,11544,0.0226253478096,3
6615,11559,0.019608912636,3
6615,11618,0.0452034625536,3
6615,11619,0.030567589,3
6615,11620,0.0368710655519999,3
6615,11621,0.014244691968,3
6615,11622,0.024392204424,3
6615,11623,0.0958464,3
6615,11625,0.060758748,3
6615,12936,0.046413065088,3
6615,12945,0.0164136021695999,3
6615,12949,0.030385245696,3
6615,12952,0.0443210966016,3
6615,12953,0.0435880816128,3
6615,15252,0.0054516928032,3
6616,6719,0.01072840428,3
6616,7553,0.0474434728416,3
6616,7603,1.944638879999969e-05,3
6616,7938,0.01893999492,3
6616,7980,0.0051335727503999,3
6616,8076,0.0026955680399999,3
6616,8158,0.0172357891199999,3
6616,8174,0.0247465184879999,3
6616,8873,0.0456488,3
6616,8874,0.0456488,3
6616,8875,0.019277374,3
6616,8922,0.01047621564,3
6616,8923,0.00753039144,3
6616,8924,0.011907217,3
6616,8987,0.0232382569056,3
6616,9029,0.0236431666176,3
6616,9203,0.0105256901904,3
6616,9411,0.0148598049599999,3
6616,9423,0.003270481,3
6616,9424,0.00518436072,3
6616,9425,0.013323,3
6616,9629,0.04026,3
6616,10042,0.534096,3
6616,10151,0.0072755178432,3
6616,10533,0.023169469,3
6616,10564,0.0325198292351999,3
6616,10966,1.0,3
6616,11342,0.0427592,3
6616,11392,0.02254286232,3
6616,11600,0.0600112,3
6616,13854,0.00030267468,3
6617,7689,0.0209986231679999,3
6617,9255,0.0011734571519999,3
6618,7564,0.1845059999999999,3
6618,8065,0.0631832,3
6618,8178,0.092766,3
6618,9307,0.0011346684767999,3
6618,9831,0.0631832,3
6618,11205,1.0,3
6618,14788,0.018005317,3
6621,11026,0.2423225,3
6622,10810,0.413785,3
6624,7625,0.5606099999999999,3
6624,8878,0.442854,3
6624,11232,0.3492479999999999,3
6624,11233,0.5642039999999999,3
6625,7064,0.07773944,3
6625,7460,0.168876138,3
6625,7475,0.7782416,3
6625,7599,0.3021787614144,3
6625,7600,0.220772,3
6625,7958,0.3826800725183999,3
6625,9551,0.0954164147327999,3
6625,9853,1.0,3
6625,10466,0.0977665385519999,3
6625,10611,0.0945644424768,3
6625,10938,0.122279878944,3
6625,11214,0.1674349786944,3
6625,11398,0.08435389,3
6625,13861,0.0444759198192,3
6626,7545,0.3049075,3
6626,7724,0.0575904,3
6626,8285,0.007692095,3
6626,9613,0.4144199999999999,3
6626,9914,0.0448656,3
6626,10095,0.0468272,3
6628,6710,0.0069222403632,3
6628,7540,0.218348,3
6628,7838,0.0870812291999999,3
6628,7940,0.0539888,3
6628,8169,0.113532,3
6628,8183,0.0096932583696,3
6628,8772,0.046432090296,3
6628,8837,0.0552567999999999,3
6628,9098,0.008259228,3
6628,9159,0.0119617249343999,3
6628,9601,1.0,3
6628,9733,0.0139288975679999,3
6628,10078,0.5118119999999999,3
6628,10417,0.0622824,3
6628,10502,0.0210159699024,3
6628,10548,0.053588,3
6628,10785,0.0286089221808,3
6628,11103,0.0756448,3
6628,11105,0.0567632,3
6628,11740,0.0029036874815999,3
6628,12059,0.0284133781008,3
6628,12554,0.055514423,3
6628,13044,0.006171844176,3
6628,13186,0.086326938672,3
6628,14754,0.021380083,3
6628,15159,0.065858324,3
6628,15404,0.103187771232,3
6628,15408,0.0253622081183999,3
6628,15500,0.0331367481839999,3
6630,7625,0.221148,3
6630,8878,0.448644,3
6630,8880,0.3499625,3
6630,11232,0.009786,3
6630,11233,0.2247419999999999,3
6631,8095,0.006709769,3
6631,8926,0.025384308024,3
6631,9099,1.0,3
6631,10380,0.4447919999999999,3
6631,11432,0.07618844748,3
6631,11966,0.0163064824416,3
6631,12120,0.2938877469216,3
6631,12551,0.2862599999999999,3
6631,12638,0.0685192,3
6632,8609,0.0588343157184,3
6632,8809,0.325878,3
6632,8810,0.5867279999999999,3
6632,8868,0.437892,3
6632,8882,0.018052579,3
6632,8883,0.1090619999999999,3
6632,9595,0.0514832369472,3
6632,9900,0.0311346440063999,3
6632,10166,0.03423,3
6632,10453,0.015822,3
6632,11612,0.431352,3
6633,7564,0.165149158072,3
6633,8178,0.1042175500704,3
6633,11205,1.0,3
6634,7064,0.080050928,3
6634,7460,0.1718112221279999,3
6634,7475,1.0,3
6634,7599,0.388284,3
6634,7600,0.2215448,3
6634,7958,0.4917239999999999,3
6634,9551,0.0982535073408,3
6634,9853,0.7782416,3
6634,10466,0.1006735092719999,3
6634,10611,0.0962079821135999,3
6634,10938,0.124405116,3
6634,11214,0.1703450156688,3
6634,11398,0.096072,3
6634,13861,0.0457983579312,3
6637,9299,0.019342491,3
6637,9794,0.0218849867712,3
6637,9898,0.021121685,3
6637,10032,0.0150115457472,3
6637,11165,0.033967881,3
6637,11521,0.0273244005312,3
6637,11524,0.0366742788048,3
6637,11537,0.0189005518416,3
6637,11541,0.0627432,3
6637,11619,0.0256101429168,3
6637,11620,0.0283334487696,3
6637,11622,0.0195012255023999,3
6637,11623,0.0016599483696,3
6637,11625,0.0515096,3
6637,12945,0.0216039980928,3
6638,8533,1.0,3
6639,7959,0.1029161289312,3
6639,8701,0.0316727452704,3
6639,9737,0.372924,3
6640,9358,0.1238939999999999,3
6640,10790,0.450108,3
6641,8154,0.3468225,3
6641,9015,0.0605056,3
6641,11190,0.445884,3
6642,7692,0.0427392,3
6642,8126,0.4167659999999999,3
6642,9242,0.1254139010784,3
6642,9700,0.0063753572783999,3
6642,9744,0.0944999999999999,3
6642,9745,0.374874,3
6642,10041,0.0264959999999999,3
6642,10762,0.055572,3
6642,10862,0.057773809896,3
6642,11024,1.0,3
6642,12161,0.1099857198527999,3
6642,12396,0.3347279999999999,3
6642,14741,0.1228150293215999,3
6642,15174,0.0833184662112,3
6643,8399,0.0657016,3
6644,9286,1.0,3
6644,9738,0.050828,3
6644,10970,0.0182130701699999,3
6644,14609,0.0016263943439999,3
6645,8154,0.3069225,3
6645,11190,0.541644,3
6646,10506,0.0479975,3
6647,8163,0.022961601792,3
6647,8549,0.0129563347104,3
6647,8609,0.0036069514079999,3
6647,8773,0.02807681,3
6647,8803,0.0265235418048,3
6647,8804,0.0069532787423999,3
6647,8805,0.0417104,3
6647,8806,0.0008778959279999,3
6647,8833,0.0014552425247999,3
6647,8885,0.0171623996304,3
6647,8944,0.0133807797407999,3
6647,9299,0.02933351451,3
6647,9508,0.0065571251423999,3
6647,9794,0.214236,3
6647,9898,0.025746904,3
6647,9900,0.010215466,3
6647,10032,0.0807959999999999,3
6647,10236,0.02097116448,3
6647,10609,0.0347005465344,3
6647,11165,0.4779899999999999,3
6647,11202,0.0611288,3
6647,11207,0.0262207613808,3
6647,11273,0.0085935102912,3
6647,11366,0.0326060612352,3
6647,11476,0.0238638078959999,3
6647,11520,0.1484864,3
6647,11521,0.3198359999999999,3
6647,11524,0.38682,3
6647,11537,0.0238352500751999,3
6647,11538,0.0098839166879999,3
6647,11541,0.4475579999999999,3
6647,11544,0.025885772,3
6647,11559,0.02279559,3
6647,11618,0.0700297499135999,3
6647,11619,0.21048,3
6647,11620,0.2538839999999999,3
6647,11621,0.022068048768,3
6647,11622,0.167958,3
6647,11623,0.1484864,3
6647,11625,0.418368,3
6647,12936,0.020224884888,3
6647,12945,0.1284291641328,3
6647,12949,0.013240627,3
6647,12952,0.0193132919616,3
6647,12953,0.0189938744928,3
6647,15252,0.003793644816,3
6648,9014,0.4180259999999999,3
6648,13626,0.507894,3
6650,9997,0.032140496,3
6650,11603,0.553668,3
6650,12473,0.006948621,3
6651,7700,1.0,3
6652,8609,0.308478,3
6652,8809,0.024882311,3
6652,8810,0.0391557213695999,3
6652,8868,0.0323632331904,3
6652,8882,0.3960774999999999,3
6652,8883,0.0104021243424,3
6652,9595,0.54357,3
6652,9900,0.043188,3
6652,10166,0.0065129487456,3
6652,10453,0.0052529874143999,3
6652,11612,0.0336945200063999,3
6653,9818,1.0,3
6654,8991,0.0492568,3
6654,14388,0.0071160313824,3
6654,14709,0.0146283829776,3
6655,7783,0.2333939999999999,3
6655,8163,0.0231653645951999,3
6655,8773,0.0229496247648,3
6655,8806,0.020094705,3
6655,8808,0.50802,3
6655,8870,0.367905,3
6655,10147,0.308304,3
6655,10251,0.124764,3
6655,10609,0.0227920959552,3
6655,11023,0.2695019999999999,3
6655,11366,0.02150791572,3
6656,7783,0.212616,3
6656,8163,0.0262383174144,3
6656,8773,0.0344999761344,3
6656,8806,0.031678959,3
6656,8808,0.4872419999999999,3
6656,8870,0.3765625,3
6656,10147,0.287526,3
6656,10251,0.1039859999999999,3
6656,10609,0.0451980838848,3
6656,11023,0.248724,3
6656,11366,0.0418152455616,3
6657,7052,0.0449,3
6657,7330,0.3993178920336,3
6657,7502,0.0595739999999999,3
6657,7807,0.1272592,3
6657,8435,0.019168035,3
6657,10195,0.022059184,3
6657,10974,0.0133036290095999,3
6657,11175,0.0038530048031999,3
6657,11246,0.028008477,3
6657,12216,0.4586856826751999,3
6657,12440,0.4668704505791999,3
6658,7338,1.0,3
6659,8803,0.0187418773824,3
6659,8804,0.0049132766111999,3
6659,8885,0.0121271733552,3
6659,9299,0.0698825,3
6659,9794,0.034712231,3
6659,10032,0.037448191,3
6659,11165,0.077447764,3
6659,11202,0.0435376,3
6659,11476,0.1472819999999999,3
6659,11520,0.1383127999999999,3
6659,11521,0.0518223874079999,3
6659,11524,0.062675671,3
6659,11541,0.072516928,3
6659,11618,0.0652316359871999,3
6659,11619,0.034103653,3
6659,11620,0.0411363167519999,3
6659,11621,0.020556048,3
6659,11622,0.027213899,3
6659,11623,0.1383127999999999,3
6659,11625,0.067787330304,3
6659,12945,0.0193241439216,3
6659,15252,0.0027055135392,3
6660,7519,0.0098366534784,3
6660,7783,0.0324275560704,3
6660,8165,0.01358297136,3
6660,8806,0.0076884446975999,3
6660,8808,0.3237124999999999,3
6660,8869,0.0864,3
6660,8870,0.597156,3
6660,9497,0.0139160242368,3
6660,9560,0.008837495,3
6660,9564,0.022896068,3
6660,9779,0.0092024301599999,3
6660,10147,0.0249474795648,3
6660,11023,0.0269109227904,3
6660,11144,0.0016365438432,3
6660,13462,0.0025498043424,3
6660,13463,0.0003206687904,3
6661,8609,0.0027221545583999,3
6661,9227,0.04564,3
6661,9299,0.010033521084,3
6661,9794,0.012371701,3
6661,9898,0.036564438,3
6661,9900,0.0077095790928,3
6661,10032,0.0046658074079999,3
6661,10236,0.144534,3
6661,11165,0.027602967,3
6661,11521,0.018469889,3
6661,11524,0.022338081,3
6661,11537,0.0327193616159999,3
6661,11538,0.1711559999999999,3
6661,11541,0.0258455793839999,3
6661,11544,0.448254,3
6661,11559,0.3947425,3
6661,11619,0.012154799,3
6661,11620,0.0146612932319999,3
6661,11622,0.009699239,3
6661,11625,0.024159915264,3
6661,12945,0.042008279,3
6662,7692,1.0,3
6662,8122,0.040956499,3
6662,8126,0.0178122454272,3
6662,8480,0.007153663872,3
6662,8778,0.0433792,3
6662,9242,0.1002620947104,3
6662,9548,0.057932,3
6662,9555,0.0240812655072,3
6662,9621,0.014593089,3
6662,9622,0.0189317492259999,3
6662,9700,0.0050967769103999,3
6662,9744,0.0040388543999999,3
6662,9745,0.0160218148608,3
6662,10041,0.0011324178431999,3
6662,10497,0.029276126784,3
6662,10591,0.0533088,3
6662,10762,0.0023751028224,3
6662,10862,0.046187249976,3
6662,10946,0.0245111566848,3
6662,11024,0.0427392,3
6662,11836,0.053228127888,3
6662,12054,0.0116978085887999,3
6662,12161,0.0879280411967999,3
6662,12396,0.0143060069376,3
6662,14741,0.0981844276895999,3
6662,15026,0.0306038221824,3
6662,15174,0.0666089155872,3
6662,15198,0.0147091926528,3
6663,10001,1.0,3
6664,8876,0.318615,3
6664,8877,0.586926,3
6664,8879,0.1259999999999999,3
6667,7904,0.0272805645,3
6667,7997,0.0417728,3
6667,8208,0.0136010565887999,3
6667,8249,0.0224292031776,3
6667,8826,0.2624339999999999,3
6667,9081,0.424986,3
6667,9861,0.0077115930623999,3
6667,9910,0.000803390832,3
6667,10153,0.486504,3
6667,10243,0.0783032,3
6667,10262,0.442944,3
6667,10871,0.0453196996704,3
6667,10989,0.012017975136,3
6667,11027,0.0228076981632,3
6667,11181,0.0432072,3
6667,11322,0.010840254408,3
6667,13053,0.0118728010031999,3
6667,13649,0.0174759015168,3
6667,14315,0.0001327325184,3
6669,8743,1.0,3
6669,10794,0.0627816,3
6670,8095,0.061741449,3
6670,8926,0.37047,3
6670,9099,0.1291439999999999,3
6670,10380,0.188772,3
6670,11432,0.0192994578,3
6670,11966,0.00413063,3
6670,12120,0.0250645479408,3
6670,12551,0.3749375,3
6670,12638,1.0,3
6672,9746,0.298332,3
6672,11627,0.023381520112,3
6673,9225,0.3654775,3
6673,11242,1.0,3
6674,7355,1.0,3
6675,6710,0.0053780629296,3
6675,7540,0.2245672,3
6675,7838,0.1175819999999999,3
6675,7940,0.0532328,3
6675,8169,0.116336,3
6675,8183,0.0075309366288,3
6675,8772,0.0475788646079999,3
6675,8837,0.0429304,3
6675,9098,0.007530232,3
6675,9159,0.0125052408,3
6675,9601,1.0,3
6675,9733,0.013308676,3
6675,10078,0.4263099999999999,3
6675,10417,0.0698688,3
6675,10502,0.0219708918,3
6675,10548,0.057264,3
6675,10785,0.0320936743295999,3
6675,11103,0.0786888,3
6675,11105,0.0592224,3
6675,11740,0.0026473952735999,3
6675,12059,0.0220750692624,3
6675,12554,0.0568855119359999,3
6675,13044,0.006358995552,3
6675,13186,0.0887857864608,3
6675,14754,0.022028401,3
6675,15159,0.067484885,3
6675,15404,0.1061268656448,3
6675,15408,0.0197045384351999,3
6675,15500,0.034642413,3
6676,11627,1.0,3
6677,9758,0.011431692932,3
6679,7338,1.0,3
6680,8991,0.0462408,3
6680,9225,0.464586,3
6680,11242,1.0,3
6680,14388,0.0066803158943999,3
6680,14709,0.0137326852656,3
6682,7553,0.583308,3
6682,9029,0.290688,3
6682,10042,0.0434408049792,3
6682,10966,0.0813352,3
6683,7692,0.4528619999999999,3
6683,9555,0.275802,3
6683,11836,0.458742,3
6686,7603,0.02820784464,3
6686,8871,0.0269095518912,3
6686,8872,0.023304146,3
6686,8876,0.5047619999999999,3
6686,8877,0.35285,3
6686,8987,0.0264616743072,3
6686,9029,0.0246343235952,3
6686,9203,0.0119857262448,3
6686,10245,0.0010153468368,3
6686,10998,0.02211,3
6686,11342,0.0486904,3
6687,10178,1.0,3
6688,9316,1.0,3
6688,9829,0.18219,3
6689,10868,1.0,3
6689,13376,0.001612328544,3
6691,8321,0.014310685584,3
6691,8666,0.182964,3
6691,9780,1.0,3
6692,7619,0.006485955624,3
6692,7620,0.032427004,3
6692,7621,0.019149540336,3
6692,7622,0.02577942792,3
6692,7623,0.057804,3
6692,7624,0.012520693224,3
6692,9227,1.0,3
6692,9898,0.018020923,3
6692,10236,0.040377369,3
6692,11524,0.0005051297664,3
6692,11537,0.0161258620656,3
6692,11538,0.0078115598399999,3
6692,11544,0.0204583125599999,3
6692,11559,0.018016048,3
6692,11619,0.0048988965647999,3
6692,11620,0.0055990287359999,3
6692,12945,0.034544902,3
6693,7564,0.1736279999999999,3
6693,8178,0.1033724824704,3
6693,11205,1.0,3
6694,8399,0.1140368,3
6695,9980,0.096984,3
6695,10296,1.0,3
6695,10787,0.193296,3
6696,9525,0.570414,3
6696,9526,1.0,3
